TITEL,BESCHREIBUNG,PREIS,WÄHRUNGSCODE,STÜCKZAHL,TAGS,MATERIALIEN,BILD1,BILD2,BILD3,BILD4,BILD5,BILD6,BILD7,BILD8,BILD9,BILD10,"VARIATIONSTYP 1","VARIATIONSNAME 1","VARIATIONSWERT 1","VARIATIONSTYP 2","VARIATIONSNAME 2","VARIATIONSWERT 2","VARIATIONSTYP 3","VARIATIONSNAME 3","VARIATIONSWERT 3",BESTANDSEINHEIT
"Kommunikationsbuch Ukrainisch Deutsch Ausdrucken  Zeigetafeln A4 für Patienten die nicht sprechen können Klinik Pflegeheim Pflege zu Hause","Не можете говорити — покажіть.
Вас зрозуміють і без німецької.

Zeigen statt sprechen. Verstanden werden ohne ein Wort.

---

WENN JEMAND NICHT SPRECHEN KANN

Ein Beatmungsschlauch. Eine Trachealkanüle. Die Nachwirkungen einer Narkose.
Ein Schlaganfall. Große Schwäche. Oder einfach: die falsche Sprache im
falschen Moment.

Der Mensch ist wach. Er versteht alles. Er kann nur nicht antworten.

Für Angehörige ist das einer der hilflosesten Momente überhaupt — man steht am
Bett und weiß nicht, ob der andere Schmerzen hat, Durst, Angst oder einfach
nur die Brille möchte. Für Pflegekräfte kostet es Zeit, die niemand hat.

Dieses Buch löst das mit großen, sofort erkennbaren Tafeln zum Draufzeigen.

---

FÜR WEN DIESES BUCH IST

✔ Angehörige, die jemanden im Krankenhaus oder zu Hause begleiten
✔ Familien mit Sprachbarriere — bevor der Notfall kommt
✔ Menschen nach Operationen, Schlaganfall oder mit Trachealkanüle
✔ Pflegekräfte auf Intensiv- und Normalstationen
✔ Pflegeheime, Pflegedienste, Praxen und Reha-Einrichtungen

Einsetzbar überall: Intensivstation, Normalstation, Reha, Pflegeheim,
ambulante Pflege und zu Hause.

---

ZWEISPRACHIG — UND DAS IST DER ENTSCHEIDENDE PUNKT

Auf jeder Tafel steht der Begriff in beiden Sprachen: oben groß auf Deutsch,
darunter in {ZS_NATIV}.

Die Patientin zeigt auf ihr Wort. Pflegekraft und Ärztin lesen das deutsche
mit. Dieselbe Seite dient beiden Seiten — niemand muss übersetzen, niemand
muss raten.

Genau deshalb funktioniert es auch dann, wenn kein Dolmetscher da ist. Und
nachts ist selten einer da.

---

WAS DRIN IST · 24 SEITEN A4

Grundsignale — Ja, Nein, Weiß nicht, Verstehe nicht, Hilfe
Schmerz, wie stark — Skala von 0 bis 10, groß und eindeutig
Schmerz, wo — Körperschema von vorne und von hinten zum Draufzeigen
Atmung und Beatmung — keine Luft, Tubus stört, bitte absaugen, Mund trocken
Grundbedürfnisse — Durst, Hunger, Toilette, kalt, heiß, anders lagern
Orientierung — Welcher Tag? Wie spät? Ist der Eingriff vorbei? Wo bin ich?
Symptome — Übelkeit, Schwindel, Juckreiz, Kopfschmerz, Brustschmerz, Schwäche
Gefühle — Angst, Unruhe, traurig, verwirrt, einsam, erleichtert
Kontakt zum Team — Frage, bitte erklären, Arzt, Pflegekraft, Familie, bleiben
Persönliches — Brille, Hörgerät, Handy, Musik, Familie, eigene Sachen
Alphabet und Zahlen — zum Buchstabieren, wenn kein Feld passt
Eigene Begriffe — Platz für Namen und persönliche Wörter

Dazu: eine Anleitung für Angehörige, eine Seite mit Hinweisen für Pflegende
und Fachkräfte, und ein Schnellzugriff hinten im Buch.

---

WAS DIESES BUCH BESONDERS MACHT

→ Farbige Griffmarken am Seitenrand — die richtige Tafel ist in Sekunden da,
  ohne Blättern und ohne Suchen
→ Ja, Nein und Hilfe stehen vorne UND hinten im Buch. Egal von welcher Seite
  aufgeschlagen wird, das Wichtigste ist sofort erreichbar
→ Große Schrift, klare Symbole, wenige Felder pro Seite — nutzbar auch bei
  schlechten Augen und schwacher Konzentration
→ Farbe ist nie die einzige Information. Jedes Feld hat Symbol und Wort dazu
→ Eine eigene Tafel für Beatmung und Trachealkanüle — die fehlt in fast allen
  allgemeinen Kommunikationstafeln
→ Eine eigene Tafel für Orientierung. „Welcher Tag ist heute?“ gehört zu den
  häufigsten Fragen nach einer Narkose und wird fast nie mit abgebildet
→ Alle Felder sind als Mitteilung an das Personal formuliert, nie als
  Anweisung an Angehörige

---

BEWUSST SICHER FORMULIERT

Auf den Tafeln steht „Durst — bitte mit der Pflegekraft oder dem Arzt
abklären“ und nicht „gib mir etwas zu trinken“.

Das ist kein Zufall. Nach Operationen, bei Schluckstörungen und bei Beatmung
kann ein einziger Schluck Wasser gefährlich werden. Ein Kommunikationsmittel
darf niemals wie eine Handlungsanweisung wirken. Dasselbe gilt für Lagerung
und Aufsetzen.

---

DIESES BUCH GIBT ES IN MEHREREN SPRACHEN

{MEHR_SPRACHEN}
Ця книга для спілкування доступна також іншими мовами. Якщо потрібної
мови немає в списку, напишіть мені перед покупкою.
Verfügbar als: Deutsch · Deutsch–Türkisch · Deutsch–Russisch ·
Deutsch–Polnisch · Deutsch–Ukrainisch · Deutsch–Arabisch

Weitere Sprachkombinationen auf Anfrage — schreiben Sie mir einfach vor dem
Kauf, was Sie brauchen.

Für Einrichtungen: Wenn Sie mehrere Exemplare in verschiedenen Sprachen
benötigen, zum Beispiel für die Bettplätze einer Station oder für einen
Pflegedienst, schreiben Sie mir. Das lässt sich unkompliziert
zusammenstellen.

---

WAS SIE BEKOMMEN

- Das komplette Kommunikationsbuch als PDF, A4, 24 Seiten
- Sofort nach dem Kauf herunterladen — auch nachts, auch am Wochenende
- Zum Ausdrucken zu Hause, im Copyshop oder auf Station
- Einzelne Seiten können Sie beliebig oft nachdrucken und laminieren
- Es wird nichts verschickt

TIPP: Die Tafeln, die Sie am häufigsten brauchen — meist Grundsignale und
Schmerz — einzeln ausdrucken und laminieren. Dann bleiben sie am Bett, auch
wenn das Buch gerade woanders liegt.

NUTZUNG: Sie dürfen so viele Kopien ausdrucken, wie Sie für die Betreuung
Ihres Angehörigen brauchen. Weiterverkauf, Veröffentlichung und die
Verwendung als Formularsatz einer Einrichtung sind nicht gestattet — für
Einrichtungen schreiben Sie mich bitte an.

HINWEIS: Dieses Buch ist eine Kommunikationshilfe. Es ist kein Medizinprodukt,
keine Diagnosehilfe und kein Ersatz für die Einschätzung durch Pflegekräfte
oder Ärztinnen und Ärzte.

Entwickelt von Paul Rawe, Fachkrankenpfleger für Intensiv- und
Anästhesiepflege mit über 15 Jahren Erfahrung auf interdisziplinären
Intensivstationen, ehemaliger Leiter einer Intensivstation mit 23 Betten.

intensivstation-ratgeber.de",7.54,EUR,999,"Kommunikationshilfe,Zeigetafeln,Sprachbarriere,Pflege_zu_Hause,pflegende_Angehörige,Intensivstation,українська_німецька,спілкування_пацієнт,таблиця_спілкування,ukrainisch_deutsch,Zeigetafeln_ukrainisch,Sprachbarriere_Klinik,Pflege_Ukraine",,https://i.etsystatic.com/64486107/r/il/0d1fa0/8581277409/il_fullxfull.8581277409_tfbc.jpg,https://i.etsystatic.com/64486107/r/il/8308ce/8581277637/il_fullxfull.8581277637_aokc.jpg,https://i.etsystatic.com/64486107/r/il/48d8b4/8533413938/il_fullxfull.8533413938_pvpa.jpg,https://i.etsystatic.com/64486107/r/il/688d76/8581278483/il_fullxfull.8581278483_tsz8.jpg,,,,,,,,,,,,,,,,
"Kommunikationsbuch Türkisch Deutsch zum Ausdrucken  Zeigetafeln A4 für Patienten die nicht sprechen können Klinik Pflegeheim Pflege zu Hause","Konuşamıyorsanız gösterin.
Almanca bilmeseniz de anlaşılın.
Zeigen statt sprechen. Verstanden werden ohne ein Wort.

---

WENN JEMAND NICHT SPRECHEN KANN

Ein Beatmungsschlauch. Eine Trachealkanüle. Die Nachwirkungen einer Narkose.
Ein Schlaganfall. Große Schwäche. Oder einfach: die falsche Sprache im
falschen Moment.

Der Mensch ist wach. Er versteht alles. Er kann nur nicht antworten.

Für Angehörige ist das einer der hilflosesten Momente überhaupt — man steht am
Bett und weiß nicht, ob der andere Schmerzen hat, Durst, Angst oder einfach
nur die Brille möchte. Für Pflegekräfte kostet es Zeit, die niemand hat.

Dieses Buch löst das mit großen, sofort erkennbaren Tafeln zum Draufzeigen.

---

FÜR WEN DIESES BUCH IST

✔ Angehörige, die jemanden im Krankenhaus oder zu Hause begleiten
✔ Familien mit Sprachbarriere — bevor der Notfall kommt
✔ Menschen nach Operationen, Schlaganfall oder mit Trachealkanüle
✔ Pflegekräfte auf Intensiv- und Normalstationen
✔ Pflegeheime, Pflegedienste, Praxen und Reha-Einrichtungen

Einsetzbar überall: Intensivstation, Normalstation, Reha, Pflegeheim,
ambulante Pflege und zu Hause.

---

ZWEISPRACHIG — UND DAS IST DER ENTSCHEIDENDE PUNKT

Auf jeder Tafel steht der Begriff in beiden Sprachen: oben groß auf Deutsch,
darunter in {ZS_NATIV}.

Die Patientin zeigt auf ihr Wort. Pflegekraft und Ärztin lesen das deutsche
mit. Dieselbe Seite dient beiden Seiten — niemand muss übersetzen, niemand
muss raten.

Genau deshalb funktioniert es auch dann, wenn kein Dolmetscher da ist. Und
nachts ist selten einer da.

---

WAS DRIN IST · 24 SEITEN A4

Grundsignale — Ja, Nein, Weiß nicht, Verstehe nicht, Hilfe
Schmerz, wie stark — Skala von 0 bis 10, groß und eindeutig
Schmerz, wo — Körperschema von vorne und von hinten zum Draufzeigen
Atmung und Beatmung — keine Luft, Tubus stört, bitte absaugen, Mund trocken
Grundbedürfnisse — Durst, Hunger, Toilette, kalt, heiß, anders lagern
Orientierung — Welcher Tag? Wie spät? Ist der Eingriff vorbei? Wo bin ich?
Symptome — Übelkeit, Schwindel, Juckreiz, Kopfschmerz, Brustschmerz, Schwäche
Gefühle — Angst, Unruhe, traurig, verwirrt, einsam, erleichtert
Kontakt zum Team — Frage, bitte erklären, Arzt, Pflegekraft, Familie, bleiben
Persönliches — Brille, Hörgerät, Handy, Musik, Familie, eigene Sachen
Alphabet und Zahlen — zum Buchstabieren, wenn kein Feld passt
Eigene Begriffe — Platz für Namen und persönliche Wörter

Dazu: eine Anleitung für Angehörige, eine Seite mit Hinweisen für Pflegende
und Fachkräfte, und ein Schnellzugriff hinten im Buch.

---

WAS DIESES BUCH BESONDERS MACHT

→ Farbige Griffmarken am Seitenrand — die richtige Tafel ist in Sekunden da,
  ohne Blättern und ohne Suchen
→ Ja, Nein und Hilfe stehen vorne UND hinten im Buch. Egal von welcher Seite
  aufgeschlagen wird, das Wichtigste ist sofort erreichbar
→ Große Schrift, klare Symbole, wenige Felder pro Seite — nutzbar auch bei
  schlechten Augen und schwacher Konzentration
→ Farbe ist nie die einzige Information. Jedes Feld hat Symbol und Wort dazu
→ Eine eigene Tafel für Beatmung und Trachealkanüle — die fehlt in fast allen
  allgemeinen Kommunikationstafeln
→ Eine eigene Tafel für Orientierung. „Welcher Tag ist heute?“ gehört zu den
  häufigsten Fragen nach einer Narkose und wird fast nie mit abgebildet
→ Alle Felder sind als Mitteilung an das Personal formuliert, nie als
  Anweisung an Angehörige

---

BEWUSST SICHER FORMULIERT

Auf den Tafeln steht „Durst — bitte mit der Pflegekraft oder dem Arzt
abklären“ und nicht „gib mir etwas zu trinken“.

Das ist kein Zufall. Nach Operationen, bei Schluckstörungen und bei Beatmung
kann ein einziger Schluck Wasser gefährlich werden. Ein Kommunikationsmittel
darf niemals wie eine Handlungsanweisung wirken. Dasselbe gilt für Lagerung
und Aufsetzen.

---

DIESES BUCH GIBT ES IN MEHREREN SPRACHEN

{MEHR_SPRACHEN}
Bu iletişim kitabı başka dillerde de mevcuttur. İhtiyacınız olan dil
listede yoksa, satın almadan önce bana yazmanız yeterli.
Verfügbar als: Deutsch · Deutsch–Türkisch · Deutsch–Russisch ·
Deutsch–Polnisch · Deutsch–Ukrainisch · Deutsch–Arabisch

Weitere Sprachkombinationen auf Anfrage — schreiben Sie mir einfach vor dem
Kauf, was Sie brauchen.

Für Einrichtungen: Wenn Sie mehrere Exemplare in verschiedenen Sprachen
benötigen, zum Beispiel für die Bettplätze einer Station oder für einen
Pflegedienst, schreiben Sie mir. Das lässt sich unkompliziert
zusammenstellen.

---

WAS SIE BEKOMMEN

- Das komplette Kommunikationsbuch als PDF, A4, 24 Seiten
- Sofort nach dem Kauf herunterladen — auch nachts, auch am Wochenende
- Zum Ausdrucken zu Hause, im Copyshop oder auf Station
- Einzelne Seiten können Sie beliebig oft nachdrucken und laminieren
- Es wird nichts verschickt

TIPP: Die Tafeln, die Sie am häufigsten brauchen — meist Grundsignale und
Schmerz — einzeln ausdrucken und laminieren. Dann bleiben sie am Bett, auch
wenn das Buch gerade woanders liegt.

NUTZUNG: Sie dürfen so viele Kopien ausdrucken, wie Sie für die Betreuung
Ihres Angehörigen brauchen. Weiterverkauf, Veröffentlichung und die
Verwendung als Formularsatz einer Einrichtung sind nicht gestattet — für
Einrichtungen schreiben Sie mich bitte an.

HINWEIS: Dieses Buch ist eine Kommunikationshilfe. Es ist kein Medizinprodukt,
keine Diagnosehilfe und kein Ersatz für die Einschätzung durch Pflegekräfte
oder Ärztinnen und Ärzte.

Entwickelt von Paul Rawe, Fachkrankenpfleger für Intensiv- und
Anästhesiepflege mit über 15 Jahren Erfahrung auf interdisziplinären
Intensivstationen, ehemaliger Leiter einer Intensivstation mit 23 Betten.

intensivstation-ratgeber.de",7.54,EUR,999,"Kommunikationshilfe,Zeigetafeln,Sprachbarriere,Pflege_zu_Hause,pflegende_Angehörige,Intensivstation,Türkçe_Almanca,iletişim_kitabı,hasta_iletişim,gösterme_tablosu,türkisch_deutsch,Zeigetafeln_türkisch,Beatmung_Tubus",,https://i.etsystatic.com/64486107/r/il/4afc8c/8533393816/il_fullxfull.8533393816_aesy.jpg,https://i.etsystatic.com/64486107/r/il/0a6395/8581258073/il_fullxfull.8581258073_9z9g.jpg,https://i.etsystatic.com/64486107/r/il/3e7ef4/8581258387/il_fullxfull.8581258387_b8ql.jpg,https://i.etsystatic.com/64486107/r/il/ed62b1/8581259325/il_fullxfull.8581259325_4kqr.jpg,https://i.etsystatic.com/64486107/r/il/269d08/8533395664/il_fullxfull.8533395664_38y5.jpg,https://i.etsystatic.com/64486107/r/il/ea897f/8533395656/il_fullxfull.8533395656_8z7s.jpg,https://i.etsystatic.com/64486107/r/il/a96318/8533395654/il_fullxfull.8533395654_m8o1.jpg,https://i.etsystatic.com/64486107/r/il/682de0/8581259327/il_fullxfull.8581259327_65sp.jpg,https://i.etsystatic.com/64486107/r/il/683cbb/8581259335/il_fullxfull.8581259335_g98j.jpg,,,,,,,,,,,
"Kommunikationsbuch Russisch Deutsch zum Ausdrucken  Zeigetafeln A4 für Patienten die nicht sprechen können Klinik Pflegeheim Pflege zu Hause","Не можете говорить — покажите.
 Вас поймут и без немецкого.
Zeigen statt sprechen. Verstanden werden ohne ein Wort.

---

WENN JEMAND NICHT SPRECHEN KANN

Ein Beatmungsschlauch. Eine Trachealkanüle. Die Nachwirkungen einer Narkose.
Ein Schlaganfall. Große Schwäche. Oder einfach: die falsche Sprache im
falschen Moment.

Der Mensch ist wach. Er versteht alles. Er kann nur nicht antworten.

Für Angehörige ist das einer der hilflosesten Momente überhaupt — man steht am
Bett und weiß nicht, ob der andere Schmerzen hat, Durst, Angst oder einfach
nur die Brille möchte. Für Pflegekräfte kostet es Zeit, die niemand hat.

Dieses Buch löst das mit großen, sofort erkennbaren Tafeln zum Draufzeigen.

---

FÜR WEN DIESES BUCH IST

✔ Angehörige, die jemanden im Krankenhaus oder zu Hause begleiten
✔ Familien mit Sprachbarriere — bevor der Notfall kommt
✔ Menschen nach Operationen, Schlaganfall oder mit Trachealkanüle
✔ Pflegekräfte auf Intensiv- und Normalstationen
✔ Pflegeheime, Pflegedienste, Praxen und Reha-Einrichtungen

Einsetzbar überall: Intensivstation, Normalstation, Reha, Pflegeheim,
ambulante Pflege und zu Hause.

---

ZWEISPRACHIG — UND DAS IST DER ENTSCHEIDENDE PUNKT

Auf jeder Tafel steht der Begriff in beiden Sprachen: oben groß auf Deutsch,
darunter in {ZS_NATIV}.

Die Patientin zeigt auf ihr Wort. Pflegekraft und Ärztin lesen das deutsche
mit. Dieselbe Seite dient beiden Seiten — niemand muss übersetzen, niemand
muss raten.

Genau deshalb funktioniert es auch dann, wenn kein Dolmetscher da ist. Und
nachts ist selten einer da.

---

WAS DRIN IST · 24 SEITEN A4

Grundsignale — Ja, Nein, Weiß nicht, Verstehe nicht, Hilfe
Schmerz, wie stark — Skala von 0 bis 10, groß und eindeutig
Schmerz, wo — Körperschema von vorne und von hinten zum Draufzeigen
Atmung und Beatmung — keine Luft, Tubus stört, bitte absaugen, Mund trocken
Grundbedürfnisse — Durst, Hunger, Toilette, kalt, heiß, anders lagern
Orientierung — Welcher Tag? Wie spät? Ist der Eingriff vorbei? Wo bin ich?
Symptome — Übelkeit, Schwindel, Juckreiz, Kopfschmerz, Brustschmerz, Schwäche
Gefühle — Angst, Unruhe, traurig, verwirrt, einsam, erleichtert
Kontakt zum Team — Frage, bitte erklären, Arzt, Pflegekraft, Familie, bleiben
Persönliches — Brille, Hörgerät, Handy, Musik, Familie, eigene Sachen
Alphabet und Zahlen — zum Buchstabieren, wenn kein Feld passt
Eigene Begriffe — Platz für Namen und persönliche Wörter

Dazu: eine Anleitung für Angehörige, eine Seite mit Hinweisen für Pflegende
und Fachkräfte, und ein Schnellzugriff hinten im Buch.

---

WAS DIESES BUCH BESONDERS MACHT

→ Farbige Griffmarken am Seitenrand — die richtige Tafel ist in Sekunden da,
  ohne Blättern und ohne Suchen
→ Ja, Nein und Hilfe stehen vorne UND hinten im Buch. Egal von welcher Seite
  aufgeschlagen wird, das Wichtigste ist sofort erreichbar
→ Große Schrift, klare Symbole, wenige Felder pro Seite — nutzbar auch bei
  schlechten Augen und schwacher Konzentration
→ Farbe ist nie die einzige Information. Jedes Feld hat Symbol und Wort dazu
→ Eine eigene Tafel für Beatmung und Trachealkanüle — die fehlt in fast allen
  allgemeinen Kommunikationstafeln
→ Eine eigene Tafel für Orientierung. „Welcher Tag ist heute?“ gehört zu den
  häufigsten Fragen nach einer Narkose und wird fast nie mit abgebildet
→ Alle Felder sind als Mitteilung an das Personal formuliert, nie als
  Anweisung an Angehörige

---

BEWUSST SICHER FORMULIERT

Auf den Tafeln steht „Durst — bitte mit der Pflegekraft oder dem Arzt
abklären“ und nicht „gib mir etwas zu trinken“.

Das ist kein Zufall. Nach Operationen, bei Schluckstörungen und bei Beatmung
kann ein einziger Schluck Wasser gefährlich werden. Ein Kommunikationsmittel
darf niemals wie eine Handlungsanweisung wirken. Dasselbe gilt für Lagerung
und Aufsetzen.

---

DIESES BUCH GIBT ES IN MEHREREN SPRACHEN

{MEHR_SPRACHEN}
Эта коммуникационная книга доступна и на других языках. Если нужного
языка нет в списке, напишите мне перед покупкой.
Verfügbar als: Deutsch · Deutsch–Türkisch · Deutsch–Russisch ·
Deutsch–Polnisch · Deutsch–Ukrainisch · Deutsch–Arabisch

Weitere Sprachkombinationen auf Anfrage — schreiben Sie mir einfach vor dem
Kauf, was Sie brauchen.

Für Einrichtungen: Wenn Sie mehrere Exemplare in verschiedenen Sprachen
benötigen, zum Beispiel für die Bettplätze einer Station oder für einen
Pflegedienst, schreiben Sie mir. Das lässt sich unkompliziert
zusammenstellen.

---

WAS SIE BEKOMMEN

- Das komplette Kommunikationsbuch als PDF, A4, 24 Seiten
- Sofort nach dem Kauf herunterladen — auch nachts, auch am Wochenende
- Zum Ausdrucken zu Hause, im Copyshop oder auf Station
- Einzelne Seiten können Sie beliebig oft nachdrucken und laminieren
- Es wird nichts verschickt

TIPP: Die Tafeln, die Sie am häufigsten brauchen — meist Grundsignale und
Schmerz — einzeln ausdrucken und laminieren. Dann bleiben sie am Bett, auch
wenn das Buch gerade woanders liegt.

NUTZUNG: Sie dürfen so viele Kopien ausdrucken, wie Sie für die Betreuung
Ihres Angehörigen brauchen. Weiterverkauf, Veröffentlichung und die
Verwendung als Formularsatz einer Einrichtung sind nicht gestattet — für
Einrichtungen schreiben Sie mich bitte an.

HINWEIS: Dieses Buch ist eine Kommunikationshilfe. Es ist kein Medizinprodukt,
keine Diagnosehilfe und kein Ersatz für die Einschätzung durch Pflegekräfte
oder Ärztinnen und Ärzte.

Entwickelt von Paul Rawe, Fachkrankenpfleger für Intensiv- und
Anästhesiepflege mit über 15 Jahren Erfahrung auf interdisziplinären
Intensivstationen, ehemaliger Leiter einer Intensivstation mit 23 Betten.

intensivstation-ratgeber.de",7.54,EUR,999,"Kommunikationshilfe,Zeigetafeln,Sprachbarriere,Pflege_zu_Hause,pflegende_Angehörige,Intensivstation,русский_немецкий,общение_пациент,таблица_общения,russisch_deutsch,Zeigetafeln_russisch,Sprachbarriere_Klinik,Beatmung_Tubus",,https://i.etsystatic.com/64486107/r/il/1562f1/8581238985/il_fullxfull.8581238985_7zok.jpg,https://i.etsystatic.com/64486107/r/il/e85a23/8533375620/il_fullxfull.8533375620_t3fg.jpg,https://i.etsystatic.com/64486107/r/il/864ff3/8533375876/il_fullxfull.8533375876_3pf7.jpg,https://i.etsystatic.com/64486107/r/il/7328e7/8533376166/il_fullxfull.8533376166_46y9.jpg,https://i.etsystatic.com/64486107/r/il/e62134/8533376170/il_fullxfull.8533376170_30iw.jpg,https://i.etsystatic.com/64486107/r/il/7d132c/8533376180/il_fullxfull.8533376180_eo21.jpg,https://i.etsystatic.com/64486107/r/il/4c2d9f/8581239767/il_fullxfull.8581239767_3xke.jpg,https://i.etsystatic.com/64486107/r/il/76d861/8533376182/il_fullxfull.8533376182_fygx.jpg,https://i.etsystatic.com/64486107/r/il/0e9619/8533376178/il_fullxfull.8533376178_jgv3.jpg,,,,,,,,,,,
"Kommunikationsbuch Arabisch Deutsch zum Ausdrucken Zeigetafeln A4 für Patienten die nicht sprechen können, Klinik Pflegeheim Pflege zu Hause","Zeigen statt sprechen. Verstanden werden ohne ein Wort.

---

WENN JEMAND NICHT SPRECHEN KANN

Ein Beatmungsschlauch. Eine Trachealkanüle. Die Nachwirkungen einer Narkose.
Ein Schlaganfall. Große Schwäche. Oder einfach: die falsche Sprache im
falschen Moment.

Der Mensch ist wach. Er versteht alles. Er kann nur nicht antworten.

Für Angehörige ist das einer der hilflosesten Momente überhaupt — man steht am
Bett und weiß nicht, ob der andere Schmerzen hat, Durst, Angst oder einfach
nur die Brille möchte. Für Pflegekräfte kostet es Zeit, die niemand hat.

Dieses Buch löst das mit großen, sofort erkennbaren Tafeln zum Draufzeigen.

---

FÜR WEN DIESES BUCH IST

✔ Angehörige, die jemanden im Krankenhaus oder zu Hause begleiten
✔ Familien mit Sprachbarriere — bevor der Notfall kommt
✔ Menschen nach Operationen, Schlaganfall oder mit Trachealkanüle
✔ Pflegekräfte auf Intensiv- und Normalstationen
✔ Pflegeheime, Pflegedienste, Praxen und Reha-Einrichtungen

Einsetzbar überall: Intensivstation, Normalstation, Reha, Pflegeheim,
ambulante Pflege und zu Hause.

---

ZWEISPRACHIG — UND DAS IST DER ENTSCHEIDENDE PUNKT

Auf jeder Tafel steht der Begriff in beiden Sprachen: oben groß auf Deutsch,
darunter in العربية.

Die Patientin zeigt auf ihr Wort. Pflegekraft und Ärztin lesen das deutsche
mit. Dieselbe Seite dient beiden Seiten — niemand muss übersetzen, niemand
muss raten.

Genau deshalb funktioniert es auch dann, wenn kein Dolmetscher da ist. Und
nachts ist selten einer da.

---

WAS DRIN IST · 24 SEITEN A4

Grundsignale — Ja, Nein, Weiß nicht, Verstehe nicht, Hilfe
Schmerz, wie stark — Skala von 0 bis 10, groß und eindeutig
Schmerz, wo — Körperschema von vorne und von hinten zum Draufzeigen
Atmung und Beatmung — keine Luft, Tubus stört, bitte absaugen, Mund trocken
Grundbedürfnisse — Durst, Hunger, Toilette, kalt, heiß, anders lagern
Orientierung — Welcher Tag? Wie spät? Ist der Eingriff vorbei? Wo bin ich?
Symptome — Übelkeit, Schwindel, Juckreiz, Kopfschmerz, Brustschmerz, Schwäche
Gefühle — Angst, Unruhe, traurig, verwirrt, einsam, erleichtert
Kontakt zum Team — Frage, bitte erklären, Arzt, Pflegekraft, Familie, bleiben
Persönliches — Brille, Hörgerät, Handy, Musik, Familie, eigene Sachen
Alphabet und Zahlen — zum Buchstabieren, wenn kein Feld passt
Eigene Begriffe — Platz für Namen und persönliche Wörter

Dazu: eine Anleitung für Angehörige, eine Seite mit Hinweisen für Pflegende
und Fachkräfte, und ein Schnellzugriff hinten im Buch.

---

WAS DIESES BUCH BESONDERS MACHT

→ Farbige Griffmarken am Seitenrand — die richtige Tafel ist in Sekunden da,
  ohne Blättern und ohne Suchen
→ Ja, Nein und Hilfe stehen vorne UND hinten im Buch. Egal von welcher Seite
  aufgeschlagen wird, das Wichtigste ist sofort erreichbar
→ Große Schrift, klare Symbole, wenige Felder pro Seite — nutzbar auch bei
  schlechten Augen und schwacher Konzentration
→ Farbe ist nie die einzige Information. Jedes Feld hat Symbol und Wort dazu
→ Eine eigene Tafel für Beatmung und Trachealkanüle — die fehlt in fast allen
  allgemeinen Kommunikationstafeln
→ Eine eigene Tafel für Orientierung. „Welcher Tag ist heute?“ gehört zu den
  häufigsten Fragen nach einer Narkose und wird fast nie mit abgebildet
→ Alle Felder sind als Mitteilung an das Personal formuliert, nie als
  Anweisung an Angehörige

---

BEWUSST SICHER FORMULIERT

Auf den Tafeln steht „Durst — bitte mit der Pflegekraft oder dem Arzt
abklären“ und nicht „gib mir etwas zu trinken“.

Das ist kein Zufall. Nach Operationen, bei Schluckstörungen und bei Beatmung
kann ein einziger Schluck Wasser gefährlich werden. Ein Kommunikationsmittel
darf niemals wie eine Handlungsanweisung wirken. Dasselbe gilt für Lagerung
und Aufsetzen.

---

DIESES BUCH GIBT ES IN MEHREREN SPRACHEN

{MEHR_SPRACHEN}

Verfügbar als: Deutsch · Deutsch–Türkisch · Deutsch–Russisch ·
Deutsch–Polnisch · Deutsch–Ukrainisch · Deutsch–Arabisch

Weitere Sprachkombinationen auf Anfrage — schreiben Sie mir einfach vor dem
Kauf, was Sie brauchen.

Für Einrichtungen: Wenn Sie mehrere Exemplare in verschiedenen Sprachen
benötigen, zum Beispiel für die Bettplätze einer Station oder für einen
Pflegedienst, schreiben Sie mir. Das lässt sich unkompliziert
zusammenstellen.

---

WAS SIE BEKOMMEN

- Das komplette Kommunikationsbuch als PDF, A4, 24 Seiten
- Sofort nach dem Kauf herunterladen — auch nachts, auch am Wochenende
- Zum Ausdrucken zu Hause, im Copyshop oder auf Station
- Einzelne Seiten können Sie beliebig oft nachdrucken und laminieren
- Es wird nichts verschickt

TIPP: Die Tafeln, die Sie am häufigsten brauchen — meist Grundsignale und
Schmerz — einzeln ausdrucken und laminieren. Dann bleiben sie am Bett, auch
wenn das Buch gerade woanders liegt.

NUTZUNG: Sie dürfen so viele Kopien ausdrucken, wie Sie für die Betreuung
Ihres Angehörigen brauchen. Weiterverkauf, Veröffentlichung und die
Verwendung als Formularsatz einer Einrichtung sind nicht gestattet — für
Einrichtungen schreiben Sie mich bitte an.

HINWEIS: Dieses Buch ist eine Kommunikationshilfe. Es ist kein Medizinprodukt,
keine Diagnosehilfe und kein Ersatz für die Einschätzung durch Pflegekräfte
oder Ärztinnen und Ärzte.

Entwickelt von Paul Rawe, Fachkrankenpfleger für Intensiv- und
Anästhesiepflege mit über 15 Jahren Erfahrung auf interdisziplinären
Intensivstationen, ehemaliger Leiter einer Intensivstation mit 23 Betten.

intensivstation-ratgeber.de",7.54,EUR,999,"Kommunikationshilfe,Zeigetafeln,Sprachbarriere,Pflege_zu_Hause,pflegende_Angehörige,Intensivstation,عربي_ألماني,كتاب_التواصل,لوحة_تواصل,arabisch_deutsch,Zeigetafeln_arabisch,Sprachbarriere_Klinik,Beatmung_Tubus",,https://i.etsystatic.com/64486107/r/il/993d7f/8581202379/il_fullxfull.8581202379_q50r.jpg,https://i.etsystatic.com/64486107/r/il/80457c/8581202887/il_fullxfull.8581202887_2xoc.jpg,https://i.etsystatic.com/64486107/r/il/1bde38/8533340016/il_fullxfull.8533340016_jsq6.jpg,https://i.etsystatic.com/64486107/r/il/b47a64/8581204119/il_fullxfull.8581204119_c99u.jpg,https://i.etsystatic.com/64486107/r/il/3e4d21/8581204115/il_fullxfull.8581204115_hx8k.jpg,https://i.etsystatic.com/64486107/r/il/0fafa4/8581204149/il_fullxfull.8581204149_49vv.jpg,https://i.etsystatic.com/64486107/r/il/bc4c4a/8581204123/il_fullxfull.8581204123_aoi5.jpg,https://i.etsystatic.com/64486107/r/il/d1b7a8/8533340378/il_fullxfull.8533340378_cff7.jpg,https://i.etsystatic.com/64486107/r/il/360846/8533340386/il_fullxfull.8533340386_srjo.jpg,,,,,,,,,,,
"Kommunikationsbuch Deutsch - Polnisch zum Ausdrucken –Zeigetafeln A4 für Pat. die nicht sprechen können, Klinik Pflegeheim Pflege zu Hause","Nie możesz mówić — pokaż.
Zrozumieją Cię także bez niemieckiego.
Zeigen statt sprechen. Verstanden werden ohne ein Wort.

---

WENN JEMAND NICHT SPRECHEN KANN

Ein Beatmungsschlauch. Eine Trachealkanüle. Die Nachwirkungen einer Narkose.
Ein Schlaganfall. Große Schwäche. Oder einfach: die falsche Sprache im
falschen Moment.

Der Mensch ist wach. Er versteht alles. Er kann nur nicht antworten.

Für Angehörige ist das einer der hilflosesten Momente überhaupt — man steht am
Bett und weiß nicht, ob der andere Schmerzen hat, Durst, Angst oder einfach
nur die Brille möchte. Für Pflegekräfte kostet es Zeit, die niemand hat.

Dieses Buch löst das mit großen, sofort erkennbaren Tafeln zum Draufzeigen.

---

FÜR WEN DIESES BUCH IST

✔ Angehörige, die jemanden im Krankenhaus oder zu Hause begleiten
✔ Familien mit Sprachbarriere — bevor der Notfall kommt
✔ Menschen nach Operationen, Schlaganfall oder mit Trachealkanüle
✔ Pflegekräfte auf Intensiv- und Normalstationen
✔ Pflegeheime, Pflegedienste, Praxen und Reha-Einrichtungen

Einsetzbar überall: Intensivstation, Normalstation, Reha, Pflegeheim,
ambulante Pflege und zu Hause.

---

ZWEISPRACHIG — UND DAS IST DER ENTSCHEIDENDE PUNKT

Auf jeder Tafel steht der Begriff in beiden Sprachen: oben groß auf Deutsch,
darunter in Polski.

Die Patientin zeigt auf ihr Wort. Pflegekraft und Ärztin lesen das deutsche
mit. Dieselbe Seite dient beiden Seiten — niemand muss übersetzen, niemand
muss raten.

Genau deshalb funktioniert es auch dann, wenn kein Dolmetscher da ist. Und
nachts ist selten einer da.

---

WAS DRIN IST · 24 SEITEN A4

Grundsignale — Ja, Nein, Weiß nicht, Verstehe nicht, Hilfe
Schmerz, wie stark — Skala von 0 bis 10, groß und eindeutig
Schmerz, wo — Körperschema von vorne und von hinten zum Draufzeigen
Atmung und Beatmung — keine Luft, Tubus stört, bitte absaugen, Mund trocken
Grundbedürfnisse — Durst, Hunger, Toilette, kalt, heiß, anders lagern
Orientierung — Welcher Tag? Wie spät? Ist der Eingriff vorbei? Wo bin ich?
Symptome — Übelkeit, Schwindel, Juckreiz, Kopfschmerz, Brustschmerz, Schwäche
Gefühle — Angst, Unruhe, traurig, verwirrt, einsam, erleichtert
Kontakt zum Team — Frage, bitte erklären, Arzt, Pflegekraft, Familie, bleiben
Persönliches — Brille, Hörgerät, Handy, Musik, Familie, eigene Sachen
Alphabet und Zahlen — zum Buchstabieren, wenn kein Feld passt
Eigene Begriffe — Platz für Namen und persönliche Wörter

Dazu: eine Anleitung für Angehörige, eine Seite mit Hinweisen für Pflegende
und Fachkräfte, und ein Schnellzugriff hinten im Buch.

---

WAS DIESES BUCH BESONDERS MACHT

→ Farbige Griffmarken am Seitenrand — die richtige Tafel ist in Sekunden da,
  ohne Blättern und ohne Suchen
→ Ja, Nein und Hilfe stehen vorne UND hinten im Buch. Egal von welcher Seite
  aufgeschlagen wird, das Wichtigste ist sofort erreichbar
→ Große Schrift, klare Symbole, wenige Felder pro Seite — nutzbar auch bei
  schlechten Augen und schwacher Konzentration
→ Farbe ist nie die einzige Information. Jedes Feld hat Symbol und Wort dazu
→ Eine eigene Tafel für Beatmung und Trachealkanüle — die fehlt in fast allen
  allgemeinen Kommunikationstafeln
→ Eine eigene Tafel für Orientierung. „Welcher Tag ist heute?“ gehört zu den
  häufigsten Fragen nach einer Narkose und wird fast nie mit abgebildet
→ Alle Felder sind als Mitteilung an das Personal formuliert, nie als
  Anweisung an Angehörige

---

BEWUSST SICHER FORMULIERT

Auf den Tafeln steht „Durst — bitte mit der Pflegekraft oder dem Arzt
abklären“ und nicht „gib mir etwas zu trinken“.

Das ist kein Zufall. Nach Operationen, bei Schluckstörungen und bei Beatmung
kann ein einziger Schluck Wasser gefährlich werden. Ein Kommunikationsmittel
darf niemals wie eine Handlungsanweisung wirken. Dasselbe gilt für Lagerung
und Aufsetzen.

---

DIESES BUCH GIBT ES IN MEHREREN SPRACHEN

Ta książka do komunikacji jest dostępna także w innych językach. Jeśli
brakuje Twojego języka, napisz do mnie przed zakupem.

Verfügbar als: Deutsch · Deutsch–Türkisch · Deutsch–Russisch ·
Deutsch–Polnisch · Deutsch–Ukrainisch · Deutsch–Arabisch

Weitere Sprachkombinationen auf Anfrage — schreiben Sie mir einfach vor dem
Kauf, was Sie brauchen.

Für Einrichtungen: Wenn Sie mehrere Exemplare in verschiedenen Sprachen
benötigen, zum Beispiel für die Bettplätze einer Station oder für einen
Pflegedienst, schreiben Sie mir. Das lässt sich unkompliziert
zusammenstellen.

---

WAS SIE BEKOMMEN

- Das komplette Kommunikationsbuch als PDF, A4, 24 Seiten
- Sofort nach dem Kauf herunterladen — auch nachts, auch am Wochenende
- Zum Ausdrucken zu Hause, im Copyshop oder auf Station
- Einzelne Seiten können Sie beliebig oft nachdrucken und laminieren
- Es wird nichts verschickt

TIPP: Die Tafeln, die Sie am häufigsten brauchen — meist Grundsignale und
Schmerz — einzeln ausdrucken und laminieren. Dann bleiben sie am Bett, auch
wenn das Buch gerade woanders liegt.

NUTZUNG: Sie dürfen so viele Kopien ausdrucken, wie Sie für die Betreuung
Ihres Angehörigen brauchen. Weiterverkauf, Veröffentlichung und die
Verwendung als Formularsatz einer Einrichtung sind nicht gestattet — für
Einrichtungen schreiben Sie mich bitte an.

HINWEIS: Dieses Buch ist eine Kommunikationshilfe. Es ist kein Medizinprodukt,
keine Diagnosehilfe und kein Ersatz für die Einschätzung durch Pflegekräfte
oder Ärztinnen und Ärzte.

Entwickelt von Paul Rawe, Fachkrankenpfleger für Intensiv- und
Anästhesiepflege mit über 15 Jahren Erfahrung auf interdisziplinären
Intensivstationen, ehemaliger Leiter einer Intensivstation mit 23 Betten.

intensivstation-ratgeber.de",7.54,EUR,999,"polski_niemiecki,komunikacja_pacjent,tablica_komunikacyjna,polnisch_deutsch,Zeigetafeln_polnisch,Pflege_Polen,Sprachbarriere_Klinik,Kommunikationshilfe,Sprachbarriere,Pflege_zu_Hause,pflegende_Angehörige,Intensivstation,Zeigetafeln",,https://i.etsystatic.com/64486107/r/il/4a3843/8529351236/il_fullxfull.8529351236_hqn7.jpg,https://i.etsystatic.com/64486107/r/il/b6fb0c/8577214175/il_fullxfull.8577214175_j382.jpg,https://i.etsystatic.com/64486107/r/il/4e5185/8577214405/il_fullxfull.8577214405_8ayr.jpg,https://i.etsystatic.com/64486107/r/il/2b1d75/8529351724/il_fullxfull.8529351724_3cyv.jpg,https://i.etsystatic.com/64486107/r/il/69a991/8529351722/il_fullxfull.8529351722_94zc.jpg,https://i.etsystatic.com/64486107/r/il/5f99af/8577214397/il_fullxfull.8577214397_n5xe.jpg,https://i.etsystatic.com/64486107/r/il/9a2153/8577214399/il_fullxfull.8577214399_kota.jpg,https://i.etsystatic.com/64486107/r/il/f92a26/8529351736/il_fullxfull.8529351736_rhwx.jpg,,,,,,,,,,,,
"Kommunikationsbuch Deutsch zum Ausdrucken – Zeigetafeln A4 für Patienten die nicht sprechen können, Klinik Pflegeheim Pflege zu Hause","Zeigen statt sprechen. Verstanden werden ohne ein Wort.

---

WENN JEMAND NICHT SPRECHEN KANN

Ein Beatmungsschlauch. Eine Trachealkanüle. Die Nachwirkungen einer Narkose.
Ein Schlaganfall. Große Schwäche. Oder einfach: die falsche Sprache im
falschen Moment.

Der Mensch ist wach. Er versteht alles. Er kann nur nicht antworten.

Für Angehörige ist das einer der hilflosesten Momente überhaupt — man steht am
Bett und weiß nicht, ob der andere Schmerzen hat, Durst, Angst oder einfach
nur die Brille möchte. Für Pflegekräfte kostet es Zeit, die niemand hat.

Dieses Buch löst das mit großen, sofort erkennbaren Tafeln zum Draufzeigen.

---

FÜR WEN DIESES BUCH IST

✔ Angehörige, die jemanden im Krankenhaus oder zu Hause begleiten
✔ Familien mit Sprachbarriere — bevor der Notfall kommt
✔ Menschen nach Operationen, Schlaganfall oder mit Trachealkanüle
✔ Pflegekräfte auf Intensiv- und Normalstationen
✔ Pflegeheime, Pflegedienste, Praxen und Reha-Einrichtungen

Einsetzbar überall: Intensivstation, Normalstation, Reha, Pflegeheim,
ambulante Pflege und zu Hause.

Genau deshalb funktioniert es auch dann, wenn kein Dolmetscher da ist. Und
nachts ist selten einer da.

---

WAS DRIN IST · 24 SEITEN A4

Grundsignale — Ja, Nein, Weiß nicht, Verstehe nicht, Hilfe
Schmerz, wie stark — Skala von 0 bis 10, groß und eindeutig
Schmerz, wo — Körperschema von vorne und von hinten zum Draufzeigen
Atmung und Beatmung — keine Luft, Tubus stört, bitte absaugen, Mund trocken
Grundbedürfnisse — Durst, Hunger, Toilette, kalt, heiß, anders lagern
Orientierung — Welcher Tag? Wie spät? Ist der Eingriff vorbei? Wo bin ich?
Symptome — Übelkeit, Schwindel, Juckreiz, Kopfschmerz, Brustschmerz, Schwäche
Gefühle — Angst, Unruhe, traurig, verwirrt, einsam, erleichtert
Kontakt zum Team — Frage, bitte erklären, Arzt, Pflegekraft, Familie, bleiben
Persönliches — Brille, Hörgerät, Handy, Musik, Familie, eigene Sachen
Alphabet und Zahlen — zum Buchstabieren, wenn kein Feld passt
Eigene Begriffe — Platz für Namen und persönliche Wörter

Dazu: eine Anleitung für Angehörige, eine Seite mit Hinweisen für Pflegende
und Fachkräfte, und ein Schnellzugriff hinten im Buch.

---

WAS DIESES BUCH BESONDERS MACHT

→ Farbige Griffmarken am Seitenrand — die richtige Tafel ist in Sekunden da,
  ohne Blättern und ohne Suchen
→ Ja, Nein und Hilfe stehen vorne UND hinten im Buch. Egal von welcher Seite
  aufgeschlagen wird, das Wichtigste ist sofort erreichbar
→ Große Schrift, klare Symbole, wenige Felder pro Seite — nutzbar auch bei
  schlechten Augen und schwacher Konzentration
→ Farbe ist nie die einzige Information. Jedes Feld hat Symbol und Wort dazu
→ Eine eigene Tafel für Beatmung und Trachealkanüle — die fehlt in fast allen
  allgemeinen Kommunikationstafeln
→ Eine eigene Tafel für Orientierung. „Welcher Tag ist heute?“ gehört zu den
  häufigsten Fragen nach einer Narkose und wird fast nie mit abgebildet
→ Alle Felder sind als Mitteilung an das Personal formuliert, nie als
  Anweisung an Angehörige

---

BEWUSST SICHER FORMULIERT

Auf den Tafeln steht „Durst — bitte mit der Pflegekraft oder dem Arzt
abklären“ und nicht „gib mir etwas zu trinken“.

Das ist kein Zufall. Nach Operationen, bei Schluckstörungen und bei Beatmung
kann ein einziger Schluck Wasser gefährlich werden. Ein Kommunikationsmittel
darf niemals wie eine Handlungsanweisung wirken. Dasselbe gilt für Lagerung
und Aufsetzen.

---

DIESES BUCH GIBT ES IN MEHREREN SPRACHEN

{MEHR_SPRACHEN}

Verfügbar als: Deutsch · Deutsch–Türkisch · Deutsch–Russisch ·
Deutsch–Polnisch · Deutsch–Ukrainisch · Deutsch–Arabisch

Weitere Sprachkombinationen auf Anfrage — schreiben Sie mir einfach vor dem
Kauf, was Sie brauchen.

Für Einrichtungen: Wenn Sie mehrere Exemplare in verschiedenen Sprachen
benötigen, zum Beispiel für die Bettplätze einer Station oder für einen
Pflegedienst, schreiben Sie mir. Das lässt sich unkompliziert
zusammenstellen.

---

WAS SIE BEKOMMEN

- Das komplette Kommunikationsbuch als PDF, A4, 24 Seiten
- Sofort nach dem Kauf herunterladen — auch nachts, auch am Wochenende
- Zum Ausdrucken zu Hause, im Copyshop oder auf Station
- Einzelne Seiten können Sie beliebig oft nachdrucken und laminieren
- Es wird nichts verschickt

TIPP: Die Tafeln, die Sie am häufigsten brauchen — meist Grundsignale und
Schmerz — einzeln ausdrucken und laminieren. Dann bleiben sie am Bett, auch
wenn das Buch gerade woanders liegt.

NUTZUNG: Sie dürfen so viele Kopien ausdrucken, wie Sie für die Betreuung
Ihres Angehörigen brauchen. Weiterverkauf, Veröffentlichung und die
Verwendung als Formularsatz einer Einrichtung sind nicht gestattet — für
Einrichtungen schreiben Sie mich bitte an.

HINWEIS: Dieses Buch ist eine Kommunikationshilfe. Es ist kein Medizinprodukt,
keine Diagnosehilfe und kein Ersatz für die Einschätzung durch Pflegekräfte
oder Ärztinnen und Ärzte.

Entwickelt von Paul Rawe, Fachkrankenpfleger für Intensiv- und
Anästhesiepflege mit über 15 Jahren Erfahrung auf interdisziplinären
Intensivstationen, ehemaliger Leiter einer Intensivstation mit 23 Betten.

intensivstation-ratgeber.de",7.54,EUR,999,"Kommunikationshilfe,Zeigetafeln,Sprachbarriere,Pflege_zu_Hause,pflegende_Angehörige,Intensivstation",,https://i.etsystatic.com/64486107/r/il/714c55/8576619717/il_fullxfull.8576619717_req6.jpg,https://i.etsystatic.com/64486107/r/il/bdab3f/8576619847/il_fullxfull.8576619847_5e66.jpg,https://i.etsystatic.com/64486107/r/il/f16a13/8576620019/il_fullxfull.8576620019_cjci.jpg,https://i.etsystatic.com/64486107/r/il/b047e0/8576620253/il_fullxfull.8576620253_r3ld.jpg,https://i.etsystatic.com/64486107/r/il/40034b/8528757462/il_fullxfull.8528757462_k7i2.jpg,https://i.etsystatic.com/64486107/r/il/762595/8528757468/il_fullxfull.8528757468_qegm.jpg,https://i.etsystatic.com/64486107/r/il/8aa9f4/8576620237/il_fullxfull.8576620237_s2a8.jpg,https://i.etsystatic.com/64486107/r/il/1f714d/8576620239/il_fullxfull.8576620239_oa4r.jpg,,,,,,,,,,,,
"Ich bin anders – Vorlesegeschichte + Ratgeber Nr 24 PDF | Neurodiversität Kinder | Lernolotl Ich-bin-Ich-Reihe","„Ich bin anders — und das ist okay.""

Dein Kind merkt, dass es Dinge anders wahrnimmt als andere Kinder. Lauter. Intensiver. Tiefer. Und fragt sich vielleicht: Stimmt da etwas nicht mit mir?

Dieser Ratgeber begleitet die Geschichte des Lernolotl — einem kleinen Axolotl, der entdeckt, dass Anders-sein kein Fehler ist. Mit echter Geschichte zum Vorlesen, Fachinput für Eltern und Erzieherinnen, einer Begleitgeschichte speziell für Kinder sowie einem Familien-Spiel und Mitmachseiten zum Ausdrucken.

——————————————————————
WAS IST IM RATGEBER ENTHALTEN?
——————————————————————
✦ Vorlesegeschichte (3 Seiten) — Der Lernolotl, Oma Hilde und Herr Mayer
✦ Editorial für Eltern + Inhaltsübersicht
✦ Fachartikel: Was bedeutet Neurodiversität für Kinder?
✦ Expertentipps + Gesprächsleitfaden mit Antwortvorschlägen
✦ Begleitgeschichte  (6 Seiten) — einfache Sätze für Kinder ab 5 Jahren
✦ Familien-Spiel: Was macht mich besonders? (Karten-Spiel)
✦ Mitmachseite 1: Ich-bin-ich-Bild zum Gestalten
✦ Mitmachseite 2: Meine Besonderheiten-Karte (laminierbar)
✦ Rückseite mit Serienübersicht

——————————————————————
FÜR WEN IST DIESER RATGEBER?
——————————————————————
→ Eltern neurodiverser Kinder (ADHS, Autismus, Hochsensibilität)
→ Erzieherinnen und Lehrerinnen in Kita und Grundschule
→ Für alle Kinder, die sich manchmal „anders"" fühlen
→ Kinder ab 5 Jahren, mit Eltern gemeinsam

——————————————————————
FORMAT & DOWNLOAD
——————————————————————
↓ Sofort-Download nach Kaufabschluss
↓ PDF · 17 Seiten · A4 · Druckfertig
↓ Zuhause auf normalem Drucker ausdrucken
↓ Einzelseiten können laminiert werden

Entwickelt von einer Grundschullehrerin mit Inklusionserfahrung und einer ICU-Pflegefamilie, die selbst einen neurodiversen Sohn hat.

© NeuroTeacherTools · lernolotl.de · Nur für privaten und pädagogischen Gebrauch",3.9,EUR,998,"Lernolotl,Vorlesegeschichte_PDF,Kinder_Ratgeber,Neurodiversität_Kind,Grundschule_Inklusion,Anders_sein_Kinder,Hochsensibel_Kind,Selbstakzeptanz_Kind,SBegleitgeschichte__deutsch,ADHS_Grundschule,Ich_bin_ich_PDF,Erzieherinnen_Material,Gefühle_Kinder",,https://i.etsystatic.com/64486107/r/il/051271/7888980461/il_fullxfull.7888980461_hf7x.jpg,https://i.etsystatic.com/64486107/r/il/648f6a/7841031086/il_fullxfull.7841031086_pysd.jpg,https://i.etsystatic.com/64486107/r/il/3ce5f6/7841031214/il_fullxfull.7841031214_5h07.jpg,https://i.etsystatic.com/64486107/r/il/0d4f97/7888980849/il_fullxfull.7888980849_oz1t.jpg,https://i.etsystatic.com/64486107/r/il/d45374/7841031356/il_fullxfull.7841031356_kl0k.jpg,https://i.etsystatic.com/64486107/r/il/2d6839/7841031432/il_fullxfull.7841031432_ar7q.jpg,https://i.etsystatic.com/64486107/r/il/90bb81/7888981069/il_fullxfull.7888981069_j9rn.jpg,https://i.etsystatic.com/64486107/r/il/eb1c88/7888981123/il_fullxfull.7888981123_gbxf.jpg,https://i.etsystatic.com/64486107/r/il/ba1c0f/7888981187/il_fullxfull.7888981187_3eyu.jpg,,,,,,,,,,,
"Pflegeordner Türkisch Deutsch zum Ausdrucken – Bakım Klasörü, 47 zweisprachige Kopiervorlagen A4 für pflegende Angehörige","Türkçe doldurun. Alman sağlık sistemi okusun.
Auf Türkisch ausfüllen. Auf Deutsch verstanden werden.

Evde bakım zaten zor. Bir de her form, her mektup ve her telefon Almanca olunca iki kat
zorlaşır. Bu bakım klasörü tam bu yüzden hazırlandı: açıklamalar Türkçe, fotokopi
şablonlarındaki her alan ise hem Türkçe hem Almanca.

Siz Türkçe doldurursunuz. Acil serviste, hastanede ve bakım hizmetinde okuyan kişi
Almancasını görür. Aynı sayfa iki tarafa da hizmet eder — ve siz her seferinde
baştan anlatmak zorunda kalmazsınız.

---

WER DIESEN ORDNER BRAUCHT

Dieser Pflegeordner ist für Familien in Deutschland, in denen zu Hause gepflegt wird
und zu Hause Türkisch gesprochen wird. Die Erklärungen stehen auf Türkisch. Alle
Kopiervorlagen sind zweisprachig: über jeder Zeile die türkische Beschriftung, klein
und grau darunter die deutsche.

Das heißt im Alltag:
✔ Der Rettungsdienst liest den Notfallbogen, ohne ein Wort Türkisch zu können
✔ Der Pflegedienst versteht jedes Protokoll beim ersten Blick
✔ Sie finden das deutsche Wort wieder, das in Ihrem Formular oder Bescheid steht
✔ Wer im Krankenhaus übersetzt, muss nicht mehr alles aus dem Kopf erzählen

Deutsche Behördenbegriffe stehen bewusst auf Deutsch und werden türkisch erklärt:
Pflegegrad, Pflegekasse, Vorsorgevollmacht, Widerspruch, Medikationsplan. Genau die
Wörter, die am Telefon und im Antrag gebraucht werden.

Gleich hinter dem Inhaltsverzeichnis steht eine deutschsprachige Seite für
Pflegedienst, Ärztin und Rettungsdienst. Sie erklärt den Aufbau des Ordners in einer
Minute. Einmal zeigen genügt.

---

DÖRT AYRAÇ · 47 ŞABLON · BİR KLASÖR
VIER REGISTER · 47 VORLAGEN · EIN ORDNER

A · Organizasyon ve bürokrasi / Organisation & Bürokratie
Temel bilgiler · tanılar · ilaç planı · irtibat kişileri · hastanedeki doktorlar ·
hastane yatışları · randevu takvimi · görüşme tutanağı · başvurular · bakım sigortası
bütçeleri · yardımcı araçlar · önemli belgelerin yeri

B · Klinik dokümantasyon / Klinische Dokumentation
Gün akışı · yaşamsal bulgular · ilaç verilişi · kan şekeri · aspirasyon · yara ·
stoma ve PEG · boşaltım · yeme içme · ağrı · haftalık uyku tablosu · serbest gözlemler

C · Acil durum / Notfall
Buzdolabı için acil durum sayfası · nefes darlığı · solunum cihazı alarmı · trakeal
kanül · düşme · ateş ve sepsis belirtileri · PEG sorunu · akut ağrı · nöbet · acil
servise ve hastaneye devir

D · Dosyalama / Ablage
Ayraç genel görünümü · hastalık sigortası, bakım sigortası, kararlar, faturalar,
doktor raporları, yardımcı araçlar, bakım hizmeti ve ön görü belgeleri için ayırıcı
sayfalar · yürüyen işler · hatırlatma · giden posta · yıllık arşiv

---

BU KLASÖRÜ ÖZEL KILAN NE?

→ Solda açıklama, sağda şablon: açıklama metni asla fotokopiye girmez
→ Her şablon tam bir A4 sayfası, delmek için geniş kenarla
→ Her sayfada C-02 gibi bir kod var — her fotokopi yerine geri döner
→ Acil durum sayfaları HEMEN · BUGÜN · GÖRÜŞÜN ilkesine göre: sınır değerleri
  önceden doktorla belirlersiniz, ciddi anda yalnızca okursunuz
→ Doktorların ve bakım hizmetlerinin hemen anladığı protokoller
→ Süreleri ve itirazları takip eden bir dosyalama sistemi
→ Değişebilecek tutar ve tarih basılı değil — reform gelince eskimez
→ Siyah beyaz, temiz fotokopi verir

---

NE ALIYORSUNUZ / WAS SIE BEKOMMEN

- Dosya 1: Klasörün tamamı (PDF, A4, 118 sayfa) — açıklama sayfaları, giriş,
  kullanım kılavuzu ve A'dan Z'ye kavramlar dahil
- Dosya 2: Yalnızca fotokopi şablonları (PDF, A4, 51 sayfa) — hızlı çoğaltmak için
- Satın aldıktan hemen sonra indirilir
- Yazdırıp elle doldurmak içindir (bilgisayarda doldurulabilir form alanı yoktur)
- Hiçbir şey kargoyla gönderilmez

KULLANIM: Şablonları kendi evinizdeki bakım için istediğiniz kadar çoğaltabilirsiniz —
vekiliniz ve bakım hizmeti için de. Yeniden satmak, yayımlamak ve ticari kullanmak
(örneğin bir kurumun form seti olarak) izinli değildir.

UYARI: Bu klasör zaten ortaya çıkan bilgileri düzenler. Tıbbi tedavinin, bakım
hizmetinin, hukuki ya da bakım danışmanlığının yerine geçmez. Ön görü belgeleri için
bilinçli olarak hazır form içermez.

Hazırlayan: Paul Rawe, 17 yılı aşkın deneyime sahip yoğun bakım ve anestezi uzman
hemşiresi, 23 yataklı bir yoğun bakım ünitesinin eski servis sorumlusu. Bu durumu
kendi ailesinden de tanıyor.

intensivstation-ratgeber.de",12.57,EUR,999,"Pflegeordner,Bakım_Klasörü,türkisch_deutsch,Pflegeordner_PDF,evde_bakım,Pflege_zu_Hause,pflegende_Angehörige,Notfallordner_Pflege,bakım_derecesi,Pflegedokumentation,Kopiervorlagen,Pflegegrad,Medikamentenplan",,https://i.etsystatic.com/64486107/r/il/924085/8517166616/il_fullxfull.8517166616_rckx.jpg,https://i.etsystatic.com/64486107/r/il/f0975f/8565032453/il_fullxfull.8565032453_7167.jpg,https://i.etsystatic.com/64486107/r/il/c955fe/8517164024/il_fullxfull.8517164024_b9py.jpg,https://i.etsystatic.com/64486107/r/il/b221d0/8565033931/il_fullxfull.8565033931_ongu.jpg,https://i.etsystatic.com/64486107/r/il/117552/8565033291/il_fullxfull.8565033291_jvk6.jpg,https://i.etsystatic.com/64486107/r/il/11c082/8517164348/il_fullxfull.8517164348_fdz3.jpg,https://i.etsystatic.com/64486107/r/il/d2d0ae/8517164338/il_fullxfull.8517164338_o9sc.jpg,https://i.etsystatic.com/64486107/r/il/929186/8517164332/il_fullxfull.8517164332_cx45.jpg,https://i.etsystatic.com/64486107/r/il/bee6c4/8565033281/il_fullxfull.8565033281_lvq7.jpg,https://i.etsystatic.com/64486107/r/il/0553cf/8517164342/il_fullxfull.8517164342_k9z5.jpg,,,,,,,,,,
"Armut erklären Kinder – Vorlesegeschichte + Ratgeber PDF | Soziale Ungerechtigkeit kindgerecht | Lernolotl Spezial","„Kinder sehen mehr als wir ihnen zeigen. Die Frage ist nur: begleiten wir sie — oder lassen wir sie allein damit?""

Dein Kind hat einen Obdachlosen gesehen. Oder fragt, warum manche Kinder weniger haben. Warum ist das so? Können wir helfen?

Du willst ehrlich antworten. Aber du weißt nicht wie. Dieser Ratgeber gibt dir die Sätze — und einen Rahmen für das Gespräch.

——————————————————————
WAS IST IM RATGEBER ENTHALTEN?
——————————————————————
✦ Vorlesegeschichte (2 Seiten) — „Der Mann mit der Tasse"": Lena, 6 Jahre, und die Begegnung die sie nicht vergisst. ~1000 Wörter, zum gemeinsamen Lesen
✦ Warum dieses Gespräch wichtig ist — empathischer Fachinput, kein Lehrbuch
✦ Was Kinder wirklich brauchen — Empathieforschung kurz und klar
✦ Altersgerechte Erklärungen: 3–4 Jahre · 5–7 Jahre · 8+ Jahre — je mit Musterformulierung
✦ Sätze zum Vorlesen — 8 Situationen, wörtlich übernehmen: „Warum hat der Mann kein Haus?"", „Kann uns das auch passieren?"", „Können wir helfen?""
✦ Kinderfragen & Antworten — die 6 Fragen, die Kinder wirklich stellen
✦ Was du vermeiden solltest — 4 häufige Fehler mit besseren Alternativen
✦ Gesprächsleitfaden nach dem Vorlesen — 8 Gesprächsstarter
✦ Die Wochen danach — wie Empathie langfristig gestärkt wird
✦ Rituale & Impulse — Empathie konkret machen
✦ Buchempfehlung für Kinder ab 4 Jahren

——————————————————————
FÜR WEN IST DIESER RATGEBER?
——————————————————————
→ Eltern, die nicht wissen, wie sie Armut und Ungerechtigkeit erklären
→ Eltern, die Empathie fördern wollen — konkret und alltagstauglich
→ Erzieherinnen und Lehrkräfte, die das Thema im Alltag begleiten
→ Alle, die den Blick ihrer Kinder auf die Welt öffnen wollen
→ Kinder ab 4 Jahren, gemeinsam mit Erwachsenen

——————————————————————
FORMAT & DOWNLOAD
——————————————————————
↓ Sofort-Download nach Kaufabschluss
↓ PDF · 13 Seiten · A4 · Druckfertig
↓ Zuhause auf normalem Drucker ausdrucken

Entwickelt von einer Grundschullehrerin mit Inklusionserfahrung und einem ICU-Krankenpfleger.

© NeuroTeacherTools · lernolotl.de · Nur für privaten und pädagogischen Gebrauch",4.2,EUR,999,"Lernolotl,Vorlesegeschichte_PDF,Kinder_Ratgeber,Neurodiversität_Kind,Grundschule_Inklusion,Armut_erklären_Kind,Soziale_Ungerechtigkeit,Empathie_Kinder,Begleitgeschichte_deutsch,Armut_Kinder_PDF,Obdachlosigkeit_Kind,Erzieherinnen_Material,Gefühle_Kinder",,https://i.etsystatic.com/64486107/r/il/850ae0/8056259645/il_fullxfull.8056259645_ee44.jpg,https://i.etsystatic.com/64486107/r/il/59f179/8008366648/il_fullxfull.8008366648_aift.jpg,https://i.etsystatic.com/64486107/r/il/abc6b8/8008343524/il_fullxfull.8008343524_9n3m.jpg,https://i.etsystatic.com/64486107/r/il/3b8962/8008343528/il_fullxfull.8008343528_3ayy.jpg,https://i.etsystatic.com/64486107/r/il/99aae4/8008343530/il_fullxfull.8008343530_rnpc.jpg,,,,,,,,,,,,,,,
"Krieg erklären Kinder – Vorlesegeschichte + Ratgeber PDF | Gewalt Nachrichten Kind begleiten | Lernolotl Spezial","„Kinder hören mehr als wir denken. Die Frage ist nur: begleiten wir sie — oder lassen wir sie allein damit?""

Dein Kind hat etwas im Fernsehen gesehen. Oder auf dem Schulhof gehört. Es fragt: Was ist Krieg? Passiert das auch bei uns? Können wir etwas tun?

Du willst ehrlich antworten. Aber du weißt nicht wie. Dieser Ratgeber gibt dir die Sätze — und den Rahmen, das Gespräch zu führen.

——————————————————————
WAS IST IM RATGEBER ENTHALTEN?
——————————————————————
✦ Vorlesegeschichte (2 Seiten) — „Was im Fernsehen war"": Finn, 7 Jahre, und was er gesehen hat. ~1000 Wörter, zum gemeinsamen Lesen
✦ Warum dieses Gespräch wichtig ist — empathischer Fachinput, kein Psychologiebuch
✦ Was Kinder wirklich brauchen — Resilienzforschung kurz und klar
✦ Altersgerechte Erklärungen: 3–4 Jahre · 5–7 Jahre · 8+ Jahre — je mit Musterformulierung
✦ Sätze zum Vorlesen — 8 Situationen, wörtlich übernehmen: „Was ist Krieg?"", „Passiert das auch bei uns?"", „Können wir helfen?""
✦ Kinderfragen & Antworten — die 6 Fragen, die Kinder wirklich stellen
✦ Was du vermeiden solltest — 4 häufige Fehler (ohne Vorwurf) mit besseren Alternativen
✦ Gesprächsleitfaden nach dem Vorlesen — 8 Gesprächsstarter
✦ Die Wochen danach — was normal ist, wann mehr Hilfe sinnvoll ist
✦ Rituale & Impulse — Handlung statt Ohnmacht
✦ Buchempfehlung für Kinder ab 3 Jahren

——————————————————————
FÜR WEN IST DIESER RATGEBER?
——————————————————————
→ Eltern, die nicht wissen, wie sie Krieg und Gewalt erklären
→ Eltern, die Ängste nach dem Medienkonsum begleiten wollen
→ Erzieherinnen und Lehrkräfte, die das Thema im Alltag begleiten
→ Alle, die ehrlich sein wollen — ohne das Kind zu erschrecken
→ Kinder ab 3 Jahren, gemeinsam mit Erwachsenen

——————————————————————
FORMAT & DOWNLOAD
——————————————————————
↓ Sofort-Download nach Kaufabschluss
↓ PDF · 13 Seiten · A4 · Druckfertig
↓ Zuhause auf normalem Drucker ausdrucken

Entwickelt von einer Grundschullehrerin mit Inklusionserfahrung und einem ICU-Krankenpfleger.

© NeuroTeacherTools · lernolotl.de · Nur für privaten und pädagogischen Gebrauch",4.2,EUR,999,"Lernolotl,Vorlesegeschichte_PDF,Kinder_Ratgeber,Neurodiversität_Kind,Grundschule_Inklusion,Krieg_erklären_Kind,Gewalt_Nachrichten_Kinder,Angst_Nachrichten_Kind,Begleitgeschichte_deutsch,Krieg_Kinder_PDF,Nachrichten_Kinder,Erzieherinnen_Material,Gefühle_Kinder",,https://i.etsystatic.com/64486107/r/il/4ff0b7/8008339196/il_fullxfull.8008339196_p15h.jpg,https://i.etsystatic.com/64486107/r/il/2db052/8008365990/il_fullxfull.8008365990_e1ls.jpg,https://i.etsystatic.com/64486107/r/il/899b1d/8008339394/il_fullxfull.8008339394_lbu8.jpg,https://i.etsystatic.com/64486107/r/il/3c593f/8056255493/il_fullxfull.8056255493_gq5f.jpg,https://i.etsystatic.com/64486107/r/il/3fd043/8056255495/il_fullxfull.8056255495_kkf4.jpg,,,,,,,,,,,,,,,
"Krankheit erklären Kinder – Vorlesegeschichte + Ratgeber PDF | Schwere Krankheit begleiten | Lernolotl Spezial","„Du musst keine vollständige Antwort haben. Du musst nur ehrlich sein — und bleiben.""

Jemand in der Familie ist ernsthaft krank. Dein Kind fragt: Was passiert mit Oma? Stirbt sie? Wirst du auch krank?

Du willst die Wahrheit sagen. Aber du weißt nicht wie viel. Dieser Ratgeber gibt dir die Sätze — und das Vertrauen, ehrlich zu sein ohne zu erschrecken.

——————————————————————
WAS IST IM RATGEBER ENTHALTEN?
——————————————————————
✦ Vorlesegeschichte (2 Seiten) — „Was die Maschinen machen"": Finn, 8 Jahre, und der Besuch auf der Intensivstation. ~1000 Wörter, zum gemeinsamen Lesen
✦ Warum dieses Gespräch schwer ist — empathischer Fachinput, kein Psychologiebuch
✦ Was Kinder wirklich brauchen — Kinderpsychologie kurz und klar
✦ Altersgerechte Erklärungen: 3–4 Jahre · 5–7 Jahre · 8+ Jahre — je mit Musterformulierung
✦ Sätze zum Vorlesen — 8 Situationen, wörtlich übernehmen: „Stirbt Oma?"", „Wirst du auch krank?"", „Kann ich sie besuchen?""
✦ Kinderfragen & Antworten — die 6 Fragen, die Kinder wirklich stellen
✦ Was du vermeiden solltest — 4 häufige Fehler (ohne Vorwurf) mit besseren Alternativen
✦ Gesprächsleitfaden nach dem Vorlesen — 8 Gesprächsstarter, die das Kind einladen ohne zu drängen
✦ Die Wochen danach — was normal ist, was du beobachten kannst, wann mehr Hilfe sinnvoll ist
✦ Rituale & Impulse — 6 Aktivitäten für die Zeit danach
✦ Buchempfehlung für Kinder ab 3 Jahren

——————————————————————
FÜR WEN IST DIESER RATGEBER?
——————————————————————
→ Eltern, die selbst krank sind oder jemanden begleiten — und ihr Kind informieren wollen
→ Eltern, die sich vorbereiten wollen — bevor die Fragen kommen
→ Erzieherinnen und Lehrkräfte, die das Thema im Alltag begleiten
→ Alle, die ehrlich sein wollen — ohne das Kind zu überfordern
→ Kinder ab 3 Jahren, gemeinsam mit Erwachsenen

——————————————————————
FORMAT & DOWNLOAD
——————————————————————
↓ Sofort-Download nach Kaufabschluss
↓ PDF · 13 Seiten · A4 · Druckfertig
↓ Zuhause auf normalem Drucker ausdrucken
↓ Einzelseiten können laminiert werden (z.B. die Sätze-Seite)

Entwickelt von einer Grundschullehrerin mit Inklusionserfahrung und einem ICU-Krankenpfleger, der täglich mit schwerer Krankheit arbeitet.

© NeuroTeacherTools · lernolotl.de · Nur für privaten und pädagogischen Gebrauch",4.2,EUR,999,"Lernolotl,Vorlesegeschichte_PDF,Kinder_Ratgeber,Neurodiversität_Kind,Grundschule_Inklusion,Krankheit_erklären_Kind,Schwere_Krankheit_Kinder,Intensivstation_Kind,Begleitgeschichte_deutsch,Krankenhaus_Kinder,Krankheit_Kinder_PDF,Erzieherinnen_Material,Gefühle_Kinder",,https://i.etsystatic.com/64486107/r/il/b9262a/8008329356/il_fullxfull.8008329356_8385.jpg,https://i.etsystatic.com/64486107/r/il/14a8f3/8056281029/il_fullxfull.8056281029_oxdj.jpg,https://i.etsystatic.com/64486107/r/il/5fd19c/8008329560/il_fullxfull.8008329560_bb5d.jpg,https://i.etsystatic.com/64486107/r/il/8151f4/8008329634/il_fullxfull.8008329634_m7er.jpg,https://i.etsystatic.com/64486107/r/il/c486d8/8008329706/il_fullxfull.8008329706_mh5i.jpg,,,,,,,,,,,,,,,
"Haustier Tod erklären Kinder – Vorlesegeschichte + Ratgeber PDF | Tierverlust begleiten | Lernolotl Spezial","„Es war nicht nur eine Katze."" — Dieser Satz stimmt nicht. Und du weißt das.

Euer Tier ist gestorben. Dein Kind versteht nicht ganz was das bedeutet. Oder es versteht es — und ist untröstlich.

Du willst da sein. Aber du weißt nicht was du sagen sollst. Dieser Ratgeber gibt dir die Sätze — und Rituale für einen Moment, der klein aussieht und groß ist.

——————————————————————
WAS IST IM RATGEBER ENTHALTEN?
——————————————————————
✦ Vorlesegeschichte (2 Seiten) — „Keks schläft nicht mehr"": Lena, 6 Jahre, und was passiert als ihre Katze stirbt. ~1000 Wörter, zum gemeinsamen Lesen
✦ Warum dieser Verlust ernst ist — empathischer Fachinput, kein Psychologiebuch
✦ Der erste Verlust als Lernraum — was die Trauerbegleitung zeigt
✦ Altersgerechte Erklärungen: 3–4 Jahre · 5–7 Jahre · 8+ Jahre — je mit Musterformulierung
✦ Sätze zum Vorlesen — 8 Situationen, wörtlich übernehmen: „Wo ist Keks jetzt?"", „Kommt er wieder?"", „War das meine Schuld?""
✦ Kinderfragen & Antworten — die 6 Fragen, die Kinder wirklich stellen
✦ Was du vermeiden solltest — 4 häufige Fehler (ohne Vorwurf) mit besseren Alternativen
✦ Gesprächsleitfaden nach dem Vorlesen — 8 Gesprächsstarter
✦ Die Wochen danach — was normal ist, wann mehr Hilfe sinnvoll ist
✦ Rituale & Impulse — Abschied braucht eine Form
✦ Buchempfehlung für Kinder ab 3 Jahren

——————————————————————
FÜR WEN IST DIESER RATGEBER?
——————————————————————
→ Eltern, die nicht wissen, wie sie den Tod des Tieres erklären
→ Eltern, die das Kind in seiner Trauer begleiten wollen
→ Erzieherinnen und Lehrkräfte, die das Thema begleiten
→ Alle, die dem Kind den ersten Abschied ermöglichen wollen
→ Kinder ab 3 Jahren, gemeinsam mit Erwachsenen

——————————————————————
FORMAT & DOWNLOAD
——————————————————————
↓ Sofort-Download nach Kaufabschluss
↓ PDF · 13 Seiten · A4 · Druckfertig
↓ Zuhause auf normalem Drucker ausdrucken

Entwickelt von einer Grundschullehrerin mit Inklusionserfahrung und einem ICU-Krankenpfleger.

© NeuroTeacherTools · lernolotl.de · Nur für privaten und pädagogischen Gebrauch",4.2,EUR,999,"Lernolotl,Vorlesegeschichte_PDF,Kinder_Ratgeber,Neurodiversität_Kind,Grundschule_Inklusion,Haustier_Tod_Kind,Tierverlust_Kinder,Tod_erklären_Kinder,Begleitgeschichte_deutsch,Trauer_Kinder_Tier,Haustier_gestorben,Erzieherinnen_Material,Gefühle_Kinder",,https://i.etsystatic.com/64486107/r/il/f44a8c/8008334438/il_fullxfull.8008334438_5dpc.jpg,https://i.etsystatic.com/64486107/r/il/5f7941/8056282023/il_fullxfull.8056282023_922d.jpg,https://i.etsystatic.com/64486107/r/il/5a7297/8056250769/il_fullxfull.8056250769_fxzi.jpg,https://i.etsystatic.com/64486107/r/il/d9754d/8008334722/il_fullxfull.8008334722_db3y.jpg,https://i.etsystatic.com/64486107/r/il/0d42d4/8056250781/il_fullxfull.8056250781_i4gm.jpg,,,,,,,,,,,,,,,
"Trennung erklären Kinder – Vorlesegeschichte + Ratgeber PDF | Scheidung begleiten | Lernolotl Spezial","„Du musst keine perfekte Erklärung haben. Du musst nur ehrlich sein — und beide bleiben.""

Mama und Papa wohnen jetzt getrennt. Dein Kind fragt: Warum? Ist das meine Schuld? Werde ich euch noch beide sehen?

Du willst das Richtige sagen. Aber du weißt nicht wie. Dieser Ratgeber gibt dir die Sätze — und die Sicherheit, das Gespräch zu führen.

——————————————————————
WAS IST IM RATGEBER ENTHALTEN?
——————————————————————
✦ Vorlesegeschichte (2 Seiten) — „Zwei Zuhause"": Finn, 6 Jahre, und was sein Vater an dem Abend gesagt hat. ~1000 Wörter, zum gemeinsamen Lesen
✦ Warum dieses Gespräch schwer ist — empathischer Fachinput, kein Psychologiebuch
✦ Was Kinder wirklich brauchen — Bindungsforschung kurz und klar
✦ Altersgerechte Erklärungen: 3–4 Jahre · 5–7 Jahre · 8+ Jahre — je mit Musterformulierung
✦ Sätze zum Vorlesen — 8 Situationen, wörtlich übernehmen: „Ist das meine Schuld?"", „Kommt ihr wieder zusammen?"", „Liebt ihr euch noch?""
✦ Kinderfragen & Antworten — die 6 Fragen, die Kinder wirklich stellen
✦ Was du vermeiden solltest — 4 häufige Fehler (ohne Vorwurf) mit besseren Alternativen
✦ Gesprächsleitfaden nach dem Vorlesen — 8 Gesprächsstarter, die das Kind einladen ohne zu drängen
✦ Die Wochen danach — was normal ist, was du beobachten kannst, wann mehr Hilfe sinnvoll ist
✦ Rituale & Impulse — 6 Aktivitäten für die Zeit nach dem ersten Gespräch
✦ Buchempfehlung für Kinder ab 3 Jahren

——————————————————————
FÜR WEN IST DIESER RATGEBER?
——————————————————————
→ Eltern, die gerade in der Trennung sind — und nicht wissen, wie sie anfangen sollen
→ Eltern, die sich vorbereiten wollen — bevor die Fragen kommen
→ Erzieherinnen und Lehrkräfte, die Trennungskinder begleiten
→ Alle, die ehrlich sein wollen — ohne das Kind zu überfordern
→ Kinder ab 3 Jahren, gemeinsam mit Erwachsenen

——————————————————————
FORMAT & DOWNLOAD
——————————————————————
↓ Sofort-Download nach Kaufabschluss
↓ PDF · 13 Seiten · A4 · Druckfertig
↓ Zuhause auf normalem Drucker ausdrucken
↓ Einzelseiten können laminiert werden (z.B. die Sätze-Seite)

Entwickelt von einer Grundschullehrerin mit Inklusionserfahrung und einem ICU-Krankenpfleger.

© NeuroTeacherTools · lernolotl.de · Nur für privaten und pädagogischen Gebrauch",4.2,EUR,999,"Lernolotl,Vorlesegeschichte_PDF,Kinder_Ratgeber,Neurodiversität_Kind,Grundschule_Inklusion,Trennung_erklären_Kind,Scheidung_Kinder,Getrennte_Eltern,Begleitgeschichte_deutsch,Trennungshilfe_Familie,Scheidung_Kinder_PDF,Erzieherinnen_Material,Gefühle_Kinder",,https://i.etsystatic.com/64486107/r/il/1e4371/8056238177/il_fullxfull.8056238177_7yei.jpg,https://i.etsystatic.com/64486107/r/il/77fc7a/8008363032/il_fullxfull.8008363032_8zz5.jpg,https://i.etsystatic.com/64486107/r/il/773317/8056238313/il_fullxfull.8056238313_akw6.jpg,https://i.etsystatic.com/64486107/r/il/21019a/8056238315/il_fullxfull.8056238315_7jsd.jpg,https://i.etsystatic.com/64486107/r/il/3ad0be/8056238309/il_fullxfull.8056238309_fag4.jpg,,,,,,,,,,,,,,,
"Pflegeordner PDF zum Ausdrucken, 47 Kopiervorlagen A4 für die Pflege zu Hause – Notfallbogen, Protokolle, Ablage, vom Intensivpfleger","Alles, was die Pflege zu Hause braucht – an einem Ort, in fünf Sekunden gefunden.

Termine, Medikamente, Protokolle für den Pflegedienst, Anträge bei der Pflegekasse, Bescheide mit Fristen – und immer die Sorge, im Notfall nicht alles griffbereit zu haben. Dieser Pflegeordner nimmt Ihnen das Suchen ab.

Entwickelt von einem Fachkrankenpfleger für Intensivpflege und Anästhesie mit über 17 Jahren Berufserfahrung, ehemaliger Stationsleitung einer Intensivstation mit 23 Betten und ausgebildetem Versicherungskaufmann. Er kennt die Situation auch aus der eigenen Familie.
---
FÜR WEN IST DIESER PFLEGEORDNER?
✔ Für alle, die einen Menschen zu Hause pflegen oder die Pflege organisieren – auch aus der Ferne
✔ Für Familien direkt nach einer Krankenhausentlassung oder einem neuen Pflegegrad
✔ Für die Vertretung: Geschwister, Nachbarn, Kurzzeitpflege – alles Wichtige steht an einem Ort
✔ Besonders für Familien mit Beatmung, Trachealkanüle oder PEG zu Hause
---
VIER REGISTER – 47 VORLAGEN – EIN ORDNER
A · Organisation & Bürokratie
Stammdaten · Diagnosen · Medikamentenplan · Ansprechpartner · Ärzte in der Klinik · Krankenhausaufenthalte · Terminkalender · Gesprächsprotokoll · Anträge · Budgets der Pflegekasse · Hilfsmittel · Fundort wichtiger Dokumente

B · Klinische Dokumentation
Tagesverlauf · Vitalzeichen · Medikamentengabe · Blutzucker · Absaugen · Wunde · Stoma & PEG · Ausscheidung · Essen & Trinken · Schmerz · Schlaf als Wochenraster · freie Beobachtungen

C · Notfall
Notfallbogen für den Kühlschrank · Atemnot · Alarm am Beatmungsgerät · Trachealkanüle · Sturz · Fieber & Sepsis-Zeichen · PEG auffällig · akuter Schmerz · Krampfanfall · Übergabe an Rettungsdienst & Klinik

D · Ablage
Register-Übersicht · Trennblätter für Krankenkasse, Pflegekasse, Bescheide, Rechnungen, Arztbriefe, Hilfsmittel, Pflegedienst, Vorsorgedokumente · laufende Vorgänge · Wiedervorlage · Postausgang · Jahresarchiv
---
WAS DIESEN PFLEGEORDNER BESONDERS MACHT
→ Links die Erklärung, rechts die Vorlage: Der Erklärtext wird nie mitkopiert
→ Jede Vorlage füllt genau eine A4-Seite, mit breitem Rand zum Lochen
→ Jedes Blatt trägt eine Kennung wie C-02 – jede Kopie findet zurück an ihren Platz
→ Notfallblätter nach dem Prinzip SOFORT · HEUTE · ANSPRECHEN: Sie legen die Grenzwerte vorher mit Arzt oder Pflegedienst fest und müssen im Ernstfall nur noch lesen
→ Protokolle, die Ärzte und Pflegedienste sofort verstehen – geschrieben von jemandem, der sie jahrelang selbst gelesen hat
→ Büro-Methoden für zu Hause: Wiedervorlage, Postausgang mit Nachweis, Widerspruchsfristen im Blick
→ Keine abgedruckten Beträge oder Stichtage, die mit der nächsten Reform veralten
→ Druckerfreundlich in Schwarz-Weiß, kopiert sauber
---
SO STARTEN SIE
Kapitel 3 zeigt den ersten Nachmittag in sechs Schritten: Ordner besorgen, nur das Nötigste kopieren, Stammdaten ausfüllen, Notfallbogen an den Kühlschrank – alles andere darf warten.
---
WAS SIE BEKOMMEN
- Datei 1: Der komplette Pflegeordner (PDF, A4, 116 Seiten) – mit Erklärseiten, Einleitung, Anleitung und Begriffen von A bis Z
- Datei 2: Nur die Kopiervorlagen (PDF, A4, 51 Seiten) – zum schnellen Nachdrucken
- Sofort nach dem Kauf als Download
- Zum Ausdrucken und handschriftlichen Ausfüllen (keine am PC ausfüllbaren Formularfelder)
- Es wird nichts verschickt

NUTZUNG: Sie dürfen die Vorlagen für die Pflege in Ihrem eigenen Haushalt beliebig oft kopieren – auch für Ihre Vertretung und den Pflegedienst. Weiterverkauf, Veröffentlichung und gewerbliche Nutzung (z. B. als Formularsatz einer Einrichtung) sind nicht erlaubt.

HINWEIS: Dieser Pflegeordner ordnet, was ohnehin anfällt. Er ersetzt keine ärztliche Behandlung und keine Rechts- oder Pflegeberatung. Er enthält bewusst keine Vordrucke für Vorsorgedokumente.

Mehr Wissen rund um Intensivstation und Pflege: intensivstation-ratgeber.de",12.57,EUR,999,"Pflegeordner,Pflegeordner_PDF,Pflege_zu_Hause,pflegende_Angehörige,Notfallordner_Pflege,Pflegemappe,Pflegedokumentation,Kopiervorlagen,Pflegegrad,Intensivpflege,Pflegeprotokoll,Medikamentenplan,Notfallbogen",,https://i.etsystatic.com/64486107/r/il/b13844/8516989522/il_fullxfull.8516989522_cdff.jpg,https://i.etsystatic.com/64486107/r/il/1c0a36/8560980113/il_fullxfull.8560980113_8sig.jpg,https://i.etsystatic.com/64486107/r/il/75c6ea/8560980063/il_fullxfull.8560980063_jb5x.jpg,https://i.etsystatic.com/64486107/r/il/25dd93/8560979801/il_fullxfull.8560979801_oidg.jpg,https://i.etsystatic.com/64486107/r/il/d02dd5/8513113330/il_fullxfull.8513113330_99c0.jpg,https://i.etsystatic.com/64486107/r/il/8730bd/8560980095/il_fullxfull.8560980095_hcos.jpg,https://i.etsystatic.com/64486107/r/il/cea7e2/8513113188/il_fullxfull.8513113188_erov.jpg,https://i.etsystatic.com/64486107/r/il/199515/8560979837/il_fullxfull.8560979837_6kjq.jpg,https://i.etsystatic.com/64486107/r/il/e4f6d7/8513113130/il_fullxfull.8513113130_1rud.jpg,https://i.etsystatic.com/64486107/r/il/445fb2/8560979841/il_fullxfull.8560979841_5wxx.jpg,,,,,,,,,,
"Klinikmappe PDF zum Ausdrucken – vorbereitet, falls Mutter oder Vater ins Krankenhaus muss. 24 Kopiervorlagen A4 für Angehörige","Wenn das Telefon klingelt, ist keine Zeit mehr zu suchen.

Ihre Mutter ist gestürzt. Ihr Vater hat plötzlich Brustschmerzen. Der Rettungswagen ist unterwegs, und Sie stehen in der Wohnung und sollen jetzt sofort wissen: Welche Medikamente nimmt sie eigentlich? Wo liegt die Patientenverfügung? Wie heißt der Kardiologe? Was ist damals bei der Operation gemacht worden?

Genau davor haben die meisten Angehörigen Sorge. Nicht vor dem Krankenhaus selbst – sondern davor, im entscheidenden Moment nicht zu wissen, wo die Dinge sind und was auf sie zukommt.

DIESE MAPPE IST DAFÜR GEMACHT, VORHER AUSGEFÜLLT ZU WERDEN.

An einem ruhigen Nachmittag, gemeinsam mit den Eltern, wenn noch nichts passiert ist. Etwa eine Stunde. Danach liegt eine Mappe im Schrank, nach der im Ernstfall nur noch jemand greifen muss.

Und sie hört da nicht auf: Sie erklärt auch, was im Krankenhaus passiert, welche Fragen wichtig sind und worauf es bei der Entlassung ankommt.

Entwickelt von einem Fachkrankenpfleger für Intensivpflege und Anästhesie mit über 17 Jahren Berufserfahrung und ehemaliger Stationsleitung einer Intensivstation mit 23 Betten.
---
FÜR WEN?
✔ Für alle, die vorbereitet sein wollen, bevor etwas passiert – besonders bei alten oder kranken Eltern
✔ Für Angehörige, wenn es schon passiert ist. Auch im Wartezimmer noch sofort nutzbar
✔ Für alle, die vor einer geplanten Operation stehen
✔ Für die, die aus der Ferne organisieren und nicht jeden Tag da sein können
---
WAS SIE HEUTE SCHON AUSFÜLLEN KÖNNEN
Register A ist der Vorsorge-Teil:
· Patientenblatt – alles, was jede Station am ersten Tag fragt
· Medikamentenliste – auch die Tropfen, Salben und rezeptfreien Mittel, an die niemand denkt
· Wo liegen Patientenverfügung und Vollmacht?
· Kliniktasche packen
· Was zu Hause geregelt werden muss, wenn jemand plötzlich weg ist

Ausfüllen, kopieren, zu den Versichertenkarten legen. Fertig.
---
UND WENN ES DANN SO WEIT IST

B · Während des Aufenthalts
Station und Ansprechpartner · wer ist wer im Krankenhaus · Tagesnotizen · Untersuchungen und Befunde · Wörterbuch der Begriffe, die im Flur fallen · was bei einer Verlegung auf die Intensivstation zu tun ist · Besuch und Information

C · Gespräche
Vierzehn vorformulierte Fragen fürs Arztgespräch · Gesprächsprotokoll · Bedenken und Zweitmeinung in sechs Stufen · Sozialdienst und Entlassmanagement · ein ruhiges Blatt für schwere Nachrichten

D · Entlassung und danach
Zwölf Fragen, die zwei Tage vorher geklärt sein müssen · Entlassungscheckliste · Medikamente vorher und nachher vergleichen · die ersten Tage zu Hause · offene Punkte und Fristen · Rechnungen und Zuzahlungen
---
WAS DIESE MAPPE BESONDERS MACHT
→ Sie funktioniert vorsorglich und akut. Wer sie erst im Wartezimmer aufschlägt, kann trotzdem sofort damit arbeiten
→ Die Fragen sind vorformuliert und werden vorher angekreuzt. Im Gespräch fällt einem nichts mehr ein – das ist normal, und genau dafür ist das Blatt da
→ Sie beantwortet auch die Frage, die kaum jemand laut stellt: Was passiert da eigentlich, und was kommt auf mich zu?
→ Links die Erklärung, rechts die Vorlage: Der Erklärtext wird nie mitkopiert
→ Jedes Blatt trägt eine Kennung wie C-01 – jede Kopie findet zurück an ihren Platz
→ Der Medikamentenvergleich vorher/nachher verhindert die häufigste Gefahr nach einer Entlassung
→ Keine Beträge oder Stichtage, die veralten
→ Druckerfreundlich in Schwarz-Weiß
---
WAS SIE BEKOMMEN
- Datei 1: Die komplette Klinikmappe (PDF, A4, 70 Seiten) – mit Erklärseiten, Einleitung, Anleitung und Begriffen von A bis Z
- Datei 2: Nur die Kopiervorlagen (PDF, A4, 28 Seiten) – zum schnellen Nachdrucken
- Sofort nach dem Kauf als Download
- Zum Ausdrucken und handschriftlichen Ausfüllen (keine am PC ausfüllbaren Formularfelder)
- Es wird nichts verschickt

NUTZUNG: Sie dürfen die Vorlagen für sich und Ihre Familie beliebig oft kopieren – auch für Ärzte, Pflegekräfte und alle, die an der Versorgung beteiligt sind. Weiterverkauf, Veröffentlichung und gewerbliche Nutzung sind nicht erlaubt.

HINWEIS: Diese Mappe ordnet, was rund um einen Krankenhausaufenthalt ohnehin anfällt. Sie ersetzt keine ärztliche Behandlung, keine Aufklärung und keine Rechtsberatung. Sie enthält bewusst keine Vordrucke für Vorsorgedokumente.

Mehr Wissen rund um Krankenhaus und Pflege: intensivstation-ratgeber.de",9.99,EUR,999,"Klinikmappe,Krankenhaus,Kliniktasche,Arztgespräch,Checkliste_PDF,Notfall_Vorsorge,Angehörige,Patientenmappe,Medikamentenplan,Vorsorge_Eltern,Entlassung,Kopiervorlagen,Notfallmappe",,https://i.etsystatic.com/64486107/r/il/37d97d/8516991338/il_fullxfull.8516991338_96dq.jpg,https://i.etsystatic.com/64486107/r/il/f76913/8560959191/il_fullxfull.8560959191_ki7q.jpg,https://i.etsystatic.com/64486107/r/il/7cb103/8560958963/il_fullxfull.8560958963_7tuo.jpg,https://i.etsystatic.com/64486107/r/il/b03c93/8560959151/il_fullxfull.8560959151_lekn.jpg,https://i.etsystatic.com/64486107/r/il/aa27a7/8513092014/il_fullxfull.8513092014_bfoz.jpg,https://i.etsystatic.com/64486107/r/il/2dcc4e/8560959007/il_fullxfull.8560959007_5qeh.jpg,https://i.etsystatic.com/64486107/r/il/eb1406/8560959039/il_fullxfull.8560959039_a8ri.jpg,https://i.etsystatic.com/64486107/r/il/6e8875/8560959037/il_fullxfull.8560959037_irft.jpg,https://i.etsystatic.com/64486107/r/il/4f0807/8560959031/il_fullxfull.8560959031_r7bq.jpg,https://i.etsystatic.com/64486107/r/il/7dd616/8560959043/il_fullxfull.8560959043_etkj.jpg,,,,,,,,,,
"Den Tod erklären Kinder – Vorlesegeschichte + Ratgeber Spezial PDF | Trauer begleiten | Lernolotl Spezial","„Du musst keine perfekte Antwort haben. Du musst nur da sein — und ehrlich.""

Jemand in der Familie ist gestorben. Dein Kind fragt: Wo ist Oma jetzt? Stirbst du auch? Tut sterben weh?

Du willst ehrlich antworten. Aber du weißt nicht, wie. Dieser Ratgeber gibt dir die Worte — und das Vertrauen, das Gespräch zu führen.

——————————————————————
WAS IST IM RATGEBER ENTHALTEN?
——————————————————————
✦ Vorlesegeschichte (2 Seiten) — „Der Himmel ist wirklich weit"": Finn, 7 Jahre, und sein Vater nach dem Tod von Oma Hilde. ~1000 Wörter, zum gemeinsamen Lesen
✦ Warum dieses Gespräch schwer ist — empathischer Fachinput, kein Psychologiebuch
✦ Was Kinder wirklich brauchen — Entwicklungspsychologie kurz und klar
✦ Altersgerechte Erklärungen: 3–4 Jahre · 5–7 Jahre · 8+ Jahre — je mit Musterformulierung
✦ Sätze zum Vorlesen — 8 Situationen, wörtlich übernehmen: „Stirbst du auch?"", „Wo ist Oma jetzt?"", „Was passiert beim Sterben?""
✦ Kinderfragen & Antworten — die 6 Fragen, die Kinder wirklich stellen
✦ Was du vermeiden solltest — 4 häufige Fehler (ohne Vorwurf) mit besseren Alternativen
✦ Gesprächsleitfaden nach dem Vorlesen — 8 Gesprächsstarter, die das Kind einladen ohne zu drängen
✦ Die Wochen danach — was normal ist, was du beobachten kannst, wann mehr Hilfe sinnvoll ist
✦ Rituale & Impulse — 6 Aktivitäten für die Zeit nach dem ersten Gespräch
✦ Buchempfehlung für Kinder ab 3 Jahren

——————————————————————
FÜR WEN IST DIESER RATGEBER?
——————————————————————
→ Eltern, die gerade erleben, dass jemand gestorben ist — und nicht wissen, wie sie anfangen sollen
→ Eltern, die sich vorbereiten wollen — bevor die Fragen kommen
→ Erzieherinnen und Lehrkräfte, die das Thema Tod im Kita- oder Schulalltag begleiten
→ Alle, die ehrlich sein wollen — ohne das Kind zu überfordern
→ Kinder ab 3 Jahren, gemeinsam mit Erwachsenen

——————————————————————
FORMAT & DOWNLOAD
——————————————————————
↓ Sofort-Download nach Kaufabschluss
↓ PDF · 13 Seiten · A4 · Druckfertig
↓ Zuhause auf normalem Drucker ausdrucken
↓ Einzelseiten können laminiert werden (z.B. die Sätze-Seite)

Entwickelt von einer Grundschullehrerin mit Inklusionserfahrung und einem ICU-Krankenpfleger, der täglich mit Trauer und Sterben arbeitet.

© NeuroTeacherTools · lernolotl.de · Nur für privaten und pädagogischen Gebrauch",4.2,EUR,999,"Lernolotl,Vorlesegeschichte_PDF,Kinder_Ratgeber,Neurodiversität_Kind,Grundschule_Inklusion,Tod_erklären_Kind,Trauer_Kinder,Sterben_kindgerecht,Begleitgeschichte_deutsch,Trauerhilfe_Familie,Tod_Kinder_PDF,Erzieherinnen_Material,Gefühle_Kinder",,https://i.etsystatic.com/64486107/r/il/649ccf/8052574175/il_fullxfull.8052574175_e417.jpg,https://i.etsystatic.com/64486107/r/il/63ab0b/8004653364/il_fullxfull.8004653364_d800.jpg,https://i.etsystatic.com/64486107/r/il/490033/8052574331/il_fullxfull.8052574331_3ux5.jpg,https://i.etsystatic.com/64486107/r/il/13a251/8052574325/il_fullxfull.8052574325_mb95.jpg,https://i.etsystatic.com/64486107/r/il/1458c3/8004653358/il_fullxfull.8004653358_7lzi.jpg,,,,,,,,,,,,,,,
"Gruppenarbeit — ich will es alleine machen | Ratgeber Nr.52 Teamarbeit Neurodiversität | Vorlesegeschichte Grundschule | PDF Download","""Heute arbeiten wir in Gruppen."" Für manche Kinder zieht sich bei diesem Satz etwas im Bauch zusammen.

Nicht weil sie andere nicht mögen. Sondern weil so vieles unausgesprochen bleibt: Wer macht was? Was wenn jemand nichts tut? Was wenn ich alles selbst machen will, weil ich mir sicher bin, dass es dann besser wird? Dieser Ratgeber erklärt, warum Gruppenarbeit für neurodiverse Kinder besonders anstrengend ist — und wie explizite Rollen aus einer Stresssituation etwas machen, das keiner alleine geschafft hätte.

➤ WAS DRIN STECKT

Vorlesegeschichte ""Regen, Blitz und Kompromiss"" — über eine Gruppe die zusammenwächst
Fachinput über Teamarbeit, implizite Erwartungen und Neurodiversität
Einfache Begleitgeschichte für Kinder (6 Seiten, ein Satz je Seite)
Gruppen-Rollen-Spiel — wer bin ich in der Gruppe?
Rollen-Karte zum Ausschneiden und in die nächste Gruppenarbeit mitnehmen

18 Seiten · PDF · Sofort-Download

➤ FÜR WEN

Eltern, deren Kind am liebsten alles alleine macht
Lehrkräfte, die Gruppenarbeit inklusiver gestalten wollen
Kinder ab 6, die endlich verstehen wollen warum Gruppe so anstrengend ist

✔ Sofort-Download nach Kauf — 18 Seiten, druckoptimiertes PDF
✔ Nur für privaten und pädagogischen Gebrauch",3.9,EUR,998,"Lernolotl,Gruppenarbeit_Kinder,Teamarbeit_Grundschule,Neurodiversität_Schule,ADHS_Gruppenarbeit,Autismus_Schule,Vorlesegeschichte_Grundschule,Ratgeber_Eltern,Soziale_Kompetenz_Kind,Hochsensibilität_Kind,PDF_Download_Deutsch,NeuroTeacherTools,Inklusion_Grundschule",,https://i.etsystatic.com/64486107/r/il/67c5d7/7928875369/il_fullxfull.7928875369_ovnm.jpg,https://i.etsystatic.com/64486107/r/il/881f19/7928875415/il_fullxfull.7928875415_ntb6.jpg,https://i.etsystatic.com/64486107/r/il/bf82c1/7880915598/il_fullxfull.7880915598_fkwi.jpg,https://i.etsystatic.com/64486107/r/il/5ff595/7928875517/il_fullxfull.7928875517_25y7.jpg,https://i.etsystatic.com/64486107/r/il/878ae6/7880915744/il_fullxfull.7880915744_r7xl.jpg,https://i.etsystatic.com/64486107/r/il/22c5cd/7928875637/il_fullxfull.7928875637_dor6.jpg,https://i.etsystatic.com/64486107/r/il/8b60e5/7880915808/il_fullxfull.7880915808_g1tl.jpg,https://i.etsystatic.com/64486107/r/il/683ff9/7928875697/il_fullxfull.7928875697_e1sk.jpg,https://i.etsystatic.com/64486107/r/il/013e0c/7928875765/il_fullxfull.7928875765_matz.jpg,https://i.etsystatic.com/64486107/r/il/3c4798/7928875793/il_fullxfull.7928875793_cfqf.jpg,,,,,,,,,,
"Mobbing  - wenn andere gemein sind. PDF Ratgeber Nr 19| Grundschule | Begleitgeschichte Autismus ADHS Eltern Download","Dein Kind kommt traurig nach Hause. Irgendetwas stimmt nicht. Und du weißt nicht genau, was.

Dieser Ratgeber begleitet Eltern und Kinder durch das schwierige Thema Mobbing: was es ist, was es nicht ist, und was Kinder und Eltern tun können — ohne es schlimmer zu machen.

**Was ist drin:**
- Vorlesegeschichte: Lernolotl wird gemobbt — und findet einen Weg
- 4 Seiten Elternratgeber: Mobbing erkennen, Handlungsschritte, Kommunikation mit Schule
- Begleitgeschichte (6 Seiten) — für Kinder, die das Geschehene einordnen müssen
- Familien-Spiel: Was ist Mobbing — was ist Streit?
- 2 Mitmachseiten
- 16 Seiten, A4, sofort druckbar

**Für wen:**
Eltern, Erzieherinnen und Lehrerinnen — besonders wichtig für neurodivergente Kinder, die überproportional häufig betroffen sind.",3.9,EUR,998,"mobbing_kinder_grundschule,bullying_erklären_kind,autismus_mobbing,adhs_ausgrenzung,begleitgeschichte_deutsch,vorlesegeschichte_mobbing,gemein_sein_kind,familienratgeber_pdf,lernolotl_download,neurodivergent_schule,pädagogik_mobbing,schule_eltern_tipps,hilfe_mobbing",,https://i.etsystatic.com/64486107/r/il/5c9128/7828199948/il_fullxfull.7828199948_8ari.jpg,https://i.etsystatic.com/64486107/r/il/25f4f2/7876151533/il_fullxfull.7876151533_b27g.jpg,https://i.etsystatic.com/64486107/r/il/356f6b/7828200224/il_fullxfull.7828200224_qzez.jpg,https://i.etsystatic.com/64486107/r/il/74cc48/7828200258/il_fullxfull.7828200258_49wp.jpg,https://i.etsystatic.com/64486107/r/il/559f62/7828200282/il_fullxfull.7828200282_ctbv.jpg,https://i.etsystatic.com/64486107/r/il/052ecb/7828200326/il_fullxfull.7828200326_51yf.jpg,https://i.etsystatic.com/64486107/r/il/20cd9a/7828200374/il_fullxfull.7828200374_h493.jpg,https://i.etsystatic.com/64486107/r/il/ba7331/7876151979/il_fullxfull.7876151979_rmh1.jpg,https://i.etsystatic.com/64486107/r/il/e066aa/7828200616/il_fullxfull.7828200616_3bph.jpg,,,,,,,,,,,
"Autismus Meltdown Management Lehrkräfte - Notfall Protokoll Grundschule - Classroom Erste Hilfe für Lehrer Ressource PDF","Ein autistisches Kind hat einen Meltdown - und du weißt nicht, was du tun sollst? Der Feueralarm geht los, und plötzlich liegt ein Schüler am Boden, schreit, schlägt um sich. Die anderen Kinder starren. Du fühlst dich hilflos.

**Dieser Leitfaden gibt dir die Werkzeuge, die du JETZT brauchst.**

✅ **Was du sofort bekommst:**
• **Meltdown vs. Trotzanfall** - Klare Unterscheidung (das macht den entscheidenden Unterschied!)
• **3-Phasen-Modell:** Rumble, Rage, Recovery - wie du in jeder Phase richtig handelst
• **Notfall-Protokoll** zum Ausdrucken (griffbereit ans Pult legen!)
• **Präventions-Checkliste:** 90% aller Meltdowns sind vermeidbar - wenn du die Warnsignale kennst
• **Warnsignal-Tracking Tabelle:** Muster erkennen, bevor es eskaliert
• **Eltern-Kommunikations-Vorlage:** Professionell und ohne Vorwurf über Vorfälle sprechen

🎯 **Perfekt für:**
• Grundschullehrkräfte mit autistischen Schülern
• Förderschul- und Inklusionslehrkräfte
• Schulbegleiter und pädagogische Fachkräfte
• Referendare und Vertretungslehrer, die schnell Handlungssicherheit brauchen

💡 **Warum dieser Leitfaden funktioniert:**
Entwickelt von **Katharina Rawe** (Grundschullehrerin mit Autismus-Spezialisierung) und **Paul Rawe** (Intensivpfleger mit 17 Jahren Erfahrung) - beide Eltern eines autistischen Kindes. Hier bekommst du keine Theorie aus dem Lehrbuch, sondern erprobte Praxis aus dem Klassenzimmer.

📄 **Wissenschaftlich fundiert** - mit 15+ Quellenangaben

📥 **Das bekommst du:**
• PDF-Datei (sofort nach Kauf herunterladen)
• Druckoptimiert für A4
• Ausdruckbare Vorlagen und Checklisten
• **Leseprobe verfügbar:** https://autismus-adhs-alltag.de/leseproben/autismus-leseprobe_meltdown.html

💶 **Preis:** €6,99 (einmalig)

🔒 **Nutzungsrechte:** Privat + Schulische Nutzung erlaubt | Keine kommerzielle Weitergabe

---

**Rechtliche Hinweise:**
Verkäufer: Paul Rawe (Kleinunternehmer gem. § 19 UStG)
• Impressum: https://autismus-adhs-alltag.de/rechtliches/etsy-impressum.html
• AGB: https://autismus-adhs-alltag.de/rechtliches/etsy-agb.html
• Datenschutz: https://autismus-adhs-alltag.de/rechtliches/etsy-datenschutz.html",5.87,EUR,998,"autismus_sensorik,sensorische_überlastung,autismus_lehrer,grundschule_inklusion,sensory_overload,inklusionslehrkraft,förderschule,lehrer_materialien,special_education,autism_sensory_guide,autism_meltdown_help,autismus_notfall,meltdown_management",,https://i.etsystatic.com/64486107/r/il/904d7a/7695217932/il_fullxfull.7695217932_5qqt.jpg,https://i.etsystatic.com/64486107/r/il/6a16e8/7743162683/il_fullxfull.7743162683_hu8n.jpg,https://i.etsystatic.com/64486107/r/il/66ea18/7695218424/il_fullxfull.7695218424_2z6g.jpg,https://i.etsystatic.com/64486107/r/il/fc3905/7695218580/il_fullxfull.7695218580_i9nj.jpg,https://i.etsystatic.com/64486107/r/il/71fd90/7743163207/il_fullxfull.7743163207_6bmt.jpg,,,,,,,,,,,,,,,
"4 Begleitgeschichten Reizüberflutung Alltag Kinder – Bundle PDF | Supermarkt Warten Bus Pause Autismus ADHS","🌊 Lernolotl Alltag-Bundle – 4 Begleitgeschichten für reizreiche Alltagssituationen

Supermarkt, Busfahrt, Wartezimmer, Schulhof — manchmal ist der Alltag einfach zu laut, zu voll, zu viel. Dieser Bundle gibt Kindern konkrete Strategien für die vier häufigsten Überflutungsmomente.

Lernolotl, der freundliche Axolotl mit der runden Brille, kennt das Gefühl, wenn alles auf einmal zu viel wird — und weiß, was dann hilft.

---

📚 ENTHALTENE BEGLEITGESCHICHTEN (4 Hefte):

1. 🛒 Lernolotl geht einkaufen
   → Der Supermarkt: Licht, Geräusche, Menschenmassen — und wie man trotzdem durchkommt

2. ⏳ Lernolotl wartet
   → Geduld in vollen Wartebereichen: Strategien zum Durchhalten ohne Ausraster

3. 🚌 Lernolotl fährt mit dem Bus
   → Öffentliche Verkehrsmittel: Lärm, enge Räume, Haltestellen — Schritt für Schritt

4. 🏫 Lernolotl macht eine Pause
   → Die laute Pause auf dem Schulhof: Rückzug als Stärke, nicht als Schwäche

Jede Geschichte enthält: illustrierte Situationen, kurze Texte und pädagogische Hinweise für Eltern und Fachkräfte.

---

✅ WAS DU BEKOMMST:

• 4 druckfertige PDF-Dateien (A4)
• Sofort nach dem Kauf als Download verfügbar
• Ohne Wasserzeichen
• Für den persönlichen oder pädagogischen Einsatz (Eltern, Erzieher:innen, Therapeut:innen, Fachkräfte)

---

👉 BESONDERS HILFREICH FÜR:
• Kinder mit sensorischer Überempfindlichkeit
• Kinder mit Autismus oder ADHS im Alltag
• Kinder, die in vollen, lauten Situationen schnell überfordert sind
• Alle Familien, die Alltagssituationen strukturierter angehen möchten

---

💡 NUTZUNGSHINWEIS:
Dieses Produkt ist ausschließlich für den persönlichen und pädagogischen Gebrauch. Eine Weitergabe, Weiterverkauf oder öffentliche Verbreitung der Dateien ist nicht gestattet.

---

🌱 Über Lernolotl:
Lernolotl ist ein kindgerechter Lernbegleiter für Kinder, die manchmal einen etwas anderen Weg brauchen. Alle Produkte entstehen mit pädagogischer Expertise und aus echter Familienerfahrung.

👉 Weitere Lernolotl-Materialien findest du in unserem Shop.",10.99,EUR,999,"Reizüberflutung_Kind,Supermarkt_Autismus,Bus_fahren_Autismus,Warten_lernen_Kind,Sensorisch_überfordert,Autismus_Kind,ADHS_Alltag,Begleitgeschichte,Lernolotl,Social_Story,Inklusion,Fördermaterial_PDF,Bundle_Alltag_PDF",,https://i.etsystatic.com/64486107/r/il/0a0e21/7988888620/il_fullxfull.7988888620_219l.jpg,https://i.etsystatic.com/64486107/r/il/050432/7988888722/il_fullxfull.7988888722_8430.jpg,https://i.etsystatic.com/64486107/r/il/8cd221/8036828699/il_fullxfull.8036828699_cdss.jpg,https://i.etsystatic.com/64486107/r/il/f52844/8036828753/il_fullxfull.8036828753_3zt9.jpg,https://i.etsystatic.com/64486107/r/il/a6d291/7988888886/il_fullxfull.7988888886_251q.jpg,https://i.etsystatic.com/64486107/r/il/df7da2/8036828861/il_fullxfull.8036828861_2q3z.jpg,https://i.etsystatic.com/64486107/r/il/85c8cb/8036828891/il_fullxfull.8036828891_mide.jpg,https://i.etsystatic.com/64486107/r/il/d8aef6/8036828927/il_fullxfull.8036828927_dgb2.jpg,https://i.etsystatic.com/64486107/r/il/e4a719/8036828959/il_fullxfull.8036828959_mxpi.jpg,https://i.etsystatic.com/64486107/r/il/b4cfa2/7988889082/il_fullxfull.7988889082_o3he.jpg,,,,,,,,,,
"Familienveränderung Kinder erklären – 4 Begleitgeschichten Bundle PDF | Geschwister Umzug Großeltern schlafen Autismus","👶 Lernolotl Familien-Bundle – 4 Begleitgeschichten für große Veränderungen

Ein neues Geschwisterkind, ein Umzug in eine fremde Wohnung, die Nacht bei Oma, die erste Übernachtung beim Freund — Familienveränderungen können für Kinder aufwühlend sein. Dieser Bundle hilft Kindern, sich in neuen Familienkonstellationen sicher zu fühlen.

Lernolotl, der freundliche Axolotl mit der runden Brille, kennt das Gefühl, wenn sich zu Hause plötzlich alles verändert.

---

📚 ENTHALTENE BEGLEITGESCHICHTEN (4 Hefte):

1. 👶 Lernolotl bekommt ein Geschwisterkind
   → Das Baby kommt: Eifersucht, Veränderung, weiterhin geliebt sein — alles darf sein

2. 📦 Lernolotl zieht um
   → Ein neues Zuhause: Abschiednehmen, ankommen, das Neue erkunden

3. 👴 Lernolotl besucht die Großeltern
   → Fremde Wohnung, andere Regeln, aber vertraute Menschen: Großelternbesuche mit Sicherheit

4. 🌙 Lernolotl schläft auswärts
   → Die erste Übernachtung weg von Zuhause: Klassenfahrt, bei Freunden, bei Oma — Schritt für Schritt

Jede Geschichte enthält: illustrierte Situationen, kurze Texte und pädagogische Hinweise für Eltern und Fachkräfte.

---

✅ WAS DU BEKOMMST:

• 4 druckfertige PDF-Dateien (A4)
• Sofort nach dem Kauf als Download verfügbar
• Ohne Wasserzeichen
• Für den persönlichen oder pädagogischen Einsatz (Eltern, Erzieher:innen, Therapeut:innen, Fachkräfte)

---

👉 BESONDERS HILFREICH FÜR:
• Familien, die ein neues Baby erwarten
• Kinder, die bald umziehen oder umgezogen sind
• Kinder mit Autismus oder ADHS bei Routinebrüchen und Veränderungen
• Kinder, die bald ihre erste Klassenfahrt oder Übernachtung erleben
• Alle Kinder ab 3 Jahren in Zeiten des Wandels

---

💡 NUTZUNGSHINWEIS:
Dieses Produkt ist ausschließlich für den persönlichen und pädagogischen Gebrauch. Eine Weitergabe, Weiterverkauf oder öffentliche Verbreitung der Dateien ist nicht gestattet.

---

🌱 Über Lernolotl:
Lernolotl ist ein kindgerechter Lernbegleiter für Kinder, die manchmal einen etwas anderen Weg brauchen. Alle Produkte entstehen mit pädagogischer Expertise und aus echter Familienerfahrung.

👉 Weitere Lernolotl-Materialien findest du in unserem Shop.",10.99,EUR,999,"Geschwisterkind_Autismus,Umzug_Kind_erklären,Großeltern_besuchen,Auswärts_schlafen_Kind,Klassenfahrt_vorbereiten,Autismus_Kind,ADHS_Kinder,Begleitgeschichte,Lernolotl,Social_Story,Familienveränderung,Inklusion,Bundle_Familie_PDF",,https://i.etsystatic.com/64486107/r/il/dac42b/7988882144/il_fullxfull.7988882144_nse8.jpg,https://i.etsystatic.com/64486107/r/il/8e1522/7988882230/il_fullxfull.7988882230_r8qq.jpg,https://i.etsystatic.com/64486107/r/il/7bdc72/8036822307/il_fullxfull.8036822307_89mv.jpg,https://i.etsystatic.com/64486107/r/il/2feaa8/7988882332/il_fullxfull.7988882332_sp7o.jpg,https://i.etsystatic.com/64486107/r/il/bcee1b/8036822445/il_fullxfull.8036822445_6xkv.jpg,https://i.etsystatic.com/64486107/r/il/35996b/7988882454/il_fullxfull.7988882454_tw4w.jpg,https://i.etsystatic.com/64486107/r/il/6ada74/8036822589/il_fullxfull.8036822589_e1ia.jpg,https://i.etsystatic.com/64486107/r/il/e4483f/7988882594/il_fullxfull.7988882594_4izb.jpg,https://i.etsystatic.com/64486107/r/il/54b237/7988882646/il_fullxfull.7988882646_2m8z.jpg,https://i.etsystatic.com/64486107/r/il/63b50d/8036822727/il_fullxfull.8036822727_otp5.jpg,,,,,,,,,,
"Schulstart Autismus Kind vorbereiten – 5 Begleitgeschichten Bundle PDF | Einschulung Schulalltag Schulangst Lernolotl","🏫 Lernolotl Schul-Bundle – 5 Begleitgeschichten für Schulstart und Schulalltag

Die Schule bringt viele neue Situationen auf einmal: der erste Tag, die laute Pause, der Schulbus, die Mensa, die erste schlechte Note. Dieser Bundle begleitet Kinder durch alle fünf zentralen Schulherausforderungen — bevor sie passieren.

Lernolotl, der freundliche Axolotl mit der runden Brille, ist dabei — von der Einschulung bis zum Notenheft.

---

📚 ENTHALTENE BEGLEITGESCHICHTEN (5 Hefte):

1. 🎒 Lernolotl geht in die Schule
   → Der erste Schultag: Klassenzimmer, Lehrerin, neue Kinder, der Stundenplan

2. 🏫 Lernolotl macht eine Pause
   → Die große Pause: Lärm, Schulhof, allein sein, Strategien für überforderte Momente

3. 🚌 Lernolotl fährt mit dem Bus
   → Selbstständig Bus fahren: einsteigen, Haltestelle, fremde Menschen, ankommen

4. 🍽️ Lernolotl isst in der Schule
   → Schulkantine und Mittagessen: Geräusche, Schlange, Auswahl, einfach essen

5. 📝 Lernolotl bekommt schlechte Noten
   → Eine schlechte Note ist kein Ende: Gefühle sortieren, reden, weitermachen

Jede Geschichte enthält: illustrierte Situationen, kurze Texte und pädagogische Hinweise für Eltern und Fachkräfte.

---

✅ WAS DU BEKOMMST:

• 5 druckfertige PDF-Dateien (A4)
• Sofort nach dem Kauf als Download verfügbar
• Ohne Wasserzeichen
• Für den persönlichen oder pädagogischen Einsatz (Eltern, Erzieher:innen, Therapeut:innen, Fachkräfte)

---

👉 BESONDERS HILFREICH FÜR:
• Kinder, die bald eingeschult werden
• Kinder mit Autismus oder ADHS im Schulalltag
• Kinder mit Schulangst oder Schulverweigerungstendenzen
• Eltern, die ihrem Kind den Schulstart erleichtern möchten
• Alle Grundschulkinder ab 5 Jahren

---

💡 NUTZUNGSHINWEIS:
Dieses Produkt ist ausschließlich für den persönlichen und pädagogischen Gebrauch. Eine Weitergabe, Weiterverkauf oder öffentliche Verbreitung der Dateien ist nicht gestattet.

---

🌱 Über Lernolotl:
Lernolotl ist ein kindgerechter Lernbegleiter für Kinder, die manchmal einen etwas anderen Weg brauchen. Alle Produkte entstehen mit pädagogischer Expertise und aus echter Familienerfahrung.

👉 Weitere Lernolotl-Materialien findest du in unserem Shop.",13,EUR,999,"Einschulung_Autismus,Schulstart_Kind,Schulangst_vorbereiten,Bus_fahren_Autismus,Schulkantine_Kind,Autismus_Kind,ADHS_Grundschule,Begleitgeschichte,Lernolotl,Social_Story_Schule,Inklusion_Grundschule,Schlechte_Note_Kind,Back_to_School_PDF",,https://i.etsystatic.com/64486107/r/il/e40b1e/8036797015/il_fullxfull.8036797015_h58g.jpg,https://i.etsystatic.com/64486107/r/il/4ca3f9/7988857274/il_fullxfull.7988857274_kf8z.jpg,https://i.etsystatic.com/64486107/r/il/a4cbf5/8036797181/il_fullxfull.8036797181_c3uf.jpg,https://i.etsystatic.com/64486107/r/il/5950e5/8036797237/il_fullxfull.8036797237_q38k.jpg,https://i.etsystatic.com/64486107/r/il/bcf96c/7988857412/il_fullxfull.7988857412_dcv1.jpg,https://i.etsystatic.com/64486107/r/il/b37c58/8036797341/il_fullxfull.8036797341_1z68.jpg,https://i.etsystatic.com/64486107/r/il/b2ab52/7988857500/il_fullxfull.7988857500_41hm.jpg,https://i.etsystatic.com/64486107/r/il/179db8/7988857538/il_fullxfull.7988857538_werd.jpg,https://i.etsystatic.com/64486107/r/il/26c1ec/7988857592/il_fullxfull.7988857592_i2xh.jpg,https://i.etsystatic.com/64486107/r/il/17af8d/8036797575/il_fullxfull.8036797575_lfhf.jpg,,,,,,,,,,
"Sozialverhalten Kinder üben – 4 Begleitgeschichten Bundle PDF | Freunde Teilen Pause Warten Autismus ADHS Lernolotl","🤝 Lernolotl Sozial-Bundle – 4 Begleitgeschichten für Kita und Schule

Freunde finden, teilen, die Pause auf dem Schulhof überstehen, geduldig warten — diese vier sozialen Fähigkeiten sind für viele Kinder echte Herausforderungen. Dieser Bundle gibt Kindern die Sprache und die Strategien, die sie brauchen.

Lernolotl, der freundliche Axolotl mit der runden Brille, zeigt Schritt für Schritt: Soziale Situationen können funktionieren — und sogar Spaß machen.

---

📚 ENTHALTENE BEGLEITGESCHICHTEN (4 Hefte):

1. 👫 Lernolotl findet einen Freund
   → Wie Freundschaften entstehen: ansprechen, spielen, nachfragen — konkrete erste Schritte

2. 🎁 Lernolotl teilt
   → Teilen fällt schwer — und das ist okay. Mit Strategien, die wirklich funktionieren

3. 🏫 Lernolotl macht eine Pause
   → Die Schulpause als Herausforderung: Was tun, wenn der Lärm zu viel wird?

4. ⏳ Lernolotl wartet
   → Geduld üben: im Wartezimmer, in der Schlange, wenn etwas Tolles noch kommt

Jede Geschichte enthält: illustrierte Situationen, kurze Texte und pädagogische Hinweise für Eltern und Fachkräfte.

---

✅ WAS DU BEKOMMST:

• 4 druckfertige PDF-Dateien (A4)
• Sofort nach dem Kauf als Download verfügbar
• Ohne Wasserzeichen
• Für den persönlichen oder pädagogischen Einsatz (Eltern, Erzieher:innen, Therapeut:innen, Fachkräfte)

---

👉 BESONDERS HILFREICH FÜR:
• Kinder mit Autismus oder ADHS
• Kinder, die sich mit Freundschaften schwer tun
• Kinder, die auf dem Schulhof überfordert sind
• Erzieher:innen und Lehrer:innen als Klassenmaterial
• Alle Kinder ab 3 Jahren im Kita- und Schulalltag

---

💡 NUTZUNGSHINWEIS:
Dieses Produkt ist ausschließlich für den persönlichen und pädagogischen Gebrauch. Eine Weitergabe, Weiterverkauf oder öffentliche Verbreitung der Dateien ist nicht gestattet.

---

🌱 Über Lernolotl:
Lernolotl ist ein kindgerechter Lernbegleiter für Kinder, die manchmal einen etwas anderen Weg brauchen. Alle Produkte entstehen mit pädagogischer Expertise und aus echter Familienerfahrung.

👉 Weitere Lernolotl-Materialien findest du in unserem Shop.",10.99,EUR,999,"Freunde_finden_Kind,Teilen_lernen_Kita,Pause_Schule_Autismus,Warten_lernen_Kind,Sozialverhalten_Kinder,Autismus_Kind,ADHS_Kinder,Begleitgeschichte,Lernolotl,Social_Story,Inklusion_Schule,Fördermaterial_PDF,Kita_Grundschule_PDF",,https://i.etsystatic.com/64486107/r/il/40bc7c/8036790617/il_fullxfull.8036790617_lj0y.jpg,https://i.etsystatic.com/64486107/r/il/6d9737/8036790697/il_fullxfull.8036790697_j181.jpg,https://i.etsystatic.com/64486107/r/il/0afca0/7988851094/il_fullxfull.7988851094_ot89.jpg,https://i.etsystatic.com/64486107/r/il/a1bec2/8036790789/il_fullxfull.8036790789_jlu4.jpg,https://i.etsystatic.com/64486107/r/il/5aa702/8036790835/il_fullxfull.8036790835_lztf.jpg,https://i.etsystatic.com/64486107/r/il/99d7ed/8036790871/il_fullxfull.8036790871_1b1y.jpg,https://i.etsystatic.com/64486107/r/il/c5334b/8036790919/il_fullxfull.8036790919_r8lb.jpg,https://i.etsystatic.com/64486107/r/il/0d3922/7988851352/il_fullxfull.7988851352_lw73.jpg,https://i.etsystatic.com/64486107/r/il/f9d514/8036791011/il_fullxfull.8036791011_83a8.jpg,https://i.etsystatic.com/64486107/r/il/9b4e6d/7988851434/il_fullxfull.7988851434_5gib.jpg,,,,,,,,,,
"Gefühle regulieren Kinder – 4 Begleitgeschichten Bundle PDF | Wut Trauer Fehler Verlieren Autismus ADHS Emotionen","🌋 Lernolotl Gefühle-Bundle – 4 Begleitgeschichten zur Emotionsregulation

Starke Gefühle können überwältigend sein — besonders für Kinder, die lernen, sie zu benennen, zu verstehen und mit ihnen umzugehen. Dieser Bundle begleitet Kinder durch die vier häufigsten emotionalen Herausforderungen: Wut, Trauer, Fehler und das Verlieren.

Lernolotl, der freundliche Axolotl mit der runden Brille, macht es vor: Jedes Gefühl hat einen Namen. Und jedes Gefühl darf sein.

---

📚 ENTHALTENE BEGLEITGESCHICHTEN (4 Hefte):

1. 🌋 Lernolotl ist wütend
   → Von den ersten Körpersignalen bis zu konkreten Strategien: Atmen, Pause, sicherer Ort

2. 💧 Lernolotl ist traurig
   → Trauer benennen und annehmen: es ist okay zu weinen, und Hilfe annehmen ist Stärke

3. 🌀 Lernolotl macht Fehler
   → Fehler sind keine Katastrophen: Perfektionismus sanft auflösen, aus Fehlern lernen

4. 🏆 Lernolotl verliert
   → Spielen und verlieren: warum Verlieren schwer ist und wie es leichter wird

Jede Geschichte enthält: illustrierte Situationen, kurze Texte und pädagogische Hinweise für Eltern und Fachkräfte.

---

✅ WAS DU BEKOMMST:

• 4 druckfertige PDF-Dateien (A4)
• Sofort nach dem Kauf als Download verfügbar
• Ohne Wasserzeichen
• Für den persönlichen oder pädagogischen Einsatz (Eltern, Erzieher:innen, Therapeut:innen, Fachkräfte)

---

👉 BESONDERS HILFREICH FÜR:
• Kinder mit Autismus oder ADHS
• Kinder mit häufigen Wutausbrüchen oder starker Frustrationstoleranzproblematik
• Kinder, die Fehler schwer akzeptieren oder beim Verlieren eskalieren
• Therapeut:innen und Fachkräfte als begleitendes Arbeitsmaterial
• Alle Kinder ab 3 Jahren, die lernen möchten, mit Gefühlen umzugehen

---

💡 NUTZUNGSHINWEIS:
Dieses Produkt ist ausschließlich für den persönlichen und pädagogischen Gebrauch. Eine Weitergabe, Weiterverkauf oder öffentliche Verbreitung der Dateien ist nicht gestattet.

---

🌱 Über Lernolotl:
Lernolotl ist ein kindgerechter Lernbegleiter für Kinder, die manchmal einen etwas anderen Weg brauchen. Alle Produkte entstehen mit pädagogischer Expertise und aus echter Familienerfahrung.

👉 Weitere Lernolotl-Materialien findest du in unserem Shop.",10.99,EUR,999,"Wut_regulieren_Kind,Traurigkeit_Kinder,Fehler_machen_erlaubt,Verlieren_lernen_Kind,Gefühle_Kinder,Autismus_Kind,ADHS_Kinder,Begleitgeschichte,Emotionen_Lernen,Lernolotl,Social_Story,Inklusion,Bundle_Gefühle_PDF",,https://i.etsystatic.com/64486107/r/il/976e5b/8036783897/il_fullxfull.8036783897_hx40.jpg,https://i.etsystatic.com/64486107/r/il/72949d/7988844084/il_fullxfull.7988844084_nouq.jpg,https://i.etsystatic.com/64486107/r/il/a135e0/7988844138/il_fullxfull.7988844138_r3kb.jpg,https://i.etsystatic.com/64486107/r/il/c6dace/8036784137/il_fullxfull.8036784137_lgqu.jpg,https://i.etsystatic.com/64486107/r/il/45c99a/8036784319/il_fullxfull.8036784319_7wap.jpg,https://i.etsystatic.com/64486107/r/il/28edd9/7988844394/il_fullxfull.7988844394_4yb3.jpg,https://i.etsystatic.com/64486107/r/il/184176/7988844494/il_fullxfull.7988844494_qt3b.jpg,https://i.etsystatic.com/64486107/r/il/5f15a8/8036784507/il_fullxfull.8036784507_3hgr.jpg,https://i.etsystatic.com/64486107/r/il/63d146/8036784561/il_fullxfull.8036784561_82xi.jpg,https://i.etsystatic.com/64486107/r/il/867faf/7988844608/il_fullxfull.7988844608_fcv6.jpg,,,,,,,,,,
"Arztbesuch Autismus Kind vorbereiten – 4 Begleitgeschichten Bundle PDF | Zahnarzt Krankenhaus Angst Warten Lernolotl","🏥 Lernolotl Arzt-Bundle – 4 Begleitgeschichten für medizinische Situationen

Arzttermine, Zahnarztbesuche, ein Krankenhausaufenthalt, stundenlanges Warten — für viele Kinder gehören diese Situationen zu den größten Herausforderungen überhaupt. Dieser Bundle begleitet dein Kind Schritt für Schritt durch alle vier Situationen, bevor sie passieren.

Lernolotl, der freundliche Axolotl mit der runden Brille, zeigt: Das geht — und du schaffst das auch.

---

📚 ENTHALTENE BEGLEITGESCHICHTEN (4 Hefte):

1. 🩺 Lernolotl geht zum Arzt
   → Vorbereitung auf einen typischen Kinderarztbesuch: Wartezimmer, Untersuchung, Impfung

2. 🦷 Lernolotl beim Zahnarzt
   → Schritt-für-Schritt durch den Zahnarztbesuch: Stuhl, Licht, Instrumente, kein Grund zur Panik

3. 🏥 Lernolotl geht ins Krankenhaus
   → Für geplante und ungeplante Aufenthalte: ankommen, schlafen, Untersuchungen, nach Hause

4. ⏳ Lernolotl wartet
   → Strategien fürs Warten: Wartezimmer, Schlange stehen, auf etwas Aufgeregtes warten

Jede Geschichte enthält: illustrierte Situationen, kurze Texte und pädagogische Hinweise für Eltern und Fachkräfte.

---

✅ WAS DU BEKOMMST:

• 4 druckfertige PDF-Dateien (A4)
• Sofort nach dem Kauf als Download verfügbar
• Ohne Wasserzeichen
• Für den persönlichen oder pädagogischen Einsatz (Eltern, Erzieher:innen, Therapeut:innen, Fachkräfte)

---

👉 BESONDERS HILFREICH FÜR:
• Kinder mit Autismus oder ADHS
• Kinder mit starker Arzt- oder Zahnarztangst
• Kinder, die bevorstehende medizinische Eingriffe kennen lernen möchten
• Alle Kinder ab 3 Jahren, die sich Sicherheit in neuen Situationen wünschen

---

💡 NUTZUNGSHINWEIS:
Dieses Produkt ist ausschließlich für den persönlichen und pädagogischen Gebrauch. Eine Weitergabe, Weiterverkauf oder öffentliche Verbreitung der Dateien ist nicht gestattet.

---

🌱 Über Lernolotl:
Lernolotl ist ein kindgerechter Lernbegleiter für Kinder, die manchmal einen etwas anderen Weg brauchen. Alle Produkte entstehen mit pädagogischer Expertise und aus echter Familienerfahrung.

👉 Weitere Lernolotl-Materialien findest du in unserem Shop.",10.99,EUR,999,"Arztbesuch_Autismus,Zahnarzt_Kind_Angst,Krankenhaus_Kind,Begleitgeschichte,Warten_lernen_Kind,Autismus_Kind,ADHS_Kinder,Lernolotl,Angst_abbauen_Kind,Fördermaterial_PDF,Social_Story,Inklusion_Kita,Bundle_Kinder_PDF",,https://i.etsystatic.com/64486107/r/il/d5d557/8036775147/il_fullxfull.8036775147_668f.jpg,https://i.etsystatic.com/64486107/r/il/9585b7/7988835620/il_fullxfull.7988835620_amau.jpg,https://i.etsystatic.com/64486107/r/il/28defa/8036775525/il_fullxfull.8036775525_r33b.jpg,https://i.etsystatic.com/64486107/r/il/703a78/7988835718/il_fullxfull.7988835718_cy6t.jpg,https://i.etsystatic.com/64486107/r/il/6d5785/8036775637/il_fullxfull.8036775637_cl5t.jpg,https://i.etsystatic.com/64486107/r/il/ee5022/7988835792/il_fullxfull.7988835792_7rpr.jpg,https://i.etsystatic.com/64486107/r/il/ee62de/7988835840/il_fullxfull.7988835840_18il.jpg,https://i.etsystatic.com/64486107/r/il/becdb4/8036775751/il_fullxfull.8036775751_l96i.jpg,https://i.etsystatic.com/64486107/r/il/1a2965/8036775779/il_fullxfull.8036775779_4vt6.jpg,https://i.etsystatic.com/64486107/r/il/6ecb1f/8036775811/il_fullxfull.8036775811_oyj1.jpg,,,,,,,,,,
"Begleitgeschichte Großeltern besuchen Autismus Kind – Lernolotl besucht die Großeltern |  PDF fremde Wohnung übernachten Oma Kind","🏡 Lernolotl besucht die Großeltern – Begleitgeschichte für neue Orte und fremde Umgebungen

Der Besuch bei Oma und Opa ist für viele Kinder ein besonderer Moment — und gleichzeitig eine echte Herausforderung: Eine fremde Wohnung, andere Gerüche, ungewohnte Abläufe, Menschen, die viel fragen und umarmen möchten. Diese Begleitgeschichte begleitet Kinder Schritt für Schritt durch diesen Besuch — von der Ankunft bis zum Abschied.

Lernolotl, der freundliche Axolotl mit der runden Brille, zeigt, wie man sich in einer fremden Wohnung orientieren kann, wie man freundlich Nein sagen darf und wie aus einem fremden Ort am Ende ein kleines Stück Vertrautheit wird.

---

📖 WAS IST EINE BEGLEITGESCHICHTE?

Begleitgeschichten helfen Kindern, schwierige Situationen und Gefühle vorab zu verstehen. Sie erklären, was passiert, welche Gefühle normal sind — und was man tun kann. Besonders wirksam, wenn sie mehrere Tage vor dem Ereignis regelmäßig gelesen werden.

Sie sind besonders hilfreich für:
• Kinder mit Autismus oder ADHS, die auf Veränderungen und fremde Umgebungen sensibel reagieren
• Kinder mit Trennungsangst oder starker Bindung an vertraute Abläufe
• Kinder, die Großeltern selten sehen und die Situation kaum kennen
• Alle Kinder ab 3 Jahren, die lernen, neue Orte Schritt für Schritt zu erkunden

---

🏠 INHALT DER GESCHICHTE (15 Situationen in 3 Phasen):

PHASE 1 — Ankommen:
Situation 1 – Wir fahren zu Oma und Opa (Vorfreude & Anspannung)
Situation 2 – Alles ist anders hier (fremde Wohnung)
Situation 3 – Es riecht komisch (sensorische Eindrücke)
Situation 4 – Ich vermisse mein Zuhause (Heimweh validieren)

PHASE 2 — Strategien:
Situation 5 – Oma fragt viel (Überforderung durch soziale Erwartungen)
Situation 6 – Ich darf Nein sagen (körperliche Autonomie)
Situation 7 – Ich bringe etwas mit (vertrautes Objekt als Anker)
Situation 8 – Ich finde meinen Platz (sicherer Ort in der Wohnung)

PHASE 3 — Vertrautheit:
Situation 9 – Opa zeigt mir etwas (gemeinsames Entdecken)
Situation 10 – Wir essen zusammen (Tisch mit vielen Menschen)
Situation 11 – Schlafen woanders (erste Nacht in fremdem Bett)
Situation 12 – Morgen kenne ich mich aus (Gewöhnung)
Situation 13 – Es gibt auch etwas Schönes (positives Highlight)
Situation 14 – Auf Wiedersehen sagen (Abschied vorbereiten)
Situation 15 – Ich kann neue Orte (Abschluss & Selbstwirksamkeit)

Jede Situation enthält: eine Illustration, einen kurzen Text und einen pädagogischen Hinweis speziell für Eltern und Fachkräfte.

---

✅ WAS DU BEKOMMST:

• 1 druckfertige PDF-Datei (A4)
• Sofort nach dem Kauf als Download verfügbar
• Ohne Wasserzeichen
• Für den persönlichen oder pädagogischen Einsatz (Eltern, Erzieher:innen, Therapeut:innen, Fachkräfte)

---

💡 NUTZUNGSHINWEIS:
Dieses Produkt ist ausschließlich für den persönlichen und pädagogischen Gebrauch. Eine Weitergabe, Weiterverkauf oder öffentliche Verbreitung der Datei ist nicht gestattet.

---

🌱 Über Lernolotl:
Lernolotl ist ein kindgerechter Lernbegleiter für Kinder, die manchmal einen etwas anderen Weg brauchen. Alle Produkte entstehen mit pädagogischer Expertise und aus echter Familienerfahrung.

👉 Weitere Lernolotl-Materialien findest du in unserem Shop.",4,EUR,999,"Großeltern_Kind,Autismus_Besuch,Fremde_Umgebung,Begleitgeschichte,Social_Story,Übernachten_Kind,ADHS_Kinder,Autismus_Kind,Inklusion_PDF,Lernolotl,Kindergarten_PDF,Fördermaterial,Neue_Orte_Kind",,https://i.etsystatic.com/64486107/r/il/685a11/7986807012/il_fullxfull.7986807012_ku96.jpg,https://i.etsystatic.com/64486107/r/il/edb311/7986807010/il_fullxfull.7986807010_izxi.jpg,https://i.etsystatic.com/64486107/r/il/0f0135/8034747287/il_fullxfull.8034747287_mb8s.jpg,https://i.etsystatic.com/64486107/r/il/553928/8034747293/il_fullxfull.8034747293_1vj8.jpg,,,,,,,,,,,,,,,,
"Schwimmen lernen – Vorlesegeschichte + Ratgeber Nr 34 PDF | Neue Umgebung & Sinnesreize | Lernolotl Sport-Reihe","„Der erste Tag im Wasser — und plötzlich ist alles neu.""

Das Wasser riecht anders. Die Halle hallt. Alle anderen springen rein — der Lernolotl steht am Rand. Nicht aus Angst, sondern weil er erst verstehen muss, was um ihn herum passiert.

Neue Umgebungen sind für viele Kinder — besonders neurodivergente — eine echte sensorische Herausforderung. Dieser Ratgeber begleitet den ersten Schritt ins Wasser: in eigenem Tempo, mit eigenem Mut.

——————————————————————
WAS IST IM RATGEBER ENTHALTEN?
——————————————————————
✦ Vorlesegeschichte (3 Seiten) — Der Lernolotl und sein erster Schwimmkurs
✦ Fachartikel: Neue Umgebungen, Sinnesreize und Orientierung
✦ Expertentipps: Erklären, zeigen, warten lassen — wie Eltern begleiten
✦ Gesprächsleitfaden mit Antwortvorschlägen
✦ Begleitgeschichte (6 Seiten) für Kinder ab 5 Jahren
✦ Familien-Spiel: Der Mut-Kompass — was traue ich mich?
✦ Mitmachseite 1: Mein erster Schritt (Mutbild zum Gestalten)
✦ Mitmachseite 2: Meine Mutig-Momente-Karte (laminierbar)
✦ Rückseite mit Serienübersicht

——————————————————————
FÜR WEN IST DIESER RATGEBER?
——————————————————————
→ Eltern neurodiverser Kinder (ADHS, Autismus, Hochsensibilität)
→ Erzieherinnen und Lehrerinnen in Kita und Grundschule
→ Für alle Kinder, die neue Situationen langsam brauchen
→ Kinder ab 5 Jahren, mit Eltern gemeinsam

↓ Sofort-Download nach Kaufabschluss
↓ PDF · 17 Seiten · A4 · Druckfertig


© NeuroTeacherTools · lernolotl.de · Nur für privaten und pädagogischen Gebrauch",3.9,EUR,998,"Lernolotl,Vorlesegeschichte_PDF,Kinder_Ratgeber,Neurodiversität_Kind,Grundschule_Inklusion,Schwimmen_lernen_Kind,Neue_Umgebung_Kind,Sinnesreize_Kinder,Begleitgeschichte_deutsch,Mut_Kinder_Sport,Hochsensibel_Kind,ADHS_Sport_Kinder,Angst_Wasser_Kind",,https://i.etsystatic.com/64486107/r/il/0800f7/7855240590/il_fullxfull.7855240590_rvzo.jpg,https://i.etsystatic.com/64486107/r/il/6378e8/7855240662/il_fullxfull.7855240662_65t4.jpg,https://i.etsystatic.com/64486107/r/il/8da42f/7903200563/il_fullxfull.7903200563_hzz9.jpg,https://i.etsystatic.com/64486107/r/il/3f3215/7903200579/il_fullxfull.7903200579_ieca.jpg,https://i.etsystatic.com/64486107/r/il/bf6403/7903200581/il_fullxfull.7903200581_murr.jpg,https://i.etsystatic.com/64486107/r/il/b1698f/7903200583/il_fullxfull.7903200583_lf6z.jpg,https://i.etsystatic.com/64486107/r/il/f7925c/7903200551/il_fullxfull.7903200551_ktes.jpg,https://i.etsystatic.com/64486107/r/il/1ad5b3/7855240840/il_fullxfull.7855240840_ovyu.jpg,https://i.etsystatic.com/64486107/r/il/b3e46c/7903200569/il_fullxfull.7903200569_s3z5.jpg,https://i.etsystatic.com/64486107/r/il/113577/7903200565/il_fullxfull.7903200565_cdwj.jpg,,,,,,,,,,
"Begleitgeschichte Fehler machen erlaubt Lernolotl – PDF | Perfektionismus Kind Autismus Fehler Selbstwert","✨ Lernolotl macht Fehler – Begleitgeschichte zum Umgang mit Fehlern

Einen Fehler zu machen ist für viele Kinder keine Kleinigkeit — es fühlt sich an wie eine Katastrophe. Besonders Kinder mit Autismus oder ADHS reagieren oft mit extremer Wut auf sich selbst, Rückzug, Aufgeben oder Perfektionismus. Diese Begleitgeschichte hilft Kindern, Fehler als etwas Normales — und sogar Wertvolles — zu erleben.

Lernolotl, der freundliche Axolotl mit der runden Brille, macht einen Fehler. Und zeigt Schritt für Schritt, wie man damit umgehen kann: innehalten, verstehen, weitermachen.

---

📖 WAS IST EINE BEGLEITGESCHICHTE?

Begleitgeschichten helfen Kindern, schwierige Situationen und Gefühle vorab zu verstehen — in kleinen, wiederholbaren Schritten. Sie erklären, was passiert, welche Gefühle normal sind, und was man tun kann.

Besonders hilfreich für:
• Kinder mit Autismus oder ADHS, die auf Fehler mit Meltdowns oder Blockaden reagieren
• Kinder mit Perfektionismus, die aufgeben, wenn etwas nicht sofort klappt
• Kinder mit niedrigem Selbstwert, die sich selbst nach Fehlern hart bestrafen
• Kinder, die Schwierigkeiten haben, sich zu entschuldigen
• Alle Kinder ab 4 Jahren, die lernen dürfen: Fehler gehören zum Leben dazu

---

🌱 INHALT DER GESCHICHTE (15 Situationen in 3 Phasen):

PHASE 1 — Fehler erleben & verstehen:
Situation 1 – Etwas geht schief
Situation 2 – Das komische Gefühl danach
Situation 3 – Ich wollte das nicht!
Situation 4 – Fehler machen alle

PHASE 2 — Gefühle regulieren & handeln:
Situation 5 – Wütend auf sich selbst
Situation 6 – Kurz innehalten
Situation 7 – Was ist passiert?
Situation 8 – Ich kann es anders versuchen

PHASE 3 — Verarbeiten & wachsen:
Situation 9 – Jemandem davon erzählen
Situation 10 – Es tut mir leid sagen
Situation 11 – Was habe ich gelernt?
Situation 12 – Fehler machen nicht schlecht
Situation 13 – Nochmal versuchen
Situation 14 – Ich bin gut genug
Situation 15 – Fehler gehören dazu

Jede Situation enthält: eine Illustration, einen kurzen kindgerechten Text und einen pädagogischen Hinweis für Eltern und Fachkräfte.

---

✅ WAS DU BEKOMMST:

• 1 druckfertige PDF-Datei (A4)
• Sofort nach dem Kauf als Download verfügbar
• Ohne Wasserzeichen
• Für den persönlichen oder pädagogischen Einsatz (Eltern, Erzieher:innen, Therapeut:innen, Schulbegleitungen)

---

💡 NUTZUNGSHINWEIS:
Für persönlichen und pädagogischen Gebrauch. Keine Weitergabe, kein Weiterverkauf der Datei.

---

🌱 Über Lernolotl:
Lernolotl ist ein kindgerechter Lernbegleiter — entwickelt von einer Intensivpflegekraft und einer Inklusionspädagogin. Alle Materialien entstehen mit echter Familienerfahrung und pädagogischem Herz.

👉 Weitere Lernolotl-Materialien findest du in unserem Shop.",4,EUR,999,"Fehler_machen_Kind,Perfektionismus_Kind,Autismus_Fehler,Begleitgeschichte,Social_Story,Selbstwert_Kind,ADHS_Kind,Fehlertoleranz,Lernolotl,Gefühle_Kinder,Resilienz_Kind,Fördermaterial,Inklusion_PDF",,https://i.etsystatic.com/64486107/r/il/ab35d3/8032392919/il_fullxfull.8032392919_b6v2.jpg,https://i.etsystatic.com/64486107/r/il/b179ba/7984449694/il_fullxfull.7984449694_sqpt.jpg,https://i.etsystatic.com/64486107/r/il/de1aff/8032392913/il_fullxfull.8032392913_c71m.jpg,https://i.etsystatic.com/64486107/r/il/e3066e/8032392907/il_fullxfull.8032392907_ihoj.jpg,,,,,,,,,,,,,,,,
"Begleitgeschichte Schlechte Note Kind – Lernolotl bekommt schlechte Noten | PDF Autismus ADHS Schulangst Versagensangst Grundschule","📚 Lernolotl bekommt schlechte Noten – Begleitgeschichte über Schulangst & Versagensangst

Für viele Kinder fühlt sich eine schlechte Note nicht wie ein Ergebnis an — sondern wie ein Urteil über ihre ganze Person. Der Bauch zieht sich zusammen. Die Scham kommt. Die innere Stimme sagt Dinge, die nicht stimmen.

Diese Begleitgeschichte begleitet Kinder Schritt für Schritt: von dem Moment, in dem die Note kommt, über das Verarbeiten der Enttäuschung, das Hinterfragen der inneren Kritikerstimme und das mutige Gespräch mit Mama oder Papa — bis zu der wichtigen Erkenntnis: Eine Note sagt nicht, wer du bist.

Lernolotl, der freundliche Axolotl mit der runden Brille, zeigt, was viele Kinder kennen: das Herzklopfen beim Zurückgeben der Arbeit, die Scham, die kommt, und den langen Weg zurück zu: „Ich lerne noch — und das ist gut so.""

---

📖 WAS IST EINE BEGLEITGESCHICHTE?

Begleitgeschichten helfen Kindern, schwierige Situationen und Gefühle vorab zu verstehen. Sie sind besonders wirksam, wenn sie regelmäßig gelesen werden — auch vorbeugend, vor Klassenarbeiten oder in Phasen mit erhöhtem Leistungsdruck.

Sie sind besonders hilfreich für:
• Kinder mit Autismus oder ADHS, die intensiv auf Misserfolge reagieren
• Kinder mit Versagensangst oder Schulangst
• Kinder, die Fehler als Katastrophe erleben
• Alle Grundschulkinder, die lernen möchten, mit Enttäuschung umzugehen

---

📚 INHALT DER GESCHICHTE (15 Situationen in 4 Phasen):

PHASE 1 — Das Ergebnis:
Situation 1 – Die Note kommt (erster Schock)
Situation 2 – Der Bauch zieht sich zusammen (Körpergefühl)
Situation 3 – Schämen mögen (die soziale Dimension)
Situation 4 – Das Gefühl darf sein (Validation)

PHASE 2 — Die Gedanken:
Situation 5 – Die innere Stimme (innerer Kritiker)
Situation 6 – Fehler passieren allen (Normalisierung)
Situation 7 – Was die Note nicht sagt (Identität ≠ Leistung)
Situation 8 – Mutig fragen (Wachstumsdenken)

PHASE 3 — Gespräch & Plan:
Situation 9 – Mit jemandem reden (Vertrauen)
Situation 10 – Zugehört werden (nicht allein sein)
Situation 11 – Was kann ich tun? (Handlungsfähigkeit)
Situation 12 – Üben ist kein Versagen (Anstrengung als Stärke)

PHASE 4 — Weiter:
Situation 13 – Der nächste Versuch (neu anfangen)
Situation 14 – Ich lerne noch (Wachstumsdenken)
Situation 15 – Ich bin mehr als eine Note (Selbstwert)

Jede Situation enthält: eine Illustration, einen kurzen Text und einen pädagogischen Hinweis für Eltern und Fachkräfte.

---

✅ WAS DU BEKOMMST:

• 1 druckfertige PDF-Datei (A4)
• Sofort nach dem Kauf als Download verfügbar
• Ohne Wasserzeichen
• Für den persönlichen oder pädagogischen Einsatz

---

💡 NUTZUNGSHINWEIS:
Dieses Produkt ist ausschließlich für den persönlichen und pädagogischen Gebrauch. Weitergabe, Weiterverkauf oder öffentliche Verbreitung ist nicht gestattet.

---

🌱 Über Lernolotl:
Lernolotl ist ein kindgerechter Lernbegleiter für Kinder, die manchmal einen anderen Weg brauchen. Alle Produkte entstehen mit pädagogischer Expertise und aus echter Familienerfahrung.

👉 Weitere Lernolotl-Materialien findest du in unserem Shop.",4,EUR,999,"Schlechte_Note_Kind,Schulangst_Kinder,Versagensangst,Begleitgeschichte,Social_Story,Autismus_Kind,ADHS_Kinder,Selbstwert_Kinder,Inklusion,Lernolotl,Grundschule_PDF,Fördermaterial,Noten_Angst_Kind",,https://i.etsystatic.com/64486107/r/il/55f22f/8030750799/il_fullxfull.8030750799_6sdk.jpg,https://i.etsystatic.com/64486107/r/il/0aa663/8030750801/il_fullxfull.8030750801_m4yy.jpg,https://i.etsystatic.com/64486107/r/il/208c53/8030750775/il_fullxfull.8030750775_keop.jpg,https://i.etsystatic.com/64486107/r/il/e2a19b/7982804082/il_fullxfull.7982804082_14ga.jpg,,,,,,,,,,,,,,,,
"Begleitgeschichte Übernachtung Kind Angst – Lernolotl schläft auswärts | PDF Autismus ADHS Klassenfahrt Freund Heimweh Kinder","🌙 Lernolotl schläft auswärts – Begleitgeschichte für die erste Nacht woanders

Die erste Übernachtung bei einem Freund. Die erste Klassenfahrt. Die erste Nacht bei den Großeltern ohne Eltern. Für viele Kinder ist das ein riesiger Schritt — und für Kinder, die Vorhersehbarkeit, Routinen und vertraute Orte brauchen, kann es sich überwältigend anfühlen.

Diese Begleitgeschichte bereitet Kinder Schritt für Schritt vor: vom aufgeregten Moment der Einladung über das gemeinsame Kofferpacken, das Ankommen am neuen Ort und das Heimweh in der Nacht — bis zum stolzen, strahlenden Morgen danach.

Lernolotl, der freundliche Axolotl mit der runden Brille, zeigt, was viele Kinder kennen: das komische Bauchgefühl beim Abschied, der Geruch eines fremden Kissens, das Kuscheltier das hilft — und das wunderbare Gefühl, es doch geschafft zu haben.

---

📖 WAS IST EINE BEGLEITGESCHICHTE?

Begleitgeschichten helfen Kindern, schwierige Situationen vorab zu verstehen. Sie erklären, was passiert, welche Gefühle normal sind — und was man tun kann. Besonders wirksam, wenn sie regelmäßig in ruhigen Momenten gelesen werden — mehrere Tage vor der geplanten Übernachtung.

Sie sind besonders hilfreich für:
• Kinder mit Autismus oder ADHS
• Kinder mit Trennungsangst oder starkem Heimweh
• Kinder vor der ersten Klassenfahrt oder Übernachtung bei Freunden
• Alle Kinder ab 4 Jahren, die den Mut für die erste Nacht auswärts brauchen

---

🌙 INHALT DER GESCHICHTE (15 Situationen in 4 Phasen):

PHASE 1 — Vorbereitung:
Situation 1 – Die Einladung kommt (aufgeregte Nervosität)
Situation 2 – Der Koffer wird gepackt (Kontrolle durch Vorbereitung)
Situation 3 – Kuscheltier darf mit (der wichtige Begleiter)
Situation 4 – Abschied üben (kurzer, klarer Abschied)

PHASE 2 — Ankommen:
Situation 5 – Am neuen Ort ankommen (Ersteindrücke)
Situation 6 – Den Schlafplatz erkunden (Raum in Besitz nehmen)
Situation 7 – Abendessen woanders (unbekanntes Essen)
Situation 8 – Das Abendritual (Vertrautes als Anker)

PHASE 3 — Die Nacht:
Situation 9 – Das Licht geht aus (fremde Dunkelheit)
Situation 10 – Heimweh kommt (das Gefühl benennen)
Situation 11 – Mein Kuscheltier ist da (Übergangsobjekt)
Situation 12 – Tief durchatmen (Atemstrategie)

PHASE 4 — Der Morgen:
Situation 13 – Einschlafen gelingt (es funktioniert!)
Situation 14 – Der Morgen kommt (Erleichterung und Freude)
Situation 15 – Ich hab es geschafft! (Stolz und Mut)

Jede Situation enthält: eine Illustration, einen kurzen Text und einen pädagogischen Hinweis für Eltern und Fachkräfte.

---

✅ WAS DU BEKOMMST:

• 1 druckfertige PDF-Datei (A4)
• Sofort nach dem Kauf als Download verfügbar
• Ohne Wasserzeichen
• Für den persönlichen oder pädagogischen Einsatz

---

💡 NUTZUNGSHINWEIS:
Dieses Produkt ist ausschließlich für den persönlichen und pädagogischen Gebrauch. Eine Weitergabe, Weiterverkauf oder öffentliche Verbreitung ist nicht gestattet.

---

🌱 Über Lernolotl:
Lernolotl ist ein kindgerechter Lernbegleiter für Kinder, die manchmal einen etwas anderen Weg brauchen. Alle Produkte entstehen mit pädagogischer Expertise und aus echter Familienerfahrung.

👉 Weitere Lernolotl-Materialien findest du in unserem Shop.",4,EUR,999,"Übernachtung_Kind,Klassenfahrt_Angst,Heimweh_Kinder,Begleitgeschichte,Social_Story,Autismus_Kind,ADHS_Kinder,Trennungsangst,Inklusion,Lernolotl,Schlafen_auswärts,Fördermaterial,Kinderangst_PDF",,https://i.etsystatic.com/64486107/r/il/396a2f/8030727903/il_fullxfull.8030727903_ks6o.jpg,https://i.etsystatic.com/64486107/r/il/e98d22/7982781612/il_fullxfull.7982781612_sade.jpg,https://i.etsystatic.com/64486107/r/il/355962/7982781608/il_fullxfull.7982781608_l5ni.jpg,https://i.etsystatic.com/64486107/r/il/355255/8030727899/il_fullxfull.8030727899_he33.jpg,,,,,,,,,,,,,,,,
"Begleitgeschichte Schulkantine Autismus Kind – Lernolotl isst in der Schule | PDF Mensa überfordert Mittagessen Schule","🍽️ Lernolotl isst in der Schule – Begleitgeschichte zur Schulkantine

Die Schulkantine ist für viele Kinder eine echte Herausforderung: laut, unvorhersehbar, voller fremder Gerüche und Eindrücke. Diese Begleitgeschichte begleitet Kinder Schritt für Schritt durch ihren Kantinentag — vom ersten Anblick bis zu dem stolzen Moment, in dem sie sagen können: „Ich schaffe das!""

Lernolotl, der freundliche Axolotl mit der runden Brille, erlebt, was viele Schulkinder kennen: den Lärm, das fremde Essen, das Suchen nach einem Platz — und lernt dabei Strategien, die wirklich helfen.

---

📖 WAS IST EINE BEGLEITGESCHICHTE?

Begleitgeschichten helfen Kindern, schwierige Situationen vorab zu verstehen. Sie erklären, was passiert, welche Gefühle normal sind — und was man tun kann. Besonders wirksam, wenn sie regelmäßig in ruhigen Momenten vor dem Schulessen gelesen werden.

Sie sind besonders hilfreich für:
• Kinder mit Autismus oder ADHS
• Kinder mit sensorischer Überempfindlichkeit (Lärm, Gerüche, Menschenmassen)
• Kinder mit selektivem Essverhalten
• Kinder, die die Schulkantine als überfordernden Ort erleben
• Alle Schulkinder ab 5 Jahren, die die Mensa neu kennenlernen

---

🌊 INHALT DER GESCHICHTE (15 Situationen in 3 Phasen):

PHASE 1 — Ankommen & Orientieren:
Situation 1 – Die Mensa – so sieht sie aus
Situation 2 – So laut ist es hier
Situation 3 – Was gibt es heute? (Speiseplan)
Situation 4 – Das Essen sieht fremd aus

PHASE 2 — Schwierige Momente & Strategien:
Situation 5 – Ich finde keinen Platz
Situation 6 – Setzen und durchatmen
Situation 7 – Ich probiere etwas
Situation 8 – Wenn es mir zu viel wird

PHASE 3 — Vertrauen aufbauen:
Situation 9 – Jemanden ansprechen (um Hilfe fragen)
Situation 10 – Mein Lieblingsplatz
Situation 11 – Was hat geholfen?
Situation 12 – Die Kantine wird vertrauter
Situation 13 – Mit jemandem essen
Situation 14 – Beim nächsten Mal
Situation 15 – Ich schaffe das!

Jede Situation enthält: eine Illustration, einen kurzen kindgerechten Text und einen pädagogischen Hinweis für Eltern und Fachkräfte.

---

✅ WAS DU BEKOMMST:

• 1 druckfertige PDF-Datei (A4)
• Sofort nach dem Kauf als Download verfügbar
• Ohne Wasserzeichen
• Für den persönlichen oder pädagogischen Einsatz (Eltern, Erzieher:innen, Therapeut:innen, Fachkräfte)

---

💡 NUTZUNGSHINWEIS:
Dieses Produkt ist ausschließlich für den persönlichen und pädagogischen Gebrauch. Eine Weitergabe, Weiterverkauf oder öffentliche Verbreitung der Datei ist nicht gestattet.

---

🌱 Über Lernolotl:
Lernolotl ist ein kindgerechter Lernbegleiter für Kinder, die manchmal einen etwas anderen Weg brauchen. Alle Produkte entstehen mit pädagogischer Expertise und aus echter Familienerfahrung.

👉 Weitere Lernolotl-Materialien findest du in unserem Shop.",4,EUR,999,"Schulkantine_Kind,Mensa_Autismus,Mittagessen_Schule,Begleitgeschichte,Social_Story,Autismus_Kind,ADHS_Schule,Schulstart,Inklusion,Lernolotl,Sensorik_Kind,Fördermaterial,Schule_PDF",,https://i.etsystatic.com/64486107/r/il/13d265/8030672071/il_fullxfull.8030672071_t4fi.jpg,https://i.etsystatic.com/64486107/r/il/ef9c16/7982726556/il_fullxfull.7982726556_ojot.jpg,https://i.etsystatic.com/64486107/r/il/7363e1/7982726530/il_fullxfull.7982726530_tor0.jpg,https://i.etsystatic.com/64486107/r/il/5f79d3/8030672063/il_fullxfull.8030672063_3072.jpg,,,,,,,,,,,,,,,,
"Begleitgeschichte Warten lernen Kind – Lernolotl wartet | PDF Autismus ADHS Geduld Kinder Wartezimmer Impulskontrolle","⏳ Lernolotl wartet – Begleitgeschichte zur Impulskontrolle und Geduld

Warten ist für viele Kinder eine der schwierigsten Situationen des Alltags. Das Kribbeln in den Beinen, die innere Unruhe, das Gefühl: „Ich kann nicht mehr warten!"" — das kennen viele Kinder, besonders Kinder mit Autismus oder ADHS. Diese Begleitgeschichte begleitet Kinder Schritt für Schritt durch eine vollständige Warte-Episode: vom ersten Kribbeln bis zu dem Moment, in dem sie sagen können: „Ich kann warten — und ich kenne meine Warte-Tricks.""

Lernolotl, der freundliche Axolotl mit der runden Brille, erlebt, was viele Kinder kennen: die wippelnden Beine, die Ungeduld, die kleinen Tricks — und am Ende: das ruhige, stolze Gefühl, es geschafft zu haben.

---

📖 WAS IST EINE BEGLEITGESCHICHTE?

Begleitgeschichten helfen Kindern, schwierige Situationen und Gefühle vorab zu verstehen. Sie erklären, was passiert, welche Gefühle normal sind — und was man tun kann. Besonders wirksam, wenn sie regelmäßig in ruhigen Momenten gelesen werden — zum Beispiel vor einem Arztbesuch, einer langen Fahrt oder anderen Wartezeiten.

Sie sind besonders hilfreich für:
• Kinder mit Autismus oder ADHS
• Kinder mit Impulskontrollschwierigkeiten oder starkem Drang nach sofortiger Befriedigung
• Kinder, die im Wartezimmer, beim Anstehen oder bei Wartezeiten sehr leiden
• Alle Kinder ab 3 Jahren, die lernen möchten, Geduld zu entwickeln

---

🌊 INHALT DER GESCHICHTE (15 Situationen in 3 Phasen):

PHASE 1 — Das Warten beginnt:
Situation 1 – Jetzt ist Warten dran
Situation 2 – Der Körper beim Warten (Kribbeln, Wippeln)
Situation 3 – Warten ist schwer (Validierung der Schwierigkeit)
Situation 4 – Warten darf schwer sein

PHASE 2 — Strategien:
Situation 5 – Etwas zum Festhalten (Fidget, Gegenstand)
Situation 6 – Atmen beim Warten (Atemübung)
Situation 7 – Etwas zählen (Aufmerksamkeit lenken)
Situation 8 – Einen Platz finden (Warteplatz als Ressource)

PHASE 3 — Verarbeiten & Stärken:
Situation 9 – Sagen, wie es sich anfühlt
Situation 10 – Das Warten wird kürzer
Situation 11 – Was hat geholfen?
Situation 12 – Es ist so weit! (Feiern des Endes)
Situation 13 – Darüber reden (danach)
Situation 14 – Beim nächsten Mal
Situation 15 – Ich kann warten!

Jede Situation enthält: eine Illustration, einen kurzen Text und einen pädagogischen Hinweis speziell für Eltern und Fachkräfte.

---

✅ WAS DU BEKOMMST:

• 1 druckfertige PDF-Datei (A4)
• Sofort nach dem Kauf als Download verfügbar
• Ohne Wasserzeichen
• Für den persönlichen oder pädagogischen Einsatz (Eltern, Erzieher:innen, Therapeut:innen, Fachkräfte)

---

💡 NUTZUNGSHINWEIS:
Dieses Produkt ist ausschließlich für den persönlichen und pädagogischen Gebrauch. Eine Weitergabe, Weiterverkauf oder öffentliche Verbreitung der Datei ist nicht gestattet.

---

🌱 Über Lernolotl:
Lernolotl ist ein kindgerechter Lernbegleiter für Kinder, die manchmal einen etwas anderen Weg brauchen. Alle Produkte entstehen mit pädagogischer Expertise und aus echter Familienerfahrung.

👉 Weitere Lernolotl-Materialien findest du in unserem Shop.",4,EUR,999,"Warten_lernen_Kind,Geduld_Kinder,Wartezimmer_Kind,Begleitgeschichte,Social_Story,Autismus_Kind,ADHS_Kinder,Impulskontrolle,Inklusion,Lernolotl,Kindergarten_PDF,Fördermaterial,Gefühle_Kinder_PDF",,https://i.etsystatic.com/64486107/r/il/e77409/7980748326/il_fullxfull.7980748326_7sv4.jpg,https://i.etsystatic.com/64486107/r/il/41530e/8028694669/il_fullxfull.8028694669_j7kq.jpg,https://i.etsystatic.com/64486107/r/il/72f7de/8028694663/il_fullxfull.8028694663_15ue.jpg,https://i.etsystatic.com/64486107/r/il/e15103/7980748316/il_fullxfull.7980748316_8dxo.jpg,,,,,,,,,,,,,,,,
"Begleitgeschichte Kindergeburtstag Autismus Kind – Lernolotl feiert Geburtstag | PDF Geburtstag überfordert Party Kinder ADHS","🎈 Lernolotl feiert Geburtstag – Begleitgeschichte zur Parteivorbereitung

Ein Geburtstag ist aufregend — und manchmal auch zu viel. Viele Kinder wissen im Vorhinein nicht, was sie erwartet: Wie laut wird es? Was passiert mit den Geschenken? Wann ist es vorbei? Diese Begleitgeschichte begleitet Kinder Schritt für Schritt durch ein vollständiges Geburtstagsfest: von der aufgeregten Vorfreude bis zu dem ruhigen, stolzen Gefühl danach: „Ich habe auf meine Art gefeiert — und das war genug.""

Lernolotl, der freundliche Axolotl mit der runden Brille, erlebt, was viele Kinder kennen: den Trubel, der zu laut wird, die Pause, die hilft, und das Gefühl am Ende, wirklich etwas geschafft zu haben.

---

📖 WAS IST EINE BEGLEITGESCHICHTE?

Begleitgeschichten helfen Kindern, schwierige oder unbekannte Situationen vorab zu verstehen. Sie erklären, was passiert, welche Gefühle normal sind — und was man tun kann. Besonders wirksam, wenn sie regelmäßig in ruhigen Momenten in den Tagen vor dem Geburtstag gelesen werden.

Sie sind besonders hilfreich für:
• Kinder mit Autismus oder ADHS
• Kinder mit sensorischer Überempfindlichkeit (Lärm, viele Menschen, Überraschungen)
• Kinder, die bei Geburtstagen schnell überfordert sind oder Rückzugsorte brauchen
• Kinder, die Geschenke auspacken oder Aufmerksamkeit schwer aushalten
• Alle Kinder ab 3 Jahren, die einen Geburtstag vorbereiten — den eigenen oder den eines anderen

---

🎂 INHALT DER GESCHICHTE (15 Situationen in 3 Phasen):

PHASE 1 — Vorbereitung & Ankündigung:
Situation 1 – Der Geburtstag kommt (Kalender, Vorfreude)
Situation 2 – So viele Gefühle (aufgeregt und nervös — beides ist okay)
Situation 3 – Was passiert beim Fest? (Ablauf verstehen)
Situation 4 – Es wird laut (Reizempfindlichkeit validieren)

PHASE 2 — Auf der Party:
Situation 5 – Eine Pause ist okay (Rückzug als Stärke)
Situation 6 – Mein ruhiger Ort (Rückzugsort kennen)
Situation 7 – Atmen hilft (Atemstrategie)
Situation 8 – Ich sage, was ich brauche (mutig kommunizieren)
Situation 9 – Geschenke auspacken (ohne Druck)
Situation 10 – Der Kuchen kommt (Happy Birthday — angekündigt)
Situation 11 – Gäste gehen nach Hause (Abschluss des Festes)

PHASE 3 — Nachher:
Situation 12 – Nach dem Fest (Müdigkeit ist normal)
Situation 13 – Was war schön? (positive Erinnerungen)
Situation 14 – Beim nächsten Mal (Handlungsplan)
Situation 15 – Ich kann feiern! (Auf meine Art — das war genug)

Jede Situation enthält: eine Illustration, einen kurzen Text und einen pädagogischen Hinweis speziell für Eltern und Fachkräfte.

---

✅ WAS DU BEKOMMST:

• 1 druckfertige PDF-Datei (A4)
• Sofort nach dem Kauf als Download verfügbar
• Ohne Wasserzeichen
• Für den persönlichen oder pädagogischen Einsatz (Eltern, Erzieher:innen, Therapeut:innen, Fachkräfte)

---

💡 NUTZUNGSHINWEIS:
Dieses Produkt ist ausschließlich für den persönlichen und pädagogischen Gebrauch. Eine Weitergabe, Weiterverkauf oder öffentliche Verbreitung der Datei ist nicht gestattet.

---

🌱 Über Lernolotl:
Lernolotl ist ein kindgerechter Lernbegleiter für Kinder, die manchmal einen etwas anderen Weg brauchen. Alle Produkte entstehen mit pädagogischer Expertise und aus echter Familienerfahrung.

👉 Weitere Lernolotl-Materialien findest du in unserem Shop.",4,EUR,999,"Kindergeburtstag_PDF,Autismus_Geburtstag,Party_überfordert_Kind,Begleitgeschichte,Social_Story,Autismus_Kind,ADHS_Kinder,Lernolotl,Inklusion,Geburtstag_vorbereiten,Gefühle_Kinder,Fördermaterial,Kindergarten_PDF",,https://i.etsystatic.com/64486107/r/il/223689/7972036304/il_fullxfull.7972036304_fhic.jpg,https://i.etsystatic.com/64486107/r/il/f6a0ed/7972036314/il_fullxfull.7972036314_9i4u.jpg,https://i.etsystatic.com/64486107/r/il/d942ac/7972036302/il_fullxfull.7972036302_cp71.jpg,https://i.etsystatic.com/64486107/r/il/1e15dd/8019988027/il_fullxfull.8019988027_67ml.jpg,,,,,,,,,,,,,,,,
"Begleitgeschichte Supermarkt Autismus Kind – Lernolotl geht einkaufen |  PDF Reizüberflutung Einkaufen ADHS überfordert Kinder","🛒 Lernolotl geht einkaufen – Begleitgeschichte für den Supermarkt

Der Supermarkt ist einer der reizintensivsten Orte des Alltags: grelles Licht, Musik, Stimmen, Gerüche, enge Gänge und die stille Erwartung, trotzdem ruhig zu bleiben. Für viele Kinder ist das eine echte Herausforderung. Diese Begleitgeschichte bereitet Kinder Schritt für Schritt auf einen Einkauf vor — vom Einkaufszettel bis zum stolzen Rausgehen.

Lernolotl, der freundliche Axolotl mit der runden Brille, erlebt, was viele Kinder kennen: das Zuviel an Eindrücken, den Moment wo es fast zu viel wird — und die Strategien, die wirklich helfen. Und am Ende: das ruhige, starke Gefühl: „Ich kenne den Supermarkt. Ich komme wieder raus.""

---

📖 WAS IST EINE BEGLEITGESCHICHTE?

Begleitgeschichten helfen Kindern, schwierige Alltagssituationen vorab zu verstehen. Sie erklären, was passiert, welche Schritte kommen — und was man tun kann, wenn es zu viel wird. Besonders wirksam, wenn sie mehrfach in ruhigen Momenten vor dem echten Einkauf gelesen werden.

Sie sind besonders hilfreich für:
• Kinder mit Reizüberflutung im Supermarkt
• Kinder mit sensorischer Überempfindlichkeit (Licht, Lärm, Gerüche)
• Kinder mit Autismus, ADHS oder Angst vor überfüllten Orten
• Alle Kinder ab 3 Jahren, die Alltagsroutinen sicherer werden wollen

---

🛒 INHALT DER GESCHICHTE (15 Situationen in 3 Phasen):

PHASE 1 — Vorbereitung & Ankommen:
Situation 1 – Heute gehen wir einkaufen
Situation 2 – Der Einkaufszettel
Situation 3 – Vor dem Supermarkt
Situation 4 – Wir gehen rein
Situation 5 – So viele Sachen!

PHASE 2 — Im Supermarkt:
Situation 6 – Geräusche im Supermarkt
Situation 7 – Die Liste abarbeiten
Situation 8 – Wenn es zu viel wird
Situation 9 – Eine kleine Pause
Situation 10 – Ich helfe mit

PHASE 3 — Kasse & Raus:
Situation 11 – Zur Kasse gehen
Situation 12 – Warten an der Kasse
Situation 13 – Bezahlen
Situation 14 – Wir gehen raus!
Situation 15 – Ich kann einkaufen gehen

Jede Situation enthält: eine Illustration, einen kurzen Text und einen pädagogischen Hinweis speziell für Eltern und Fachkräfte.

---

✅ WAS DU BEKOMMST:

• 1 druckfertige PDF-Datei (A4)
• Sofort nach dem Kauf als Download verfügbar
• Ohne Wasserzeichen
• Für den persönlichen oder pädagogischen Einsatz (Eltern, Erzieher:innen, Therapeut:innen, Fachkräfte)

---

💡 NUTZUNGSHINWEIS:
Dieses Produkt ist ausschließlich für den persönlichen und pädagogischen Gebrauch. Eine Weitergabe, Weiterverkauf oder öffentliche Verbreitung der Datei ist nicht gestattet.

---

🌱 Über Lernolotl:
Lernolotl ist ein kindgerechter Lernbegleiter für Kinder, die manchmal einen etwas anderen Weg brauchen. Alle Produkte entstehen mit pädagogischer Expertise und aus echter Familienerfahrung.

👉 Weitere Lernolotl-Materialien findest du in unserem Shop.",4,EUR,999,"Supermarkt_Autismus,Reizüberflutung_Kind,Einkaufen_Autismus,Begleitgeschichte,Social_Story,Autismus_Kind,ADHS_Kinder,Überfordert_Kind,Inklusion,Lernolotl,Alltag_Kinder_PDF,Fördermaterial,Sensorik_Kinder",,https://i.etsystatic.com/64486107/r/il/de917c/7969132698/il_fullxfull.7969132698_507t.jpg,https://i.etsystatic.com/64486107/r/il/3a09fd/7969132712/il_fullxfull.7969132712_2rnk.jpg,https://i.etsystatic.com/64486107/r/il/637c04/8017085699/il_fullxfull.8017085699_nhu5.jpg,https://i.etsystatic.com/64486107/r/il/e51855/8017085695/il_fullxfull.8017085695_covk.jpg,,,,,,,,,,,,,,,,
"Begleitgeschichte Umzug Kind erklären – Lernolotl zieht um | PDF Autismus ADHS neues Zuhause Ortswechsel Kinder","🏠 Lernolotl zieht um – Begleitgeschichte für Kinder beim Umzug

Ein Umzug ist eine der größten Veränderungen im Leben eines Kindes. Das vertraute Zimmer, der Garten, die Freunde nebenan — auf einmal ist alles anders. Für Kinder mit Autismus oder ADHS, die auf Vorhersehbarkeit und feste Strukturen angewiesen sind, kann ein Umzug besonders überwältigend sein.

Diese Begleitgeschichte begleitet Kinder Schritt für Schritt durch alle Phasen eines Umzugs: von der ersten Ankündigung über das Packen, den Abschied und die Fahrt bis zum Ankommen, Entdecken und langsamen Zuhause-Werden. Mit Lernolotl, dem freundlichen Axolotl mit der runden Brille, dürfen Kinder alles fühlen — die Aufregung, die Traurigkeit, die Neugier — und lernen: Das Alte bleibt in mir. Und das Neue kann auch gut werden.

---

📖 WAS IST EINE BEGLEITGESCHICHTE?

Begleitgeschichten helfen Kindern, schwierige Situationen vorab zu verstehen. Sie zeigen, was passiert, welche Gefühle normal sind — und was man tun kann. Besonders wirksam, wenn sie vor und nach dem Ereignis regelmäßig gelesen werden.

Sie sind besonders hilfreich für:
• Kinder mit Autismus oder ADHS (Vorhersehbarkeit senkt Stress)
• Kinder, die auf feste Routinen und bekannte Umgebungen angewiesen sind
• Kinder, die den Umzug noch nicht verarbeitet haben
• Alle Kinder ab 3 Jahren, die einen Ortswechsel erleben

---

🏠 INHALT DER GESCHICHTE (15 Situationen in 3 Phasen):

PHASE 1 — Vorbereitung & Abschied:
Situation 1 – Wir ziehen um (die Ankündigung)
Situation 2 – Die Kisten kommen (das Einpacken)
Situation 3 – Abschiednehmen vom alten Zuhause
Situation 4 – Es darf komisch sein (gemischte Gefühle)

PHASE 2 — Unterwegs & Ankommen:
Situation 5 – Die Fahrt (Übergang mit Mama und Papa)
Situation 6 – Das erste Mal sehen (neues Haus)
Situation 7 – Das eigene Zimmer (leer, aber meins)
Situation 8 – Vertraute Dinge (die mitgekommen sind)

PHASE 3 — Entdecken & Ankommen:
Situation 9 – Alles ist anders (fremd, neu, normal)
Situation 10 – Neugierig werden
Situation 11 – Etwas Schönes entdecken
Situation 12 – Die neue Nachbarschaft erkunden
Situation 13 – Das Alte bleibt (Erinnerungen, alte Freunde)
Situation 14 – Was ich jetzt weiß (Resilienz)
Situation 15 – Das ist mein Zuhause

Jede Situation enthält: eine Illustration, einen kurzen Text und einen pädagogischen Hinweis speziell für Eltern und Fachkräfte.

---

✅ WAS DU BEKOMMST:

• 1 druckfertige PDF-Datei (A4)
• Sofort nach dem Kauf als Download verfügbar
• Ohne Wasserzeichen
• Für den persönlichen oder pädagogischen Einsatz (Eltern, Erzieher:innen, Therapeut:innen, Fachkräfte)

---

💡 NUTZUNGSHINWEIS:
Dieses Produkt ist ausschließlich für den persönlichen und pädagogischen Gebrauch. Eine Weitergabe, Weiterverkauf oder öffentliche Verbreitung der Datei ist nicht gestattet.

---

🌱 Über Lernolotl:
Lernolotl ist ein kindgerechter Lernbegleiter für Kinder, die manchmal einen etwas anderen Weg brauchen. Alle Produkte entstehen mit pädagogischer Expertise und aus echter Familienerfahrung.

👉 Weitere Lernolotl-Materialien findest du in unserem Shop.",4,EUR,999,"Umzug_Kind_erklären,Neues_Zuhause_Kind,Ortswechsel_Kind,Begleitgeschichte,Social_Story,Autismus_Kind,ADHS_Kinder,Veränderung_Kinder,Inklusion,Lernolotl,Kindergarten_PDF,Fördermaterial,Umzug_PDF_Kinder",,https://i.etsystatic.com/64486107/r/il/278ce8/8004570923/il_fullxfull.8004570923_jxzw.jpg,https://i.etsystatic.com/64486107/r/il/9fbaa5/8004570927/il_fullxfull.8004570927_oci5.jpg,https://i.etsystatic.com/64486107/r/il/a3ae08/8004570907/il_fullxfull.8004570907_onzy.jpg,https://i.etsystatic.com/64486107/r/il/c0232d/7956611860/il_fullxfull.7956611860_oxjz.jpg,,,,,,,,,,,,,,,,
"Begleitgeschichte Verlieren lernen Kind – Lernolotl verliert | PDF Autismus ADHS schlechter Verlierer Spiel verlieren Frustration","🎲 Lernolotl verliert – Begleitgeschichte zur Frustrationstoleranz

Verlieren gehört zum Spielen dazu. Aber für viele Kinder fühlt es sich alles andere als selbstverständlich an: Der Schmerz ist echt, der Körper reagiert, und die Welt scheint kurz unterzugehen. Diese Begleitgeschichte begleitet Kinder durch eine vollständige Niederlage — vom ersten Schock bis zum mutigen „Ich spiele trotzdem weiter.""

Lernolotl, der freundliche Axolotl mit der runden Brille, erlebt, was viele Kinder kennen: die Anspannung während des Spiels, den Moment des Verlierens, den Körper, der reagiert — und Schritt für Schritt, wie man damit umgehen kann.

---

📖 WAS IST EINE BEGLEITGESCHICHTE?

Begleitgeschichten helfen Kindern, schwierige Situationen und Gefühle vorab zu verstehen. Sie erklären, was passiert, welche Reaktionen normal sind — und was man tun kann. Besonders wirksam, wenn sie regelmäßig in ruhigen Momenten gelesen werden.

Besonders hilfreich für:
• Kinder mit Autismus oder ADHS, die Niederlagen besonders intensiv erleben
• Kinder, die beim Verlieren ausrasten, weinen oder Spiele abbrechen
• Kinder, die nicht mehr spielen wollen, weil sie Angst vor dem Verlieren haben
• Alle Kinder ab 4 Jahren, die lernen möchten, mit Niederlagen umzugehen

---

🌊 INHALT DER GESCHICHTE (15 Situationen in 3 Phasen):

PHASE 1 — Verlieren erleben:
Situation 1 – Das Spiel beginnt
Situation 2 – Es läuft nicht gut
Situation 3 – Verloren!
Situation 4 – Der Körper reagiert
Situation 5 – Das Gefühl darf sein

PHASE 2 — Strategien:
Situation 6 – Eine Pause nehmen
Situation 7 – Durchatmen
Situation 8 – Die anderen freuen sich
Situation 9 – Gut gespielt sagen

PHASE 3 — Verarbeiten und weitermachen:
Situation 10 – Verlieren tut weh — und geht vorbei
Situation 11 – Was hat geholfen?
Situation 12 – Nochmal spielen wollen
Situation 13 – Beim nächsten Spiel
Situation 14 – Verlieren macht mich stärker
Situation 15 – Ich kann verlieren

Jede Situation enthält: eine Illustration, einen kurzen Text und einen pädagogischen Hinweis speziell für Eltern und Fachkräfte.

---

✅ WAS DU BEKOMMST:

• 1 druckfertige PDF-Datei (A4)
• Sofort nach dem Kauf als Download verfügbar
• Ohne Wasserzeichen
• Für den persönlichen oder pädagogischen Einsatz (Eltern, Erzieher:innen, Therapeut:innen, Fachkräfte)

---

💡 NUTZUNGSHINWEIS:
Dieses Produkt ist ausschließlich für den persönlichen und pädagogischen Gebrauch. Eine Weitergabe, Weiterverkauf oder öffentliche Verbreitung der Datei ist nicht gestattet.

---

🌱 Über Lernolotl:
Lernolotl ist ein kindgerechter Lernbegleiter für Kinder, die manchmal einen etwas anderen Weg brauchen. Alle Produkte entstehen mit pädagogischer Expertise und aus echter Familienerfahrung.

👉 Weitere Lernolotl-Materialien findest du in unserem Shop.",4,EUR,999,"Verlieren_lernen_Kind,Schlechter_Verlierer,Frustrationstoleranz,Begleitgeschichte,Social_Story,Autismus_Kind,ADHS_Kinder,Spiel_verlieren,Inklusion,Lernolotl,Grundschule_PDF,Fördermaterial,Niederlage_Kinder",,https://i.etsystatic.com/64486107/r/il/40ad97/7950428462/il_fullxfull.7950428462_a7ws.jpg,https://i.etsystatic.com/64486107/r/il/359269/7998385677/il_fullxfull.7998385677_be5i.jpg,https://i.etsystatic.com/64486107/r/il/0538f7/7998385667/il_fullxfull.7998385667_g1a8.jpg,https://i.etsystatic.com/64486107/r/il/688532/7950428454/il_fullxfull.7950428454_i5bx.jpg,,,,,,,,,,,,,,,,
"Begleitgeschichte Traurigkeit erklären Kinder – Lernolotl ist traurig | PDF Autismus ADHS Weinen Kinder Gefühle Trauer","💧 Lernolotl ist traurig – Begleitgeschichte zur Traurigkeitsverarbeitung

Traurigkeit ist ein echtes, tiefes Gefühl — und eines der wichtigsten, die Kinder je kennenlernen werden. Viele Kinder wissen nicht, was mit ihnen passiert, wenn die Traurigkeit kommt. Der Körper fühlt sich schwer an. Die Kehle ist eng. Und manchmal kommen Tränen, die man gar nicht erwartet hat. Diese Begleitgeschichte begleitet Kinder Schritt für Schritt durch eine vollständige Traurigkeitsepisode: von den ersten Körpersignalen bis zu dem ruhigen, starken Satz: „Ich kenne meine Traurigkeit — und ich bin damit nicht allein.""

Lernolotl, der freundliche Axolotl mit der runden Brille, erlebt, was viele Kinder kennen: das schwere Gefühl im Körper, die Tränen, die kommen dürfen, und den Weg zurück ins Leichte. Und am Ende: die stille, starke Erkenntnis — Traurigkeit gehört dazu. Und ich bin nicht allein.

---

📖 WAS IST EINE BEGLEITGESCHICHTE?

Begleitgeschichten helfen Kindern, schwierige Situationen und Gefühle vorab zu verstehen. Sie erklären, was passiert, welche Gefühle normal sind — und was man tun kann. Besonders wirksam, wenn sie regelmäßig in ruhigen Momenten gelesen werden.

Sie sind besonders hilfreich für:
• Kinder mit Autismus oder ADHS
• Kinder, die Gefühle schwer benennen können
• Kinder, die lernen müssen, dass Weinen erlaubt ist
• Alle Kinder ab 3 Jahren, die lernen möchten, mit Traurigkeit umzugehen

---

💧 INHALT DER GESCHICHTE (15 Situationen in 3 Phasen):

PHASE 1 — Traurigkeit entsteht:
Situation 1 – Etwas tut weh (diffuses Frühwarngefühl)
Situation 2 – Der Körper zeigt Traurigkeit (schwer, Kehle eng)
Situation 3 – Traurigkeit hat einen Grund
Situation 4 – Weinen darf man (Validierung)

PHASE 2 — Strategien:
Situation 5 – Ruhig dasein (Traurigkeit Raum geben)
Situation 6 – Jemanden rufen (Hilfe holen als Stärke)
Situation 7 – Kuscheln hilft (Wärme und Nähe)
Situation 8 – Etwas Schönes denken (positive Ressource)

PHASE 3 — Verarbeiten:
Situation 9 – „Ich bin traurig"" sagen
Situation 10 – Die Traurigkeit wird kleiner
Situation 11 – Was hat geholfen?
Situation 12 – Wieder leichter werden
Situation 13 – Über Traurigkeit sprechen (danach)
Situation 14 – Beim nächsten Mal
Situation 15 – Ich kenne meine Traurigkeit

Jede Situation enthält: eine Illustration, einen kurzen Text und einen pädagogischen Hinweis speziell für Eltern und Fachkräfte.

---

✅ WAS DU BEKOMMST:

• 1 druckfertige PDF-Datei (A4)
• Sofort nach dem Kauf als Download verfügbar
• Ohne Wasserzeichen
• Für den persönlichen oder pädagogischen Einsatz (Eltern, Erzieher:innen, Therapeut:innen, Fachkräfte)

---

💡 NUTZUNGSHINWEIS:
Dieses Produkt ist ausschließlich für den persönlichen und pädagogischen Gebrauch. Eine Weitergabe, Weiterverkauf oder öffentliche Verbreitung der Datei ist nicht gestattet.

---

🌱 Über Lernolotl:
Lernolotl ist ein kindgerechter Lernbegleiter für Kinder, die manchmal einen etwas anderen Weg brauchen. Alle Produkte entstehen mit pädagogischer Expertise und aus echter Familienerfahrung.

👉 Weitere Lernolotl-Materialien findest du in unserem Shop.",4,EUR,999,"Traurigkeit_Kinder,Weinen_darf_man,Gefühle_Kinder,Begleitgeschichte,Social_Story,Autismus_Kind,ADHS_Kinder,Emotionen_Lernen,Inklusion,Lernolotl,Kindergarten_PDF,Fördermaterial,Trauer_Kind_PDF",,https://i.etsystatic.com/64486107/r/il/b4175a/7943051820/il_fullxfull.7943051820_r338.jpg,https://i.etsystatic.com/64486107/r/il/5c9ea9/7943051818/il_fullxfull.7943051818_plwj.jpg,https://i.etsystatic.com/64486107/r/il/ab3577/7991012505/il_fullxfull.7991012505_h9g0.jpg,https://i.etsystatic.com/64486107/r/il/ea9292/7943051802/il_fullxfull.7943051802_lqnn.jpg,,,,,,,,,,,,,,,,
"Begleitgeschichte Teilen lernen Kita Kinder – Lernolotl teilt | PDF Autismus ADHS mein und dein Teilen fällt schwer","💜 Lernolotl teilt – Begleitgeschichte über das Teilen lernen

„Das ist MEINS!"" — Wer Kinder kennt, kennt diesen Moment. Teilen ist keine einfache Regel, sondern eine komplexe soziale Fähigkeit: Kinder müssen erst verstehen, was Mein und Dein bedeutet, was Zeitlichkeit ist und wie andere sich fühlen. Diese Begleitgeschichte begleitet Kinder Schritt für Schritt durch genau diesen Lernprozess — ehrlich, ohne Druck, mit klaren Konzepten.

Lernolotl, der freundliche Axolotl mit der runden Brille, erlebt, was viele Kinder kennen: das Kribbeln, wenn jemand anderes das eigene Spielzeug will. Und lernt: Teilen bedeutet nicht Verlieren. Es gehört mir noch — nur kurz woanders.

---

📖 WAS IST EINE BEGLEITGESCHICHTE?

Begleitgeschichten helfen Kindern, schwierige Situationen und soziale Konzepte vorab zu verstehen. Sie erklären, was passiert, welche Gefühle normal sind — und was man tun kann. Besonders wirksam, wenn sie regelmäßig in ruhigen Momenten gelesen werden.

Sie sind besonders hilfreich für:
• Kinder mit Autismus oder ADHS, die Besitzkonzepte besonders intensiv erleben
• Kinder in Kita, Krippe und Kindergarten, die das Teilen gerade kennenlernen
• Kinder, bei denen Teilen zu Ausbrüchen oder starken Reaktionen führt
• Alle Kinder ab 3 Jahren im Umgang mit Spielzeug, Raum und Aufmerksamkeit

---

🌊 INHALT DER GESCHICHTE (15 Situationen in 3 Phasen):

PHASE 1 — Verstehen:
Situation 1 – Etwas Schönes gehört mir (Besitzgefühl)
Situation 2 – Jemand anderes will es auch
Situation 3 – Das fühlt sich schwer an (Validierung)
Situation 4 – Was ist Teilen überhaupt? (Zeitlichkeit)
Situation 5 – Es gehört mir noch (Kernkonzept)

PHASE 2 — Strategien:
Situation 6 – Eine kurze Zeit warten (mit Hilfsmitteln)
Situation 7 – Zusammen spielen (Alternative)
Situation 8 – Abwechseln — der Reihe nach (Turn-taking)
Situation 9 – Wenn ich nicht teilen will (Gefühle anerkennen)
Situation 10 – Ich darf Nein sagen (Grenzen mit Worten)
Situation 11 – Manche Dinge teile ich nicht (gesunde Grenzen)

PHASE 3 — Verarbeiten:
Situation 12 – Wie fühlt sich Teilen an? (positives Erleben)
Situation 13 – Der andere freut sich (Perspektivwechsel)
Situation 14 – Beim nächsten Mal
Situation 15 – Ich lerne, zu teilen

Jede Situation enthält: eine Illustration, einen kurzen Text und einen pädagogischen Hinweis speziell für Eltern und Fachkräfte.

---

✅ WAS DU BEKOMMST:

• 1 druckfertige PDF-Datei (A4)
• Sofort nach dem Kauf als Download verfügbar
• Ohne Wasserzeichen
• Für den persönlichen oder pädagogischen Einsatz (Eltern, Erzieher:innen, Therapeut:innen, Fachkräfte)

---

💡 NUTZUNGSHINWEIS:
Dieses Produkt ist ausschließlich für den persönlichen und pädagogischen Gebrauch. Eine Weitergabe, Weiterverkauf oder öffentliche Verbreitung der Datei ist nicht gestattet.

---

🌱 Über Lernolotl:
Lernolotl ist ein kindgerechter Lernbegleiter für Kinder, die manchmal einen etwas anderen Weg brauchen. Alle Produkte entstehen mit pädagogischer Expertise und aus echter Familienerfahrung.

👉 Weitere Lernolotl-Materialien findest du in unserem Shop.",4,EUR,999,"Teilen_lernen_Kind,Begleitgeschichte,Autismus_Kind,Social_Story,ADHS_Kinder,Kita_Soziales,Mein_und_Dein,Teilen_Kita_PDF,Inklusion,Lernolotl,Fördermaterial,soziale_Fähigkeiten,Turn-taking_Kinder",,https://i.etsystatic.com/64486107/r/il/49e9bd/7987097633/il_fullxfull.7987097633_fd6i.jpg,https://i.etsystatic.com/64486107/r/il/e3cad4/7939141508/il_fullxfull.7939141508_pent.jpg,https://i.etsystatic.com/64486107/r/il/c08dbb/7939141494/il_fullxfull.7939141494_9pb9.jpg,https://i.etsystatic.com/64486107/r/il/f488a8/7939141500/il_fullxfull.7939141500_rxlq.jpg,,,,,,,,,,,,,,,,
"Anziehen Klappkarten Kinder Lernolotl | Anziehreihenfolge druckbar PDF Autismus ADHS Kita Grundschule | Anziehen Sofortdownload","👕 Lernolotl-Anziehen Klappkarten — Schritt für Schritt selbstständig anziehen

„Was kommt zuerst — Socken oder Schuhe?"" Für viele Kinder ist die richtige Reihenfolge beim Anziehen gar nicht so einfach. Diese Klappkarten geben Kindern einen klaren, bildhaften Weg durch alle 8 Schritte. Mit dem Lernolotl-Klappmechanismus wird jedes Kleidungsstück zu einem kleinen Triumph.

Lernolotl — der freundliche Axolotl mit der runden Brille — begleitet Kinder Schritt für Schritt: von der Unterhose bis zum stolzen Daumen-hoch am Ende. Jede Karte klappt auf und zeigt den glücklichen Lernolotl: „Ich hab's geschafft!""

---

🃏 SO FUNKTIONIERT DER KLAPPMECHANISMUS:

Oben: Kleidungsstück-Bild + Bezeichnung
→ Kind zieht das Kleidungsstück an
→ Untere Hälfte hochklappen
→ Erfolgs-Lernolotl erscheint: „Toll gemacht!""
→ Letzte Karte: großer Jubel-Lernolotl 🎉

---

📋 DIE 8 ANZIEH-SCHRITTE:

1. Unterhose
2. Socken anziehen
3. Hose anziehen
4. T-Shirt anziehen
5. Pullover anziehen
6. Jacke anziehen
7. Schuhe anziehen
8. Fertig angezogen! 🌟

---

✅ WAS DU BEKOMMST:

• 1 druckfertige PDF-Datei (A4, Querformat)
• Alle 8 Klappkarten auf einem Blatt
• Sofort nach dem Kauf als Download verfügbar
• Ohne Wasserzeichen
• Für den persönlichen oder pädagogischen Einsatz

---

🖨️ SO BEREITEST DU DIE KARTEN VOR:

1. PDF herunterladen & auf A4 drucken (Querformat, Randlos oder mit kleinem Rand)
2. Karten ausschneiden (an den Außenlinien)
3. An der gestrichelten Linie falten
4. Optional: Laminieren (80–125 Micron) für jahrelange Haltbarkeit
5. Mit Klettpunkten oder Magneten an Schrank, Spiegel oder Brett befestigen

---

💡 NUTZUNGSHINWEIS:
Dieses Produkt ist ausschließlich für den persönlichen und pädagogischen Gebrauch. Eine Weitergabe, Weiterverkauf oder öffentliche Verbreitung der Datei ist nicht gestattet.

---

🌱 Über Lernolotl:
Lernolotl ist ein kindgerechter Lernbegleiter für Kinder, die manchmal einen etwas anderen Weg brauchen. Alle Produkte entstehen mit pädagogischer Expertise und aus echter Familienerfahrung.

👉 Weitere Lernolotl-Materialien findest du in unserem Shop.",2.09,EUR,999,"Anziehen_Kinder,Anziehreihenfolge,Klappkarten_Routine,Anziehen_druckbar,Autismus_Kita,ADHS_Kinder_Plan,Routinekarten_PDF,Selbstständigkeit,Lernolotl,Kita_Grundschule,Montessori_Routine,Anziehen_lernen,Sofortdownload_PDF",,https://i.etsystatic.com/64486107/r/il/fdca81/7982850475/il_fullxfull.7982850475_53ot.jpg,https://i.etsystatic.com/64486107/r/il/5d13b9/7934895828/il_fullxfull.7934895828_fan0.jpg,https://i.etsystatic.com/64486107/r/il/4bcde6/7934895826/il_fullxfull.7934895826_gr17.jpg,https://i.etsystatic.com/64486107/r/il/48c95c/7982850713/il_fullxfull.7982850713_636o.jpg,https://i.etsystatic.com/64486107/r/il/95b3b2/7982850711/il_fullxfull.7982850711_m5ww.jpg,https://i.etsystatic.com/64486107/r/il/c64e2e/7934895836/il_fullxfull.7934895836_o41w.jpg,,,,,,,,,,,,,,
"Abendroutine Klappkarten Kinder Lernolotl | Routineplan druckbar PDF | Autismus ADHS Kita Grundschule | Tagesstruktur visuell Sofortdownload","🌙 Lernolotl-Abendroutine Klappkarten — Schritt für Schritt in die Nacht

Abends ist es oft genauso chaotisch wie morgens: Hausaufgaben, Aufräumen, Abendessen, Zähne putzen — und alles soll gleichzeitig passieren. Diese Klappkarten geben Kindern einen klaren, selbstständigen Weg durch den Abend. Mit dem Lernolotl-Klappmechanismus wird jeder erledigte Schritt zu einem echten Erfolgserlebnis.

Lernolotl — der freundliche Axolotl mit der runden Brille — begleitet Kinder durch 7 Abendroutine-Schritte: von „Hausaufgaben"" bis „Gute Nacht!"". Jede Karte klappt auf und zeigt den stolzen Lernolotl: „Ich hab's geschafft!""

---

🃏 SO FUNKTIONIERT DER KLAPPMECHANISMUS:

Oben: Aktivitätsbild + Bezeichnung des Schritts
→ Kind erledigt den Schritt
→ Untere Hälfte hochklappen
→ Erfolgs-Lernolotl erscheint: „Toll gemacht!""
→ Letzte Karte: großer Jubel-Lernolotl 🎉

Der Mechanismus macht Routine sichtbar, greifbar und motivierend — besonders für Kinder, die klare Strukturen brauchen.

---

📋 DIE 7 ABENDROUTINE-SCHRITTE:

1. Hausaufgaben erledigen
2. Aufräumen
3. Abendessen
4. Zähne putzen
5. Pyjama anziehen
6. Geschichte & Vorlesen
7. Gute Nacht! 🌛

---

✅ WAS DU BEKOMMST:

• 1 druckfertige PDF-Datei (A4, Querformat)
• Alle 7 Klappkarten + 1 Dekorationskarte auf einem Blatt
• Sofort nach dem Kauf als Download verfügbar
• Ohne Wasserzeichen
• Für den persönlichen oder pädagogischen Einsatz

---

🖨️ SO BEREITEST DU DIE KARTEN VOR:

1. PDF herunterladen & auf A4 drucken (Querformat, Randlos oder mit kleinem Rand)
2. Karten ausschneiden (an den Außenlinien)
3. An der gestrichelten Linie falten
4. Optional: Laminieren (80–125 Micron) für jahrelange Haltbarkeit
5. Mit Klettpunkten oder Magneten an die Wand oder ein Brett befestigen

---

💡 NUTZUNGSHINWEIS:
Dieses Produkt ist ausschließlich für den persönlichen und pädagogischen Gebrauch. Eine Weitergabe, Weiterverkauf oder öffentliche Verbreitung der Datei ist nicht gestattet.

---

🌱 Über Lernolotl:
Lernolotl ist ein kindgerechter Lernbegleiter für Kinder, die manchmal einen etwas anderen Weg brauchen. Alle Produkte entstehen mit pädagogischer Expertise und aus echter Familienerfahrung.

👉 Weitere Lernolotl-Materialien findest du in unserem Shop.",2.09,EUR,999,"Abendroutine_Kind,Routineplan_druckbar,Klappkarten_Routine,Schlafenszeit_Plan,Autismus_Kita,ADHS_Kinder_Plan,Routinekarten_PDF,Selbstständigkeit,Lernolotl,Kita_Grundschule,Montessori_Routine,Tagesstruktur_Kind,Sofortdownload_PDF",,https://i.etsystatic.com/64486107/r/il/6a3650/7982790043/il_fullxfull.7982790043_tkg3.jpg,https://i.etsystatic.com/64486107/r/il/3f280b/7982778615/il_fullxfull.7982778615_9hs3.jpg,https://i.etsystatic.com/64486107/r/il/06938d/7934824024/il_fullxfull.7934824024_3o1p.jpg,https://i.etsystatic.com/64486107/r/il/df3d38/7934824016/il_fullxfull.7934824016_akj1.jpg,https://i.etsystatic.com/64486107/r/il/c5770c/7934824018/il_fullxfull.7934824018_6efw.jpg,,,,,,,,,,,,,,,
"Morgenroutine Klappkarten Kinder Lernolotl | Routineplan druckbar PDF |Autismus ADHS Kita Grundschule | Tagesstruktur visuell Sofortdownload","🌅 Lernolotl-Morgenroutine Klappkarten — Schritt für Schritt in den Tag

Morgens ist oft das Chaos am größten: Aufstehen, Anziehen, Frühstück, Schulranzen — und alles auf einmal. Diese Klappkarten geben Kindern einen klaren, selbstständigen Weg durch den Morgen. Mit dem Lernolotl-Klappmechanismus wird jeder erledigte Schritt zu einem echten Erfolgserlebnis.

Lernolotl — der freundliche Axolotl mit der runden Brille — begleitet Kinder durch 8 Morgenroutine-Schritte: von „Aufwachen"" bis „Losgehen"". Jede Karte klappt auf und zeigt den stolzen Lernolotl: „Ich hab's geschafft!""

---

🃏 SO FUNKTIONIERT DER KLAPPMECHANISMUS:

Oben: Aktivitätsbild + Bezeichnung des Schritts
→ Kind erledigt den Schritt
→ Untere Hälfte hochklappen
→ Erfolgs-Lernolotl erscheint: „Toll gemacht!""
→ Letzte Karte: großer Jubel-Lernolotl 🎉

Der Mechanismus macht Routine sichtbar, greifbar und motivierend — besonders für Kinder, die klare Strukturen brauchen.

---

📋 DIE 8 MORGENROUTINE-SCHRITTE:

1. Aufwachen & Aufstehen
2. Toilette
3. Waschen
4. Zähne putzen
5. Anziehen
6. Frühstück
7. Schulranzen packen
8. Schuhe anziehen & Losgehen!

---

✅ WAS DU BEKOMMST:

• 1 druckfertige PDF-Datei (A4, Querformat)
• Alle 8 Klappkarten auf einem Blatt
• Sofort nach dem Kauf als Download verfügbar
• Ohne Wasserzeichen
• Für den persönlichen oder pädagogischen Einsatz

---

🖨️ SO BEREITEST DU DIE KARTEN VOR:

1. PDF herunterladen & auf A4 drucken (Querformat, Randlos oder mit kleinem Rand)
2. Karten ausschneiden (Nach Anleitung)
3. An der gestrichelten Linie falten
4. Optional: Laminieren (80–125 Micron) für jahrelange Haltbarkeit
5. Mit Klettpunkten oder Magneten an die Wand oder ein Brett befestigen

---

💡 NUTZUNGSHINWEIS:
Dieses Produkt ist ausschließlich für den persönlichen und pädagogischen Gebrauch. Eine Weitergabe, Weiterverkauf oder öffentliche Verbreitung der Datei ist nicht gestattet.

---

🌱 Über Lernolotl:
Lernolotl ist ein kindgerechter Lernbegleiter für Kinder, die manchmal einen etwas anderen Weg brauchen. Alle Produkte entstehen mit pädagogischer Expertise und aus echter Familienerfahrung.

👉 Weitere Lernolotl-Materialien findest du in unserem Shop.",2.09,EUR,999,"Morgenroutine_Kind,Routineplan_druckbar,Klappkarten_Routine,Tagesplan_visuell,Autismus_Kita,ADHS_Kinder_Plan,Routinekarten_PDF,Selbstständigkeit,Lernolotl,Kita_Grundschule,Montessori_Routine,Tagesstruktur_Kind,Sofortdownload_PDF",,https://i.etsystatic.com/64486107/r/il/00c97f/7982789249/il_fullxfull.7982789249_asfu.jpg,https://i.etsystatic.com/64486107/r/il/6bb719/7933813616/il_fullxfull.7933813616_ktb9.jpg,https://i.etsystatic.com/64486107/r/il/b94c6a/7981769011/il_fullxfull.7981769011_1cyx.jpg,https://i.etsystatic.com/64486107/r/il/453eaa/7933813612/il_fullxfull.7933813612_t1az.jpg,https://i.etsystatic.com/64486107/r/il/376c7b/7981768991/il_fullxfull.7981768991_nuf1.jpg,https://i.etsystatic.com/64486107/r/il/342519/7933813610/il_fullxfull.7933813610_5qll.jpg,,,,,,,,,,,,,,
"Begleitgeschichten: Autismus Medizin Alltag - Zahnarzt Arzt Krankenhaus Friseur Restaurant Einkaufen - 6 Stories PDF Download","Zahnarzt-Termin? Panik. Arzt-Besuch? Tränen. Friseur? Unmöglich. Dein autistisches Kind kann neue Situationen nicht einschätzen - und reagiert mit Angst, Verweigerung oder Meltdown.

**Begleitgeschichten: helfen deinem Kind, neue Situationen zu verstehen BEVOR sie passieren. Vorhersagbarkeit reduziert Angst.**

✅ **6 VOLLSTÄNDIGE Begleitgeschichten (85 Seiten PDF):**

**1️⃣ BEIM ZAHNARZT** 🦷
Untersuchung, Zahnreinigung & Kontrolle verstehen - ohne Angst

**2️⃣ BEIM ARZT: IMPFUNG** 💉
Arztbesuch und Impfungen - Ablauf kennen, Angst reduzieren

**3️⃣ KRANKENHAUS-BESUCH** 🏥
Jemanden im Krankenhaus besuchen - was passiert, was erwartet mich?

**4️⃣ BEIM FRISEUR** ✂️
Haarschnitt - sensorische Überlastung vermeiden durch Vorbereitung

**5️⃣ IM RESTAURANT** 🍽️
Auswärts essen mit der Familie - Abläufe verstehen

**6️⃣ EINKAUFEN** 🛒
Selbstständig im Supermarkt einkaufen lernen

✨ **WAS MACHT DIESE SOCIAL STORIES BESONDERS?**

**📖 VOLLSTÄNDIGE STRUKTUR (je 10-15 Seiten):**
• Einleitung zur Situation
• Vorbereitung (Datum, Uhrzeit, Begleitpersonen)
• Detaillierter Schritt-für-Schritt-Ablauf
• Beschreibung aller Sinneseindrücke (sehen, hören, riechen, fühlen!)
• Mögliche Herausforderungen mit konkreten Lösungen
• Hilfestellungen (Atemtechniken, Sicherheitsobjekte)
• Checklisten zum Abhaken
• Personalisierbare Notizseiten
• Informationen für Eltern

**30 EMOJIS FÜR ORIENTIERUNG:**
Konsistente visuelle Symbole in ALLEN Stories:
• ⏱️ Zeit & Dauer
• 🎒 Was mitbringen
• 👂 Was höre ich
• 👀 Was sehe ich
• 💡 Wichtige Tipps
• ✅ Checklisten
• ❤️ Gefühle
... und 23 weitere!

**SINNESEINDRÜCKE BESCHRIEBEN:**
Autistische Kinder brauchen konkrete Infos:
• Wie riecht es beim Zahnarzt?
• Welche Geräusche gibt es im Krankenhaus?
• Wie fühlt sich die Schere beim Friseur an?

→ Keine Überraschungen = weniger Angst

**HERAUSFORDERUNGEN + LÖSUNGEN:**
""Was ist, wenn ich Angst bekomme?"" → Konkrete Hilfestellung
""Was ist, wenn es weh tut?"" → Coping-Strategien
""Was ist, wenn ich eine Pause brauche?"" → Klar erklärt

💡 **WISSENSCHAFTLICH FUNDIERT:**
Social Stories nach **Carol Gray's Methode** - die weltweit anerkannte Expertin für Social Stories bei Autismus.

🎯 **PERFEKT FÜR:**
• Eltern autistischer Kinder (3-12 Jahre)
• Therapeut:innen & Ergotherapeut:innen
• Lehrer:innen & Integrationskräfte
• Großeltern & Betreuungspersonen
• Familien mit ADHS-Kindern (ebenfalls hilfreich!)

🌟 **SO NUTZT DU DIE Begleitgeschichten:**
1. Begleitgeschichten (oder auf Tablet lesen)
2. **3-7 Tage vorher** täglich gemeinsam lesen
3. Personalisieren - Notizseiten individuell ausfüllen
4. **Am Tag selbst** nochmal zusammen durchgehen
5. **Nach der Situation** besprechen: Was lief gut?

**💡 Tipp:** Wiederholung ist der Schlüssel! Autistische Kinder brauchen oft mehrmaliges Lesen.

📖 **KOSTENLOSE BEISPIEL-STORY ANSEHEN:**
Möchtest du vorher sehen, wie die Stories strukturiert sind? 

**Schau dir die kostenlose Begleitgeschichte ""Fliegen"" an** - genau derselbe Aufbau wie die Stories in diesem Paket:
https://autismus-adhs-alltag.de/soziales/social-story-fliegen.html

📥 **DAS BEKOMMST DU:**
• 85-seitiges PDF (alle 6 Stories)
• Einführung & Emoji-Legende (15 Seiten)
• Druckoptimiert für A4
• Personalisierbare Notizseiten
• Sofortiger Download
• **Leseprobe kostenlos:** https://autismus-adhs-alltag.de/soziales/social-story-fliegen.html

💶 **Preis:** €6,99 (Das sind nur 1,17€ pro Story!)

🔒 **Nutzungsrechte:** Privat + Schulische Nutzung | Keine kommerzielle Weitergabe

**💡 Tipp:** Alle 19 Stories im Bundle kaufen und 5€ sparen!

---

**Rechtliche Hinweise:**
Verkäufer: Paul Rawe (Kleinunternehmer gem. § 19 UStG)
• Impressum: https://autismus-adhs-alltag.de/rechtliches/etsy-impressum.html
• AGB: https://autismus-adhs-alltag.de/rechtliches/etsy-agb.html
• Datenschutz: https://autismus-adhs-alltag.de/rechtliches/etsy-datenschutz.html",5.87,EUR,997,"autismus_vorbereitung,restaurant_autismus,friseur_autismus,krankenhaus_autismus,autismus_hilfen,visual_supports,autismus_kommunikation,social_stories_kinder,autismus_alltag,arzt_autismus,zahnarzt_autismus,autismus_social_stories,social_stories_deutsch",,https://i.etsystatic.com/64486107/r/il/a5505b/7843275361/il_fullxfull.7843275361_ar77.jpg,https://i.etsystatic.com/64486107/r/il/deda69/7696936822/il_fullxfull.7696936822_khfj.jpg,https://i.etsystatic.com/64486107/r/il/2447f7/7744882755/il_fullxfull.7744882755_f35l.jpg,https://i.etsystatic.com/64486107/r/il/5af0f3/7696937186/il_fullxfull.7696937186_mih3.jpg,https://i.etsystatic.com/64486107/r/il/f9e0d6/7696937426/il_fullxfull.7696937426_rudf.jpg,https://i.etsystatic.com/64486107/r/il/e5b300/7744883363/il_fullxfull.7744883363_9zxw.jpg,https://i.etsystatic.com/64486107/r/il/a8e855/7696937744/il_fullxfull.7696937744_pjmb.jpg,https://i.etsystatic.com/64486107/r/il/3175d0/7696937920/il_fullxfull.7696937920_ggxg.jpg,,,,,,,,,,,,
"Begleitgeschichte Bus fahren Autismus Kind – Lernolotl fährt Bus |  PDF ÖPNV Angst Kinder Autismus ADHS öffentliche Verkehrsmittel","🚌 Lernolotl fährt mit dem Bus – Begleitgeschichte für öffentliche Verkehrsmittel

Für viele Kinder ist eine Busfahrt kein alltägliches Abenteuer — sondern eine Herausforderung voller unbekannter Geräusche, unvorhergesehener Situationen und sozialer Erwartungen. Diese Begleitgeschichte begleitet Kinder Schritt für Schritt durch eine vollständige Busfahrt: vom Aufbruch bis zur stolzen Ankunft.

Lernolotl, der freundliche Axolotl mit der runden Brille, erlebt, was viele Kinder kennen: den Weg zur Haltestelle, das Warten, den großen Bus, die Geräusche drinnen — und am Ende das ruhige, starke Gefühl: „Ich kann Bus fahren.""

---

📖 WAS IST EINE BEGLEITGESCHICHTE?

Begleitgeschichten helfen Kindern, neue oder schwierige Situationen vorab zu verstehen. Sie erklären, was passiert, welche Schritte kommen — und was man tun kann, wenn es schwierig wird. Besonders wirksam, wenn sie mehrfach in ruhigen Momenten vor dem echten Ereignis gelesen werden.

Sie sind besonders hilfreich für:
• Kinder mit Autismus oder ADHS
• Kinder mit Angst vor öffentlichen Verkehrsmitteln, Geräuschen oder Enge
• Kinder, die Neues am liebsten kennen, bevor es passiert
• Alle Kinder ab 3 Jahren, die Busfahren als Alltagskompetenz aufbauen möchten

---

🚌 INHALT DER GESCHICHTE (15 Situationen in 3 Phasen):

PHASE 1 — Vorbereitung & Ankunft:
Situation 1 – Wir fahren mit dem Bus
Situation 2 – Auf die Bushaltestelle gehen
Situation 3 – Warten an der Haltestelle
Situation 4 – Der Bus kommt
Situation 5 – Einsteigen und Ticket

PHASE 2 — Im Bus:
Situation 6 – Einen Platz suchen
Situation 7 – Der Bus fährt los
Situation 8 – Geräusche im Bus
Situation 9 – Andere Menschen im Bus
Situation 10 – Wenn es voller wird

PHASE 3 — Aussteigen & Stolz:
Situation 11 – Die Haltestelle wird angesagt
Situation 12 – Aussteigen vorbereiten
Situation 13 – Ich steige aus
Situation 14 – Ich habe es geschafft!
Situation 15 – Ich kann Bus fahren

Jede Situation enthält: eine Illustration, einen kurzen Text und einen pädagogischen Hinweis speziell für Eltern und Fachkräfte.

---

✅ WAS DU BEKOMMST:

• 1 druckfertige PDF-Datei (A4)
• Sofort nach dem Kauf als Download verfügbar
• Ohne Wasserzeichen
• Für den persönlichen oder pädagogischen Einsatz (Eltern, Erzieher:innen, Therapeut:innen, Fachkräfte)

---

💡 NUTZUNGSHINWEIS:
Dieses Produkt ist ausschließlich für den persönlichen und pädagogischen Gebrauch. Eine Weitergabe, Weiterverkauf oder öffentliche Verbreitung der Datei ist nicht gestattet.

---

🌱 Über Lernolotl:
Lernolotl ist ein kindgerechter Lernbegleiter für Kinder, die manchmal einen etwas anderen Weg brauchen. Alle Produkte entstehen mit pädagogischer Expertise und aus echter Familienerfahrung.

👉 Weitere Lernolotl-Materialien findest du in unserem Shop.",4,EUR,999,"Bus_fahren_Autismus,ÖPNV_Kind_Angst,Begleitgeschichte,Social_Story,Autismus_Kind,ADHS_Kinder,Öffentliche_Verkehr,Inklusion,Lernolotl,Alltag_Kinder_PDF,Fördermaterial,Angst_Kinder,Kindergarten_PDF",,https://i.etsystatic.com/64486107/r/il/6c9d1e/7931401324/il_fullxfull.7931401324_dfew.jpg,https://i.etsystatic.com/64486107/r/il/274dfb/7931401334/il_fullxfull.7931401334_bq2f.jpg,https://i.etsystatic.com/64486107/r/il/0fdba0/7931401316/il_fullxfull.7931401316_6hrj.jpg,https://i.etsystatic.com/64486107/r/il/341506/7931401320/il_fullxfull.7931401320_4muz.jpg,,,,,,,,,,,,,,,,
"Begleitgeschichte Freunde finden Kinder – Lernolotl findet einen Freund | PDF Autismus ADHS Freundschaft Grundschule kein Freund Kind","🤝 Lernolotl findet einen Freund – Begleitgeschichte zur sozialen Kompetenz

Freunde finden ist für viele Kinder eine der schwierigsten Aufgaben. Nicht weil sie nicht liebenswert wären — sondern weil niemand ihnen je gezeigt hat, wie Freundschaft Schritt für Schritt entsteht. Diese Begleitgeschichte tut genau das.

Lernolotl, der freundliche Axolotl mit der runden Brille, erlebt, was viele Kinder kennen: das Gefühl, allein zu sein, während andere zusammen spielen. Den Mut, anzusprechen. Den Schmerz, wenn es nicht klappt. Und die warme Freude, wenn aus einem ersten Lächeln wirklich etwas wird.

---

📖 WAS IST EINE BEGLEITGESCHICHTE?

Begleitgeschichten helfen Kindern, schwierige Situationen vorab zu verstehen und mental durchzuspielen. Sie erklären, welche Schritte nötig sind — und was normal ist, wenn es nicht sofort klappt. Besonders wirksam, wenn sie regelmäßig in ruhigen Momenten gelesen werden.

Besonders hilfreich für:
• Kinder mit Autismus oder ADHS, die soziale Schritte explizit lernen müssen
• Kinder, die sich allein fühlen und nicht wissen, wie man Kontakt aufnimmt
• Kinder in neuen Situationen (Schulstart, Klassenwechsel, Umzug)
• Alle Kinder ab 4 Jahren, die lernen möchten, Freundschaften aufzubauen

---

🌊 INHALT DER GESCHICHTE (15 Situationen in 3 Phasen):

PHASE 1 — Den ersten Schritt wagen:
Situation 1 – Allein sein fühlt sich komisch an
Situation 2 – Lernolotl beobachtet die anderen
Situation 3 – Der Mut, anzusprechen
Situation 4 – Was sage ich überhaupt?

PHASE 2 — Kontakt und Verbindung:
Situation 5 – Das erste Gespräch
Situation 6 – Zusammen spielen
Situation 7 – Wenn es nicht klappt
Situation 8 – Nochmal versuchen
Situation 9 – Ich mag dich, weil …

PHASE 3 — Echte Freundschaft:
Situation 10 – Freunde streiten auch
Situation 11 – Wieder gut werden
Situation 12 – Was macht einen Freund aus?
Situation 13 – Mein Freund ist anders als ich
Situation 14 – Beim nächsten Mal
Situation 15 – Ich habe einen Freund!

Jede Situation enthält: eine Illustration, einen kurzen Text und einen pädagogischen Hinweis speziell für Eltern und Fachkräfte.

---

✅ WAS DU BEKOMMST:

• 1 druckfertige PDF-Datei (A4)
• Sofort nach dem Kauf als Download verfügbar
• Ohne Wasserzeichen
• Für den persönlichen oder pädagogischen Einsatz (Eltern, Erzieher:innen, Therapeut:innen, Fachkräfte)

---

💡 NUTZUNGSHINWEIS:
Dieses Produkt ist ausschließlich für den persönlichen und pädagogischen Gebrauch. Eine Weitergabe, Weiterverkauf oder öffentliche Verbreitung der Datei ist nicht gestattet.

---

🌱 Über Lernolotl:
Lernolotl ist ein kindgerechter Lernbegleiter für Kinder, die manchmal einen etwas anderen Weg brauchen. Alle Produkte entstehen mit pädagogischer Expertise und aus echter Familienerfahrung.

👉 Weitere Lernolotl-Materialien findest du in unserem Shop.",4,EUR,999,"Freunde_finden_Kind,Freundschaft_Autismus,Soziale_Kompetenz,Begleitgeschichte,Social_Story,Autismus_Kind,ADHS_Kinder,Einsamkeit_Kind,Inklusion,Lernolotl,Grundschule_PDF,Fördermaterial,Freundschaft_PDF",,https://i.etsystatic.com/64486107/r/il/dd37c0/7928487920/il_fullxfull.7928487920_3la4.jpg,https://i.etsystatic.com/64486107/r/il/701394/7928487922/il_fullxfull.7928487922_r7wm.jpg,https://i.etsystatic.com/64486107/r/il/6a0a37/7928487918/il_fullxfull.7928487918_dxmr.jpg,https://i.etsystatic.com/64486107/r/il/23bc14/7976443665/il_fullxfull.7976443665_l9jj.jpg,,,,,,,,,,,,,,,,
"Begleitgeschichte Pause Schule Autismus – Lernolotl macht eine Pause | PDF Schulhof überfordert ADHS Selbstregulation Kinder","🌿 Lernolotl macht eine Pause – Begleitgeschichte zur Selbstregulation

Die Pause ist Erholung — für die meisten. Für manche Kinder ist der Schulhof einer der anstrengendsten Orte des Tages: laut, unvorhersehbar, voller Eindrücke und sozialer Komplexität. Diese Begleitgeschichte hilft Kindern zu verstehen, dass eine Pause wählen können eine echte Stärke ist — und kein Versagen.

Lernolotl, der freundliche Axolotl mit der runden Brille, erlebt, was viele Kinder kennen: den Moment, wenn der Schulhof zu viel wird, den ruhigen Platz, den man sich sucht — und das gute Gefühl danach: Ich kenne mich. Ich passe auf mich auf.

---

WAS IST EINE BEGLEITGESCHICHTE?

Begleitgeschichten helfen Kindern, schwierige Situationen und Gefühle vorab zu verstehen. Sie erklären, was passiert, welche Gefühle normal sind — und was man tun kann. Besonders wirksam, wenn sie regelmäßig in ruhigen Momenten gelesen werden.

Sie sind besonders hilfreich für:
- Kinder mit Autismus oder ADHS
- Kinder, die auf dem Schulhof überfordert oder alleine sind
- Kinder mit sensorischer Empfindlichkeit
- Alle Kinder ab 4 Jahren, die lernen möchten, eigene Grenzen zu erkennen und zu respektieren

---

INHALT DER GESCHICHTE (15 Situationen in 3 Phasen):

PHASE 1 — Überforderung erkennen:
Situation 1 – Die Pause beginnt (Übergang Unterricht → Pause)
Situation 2 – Der Schulhof ist laut (Sensorisches Erleben)
Situation 3 – Zu viel auf einmal (Überforderung benennen)
Situation 4 – Mein Körper sagt Stop (Körpersignale)

PHASE 2 — Pause aktiv gestalten:
Situation 5 – Ich brauche eine Pause (Selbst entscheiden)
Situation 6 – Ein ruhiger Platz (Rückzug als Ressource)
Situation 7 – Alleine sein ist okay (Einsamkeit vs. Erholung)
Situation 8 – Was mir jetzt hilft (Individuelle Strategien)
Situation 9 – Atmen und ankommen (Atemübung)
Situation 10 – Die Stille gehört mir (Stille als Ressource)

PHASE 3 — Zurückkommen und Stärke erkennen:
Situation 11 – Langsam wieder bereit
Situation 12 – Zurück zu den anderen
Situation 13 – Ich kenne mich (Selbstkenntnis als Identität)
Situation 14 – Beim nächsten Mal (Pausenplan erstellen)
Situation 15 – Eine Pause ist Stärke

Jede Situation enthält: eine Illustration, einen kurzen Text und einen pädagogischen Hinweis für Eltern und Fachkräfte.

---

WAS DU BEKOMMST:
- 1 druckfertige PDF-Datei (A4)
- Sofort nach dem Kauf als Download verfügbar
- Ohne Wasserzeichen
- Für den persönlichen oder pädagogischen Einsatz

NUTZUNGSHINWEIS: Ausschließlich für persönlichen und pädagogischen Gebrauch. Keine Weitergabe oder Weiterverkauf.

Über Lernolotl: Lernolotl ist ein kindgerechter Lernbegleiter für Kinder, die manchmal einen anderen Weg brauchen. Alle Produkte entstehen mit pädagogischer Expertise und aus echter Familienerfahrung.

Weitere Lernolotl-Materialien findest du in unserem Shop.",4,EUR,999,"Pause_Schule_Autismus,Schulhof_überfordert,Begleitgeschichte,Social_Story,Selbstregulation_Kind,Autismus_Kind,ADHS_Schule,Pause_alleine_Kind,Inklusion,Lernolotl,Grundschule_PDF,Fördermaterial,Überforderung_Kinder",,https://i.etsystatic.com/64486107/r/il/87432c/7973559829/il_fullxfull.7973559829_izlf.jpg,https://i.etsystatic.com/64486107/r/il/b542c8/7973559831/il_fullxfull.7973559831_seht.jpg,https://i.etsystatic.com/64486107/r/il/cd0b69/7973559817/il_fullxfull.7973559817_42mw.jpg,https://i.etsystatic.com/64486107/r/il/b381a1/7973559819/il_fullxfull.7973559819_kf7u.jpg,,,,,,,,,,,,,,,,
"Begleitgeschichte Krankenhaus Kind vorbereiten – Lernolotl geht ins Krankenhaus |  PDF Autismus ADHS OP erklären Kinder stationär","🏥 Lernolotl geht ins Krankenhaus – Begleitgeschichte zur Krankenhausvorbereitung

Ein Krankenhausaufenthalt ist für viele Kinder eine der ungewohntesten Situationen überhaupt: fremde Geräusche, fremde Gesichter, unbekannte Abläufe — und manchmal Schmerzen oder eine Operation. Diese Begleitgeschichte macht das Unbekannte vorhersehbar, bevor es passiert.

Lernolotl, der freundliche Axolotl mit der runden Brille, erlebt Schritt für Schritt, was Kinder im Krankenhaus erwartet — vom Packen des Koffers bis zum glücklichen Heimkommen. Ehrlich, kindgerecht und mit klaren Strategien.

---

📖 WAS IST EINE BEGLEITGESCHICHTE?

Begleitgeschichten (Social Stories) helfen Kindern, schwierige oder unbekannte Situationen vorab zu verstehen. Sie erklären, was passiert, wer da ist und was als nächstes kommt. Besonders wirksam, wenn sie mehrmals in ruhigen Momenten vor dem Krankenhautermin gelesen werden.

Sie sind besonders hilfreich für:
• Kinder mit Autismus oder ADHS, die von Vorhersehbarkeit und klaren Abläufen profitieren
• Kinder vor einem geplanten stationären Aufenthalt oder einer Operation
• Kinder mit Angst vor Ärzten, Spritzen oder medizinischen Geräten
• Alle Kinder ab 3 Jahren, die das Krankenhaus kennenlernen möchten

---

🌊 INHALT DER GESCHICHTE (15 Situationen in 3 Phasen):

PHASE 1 — Vorbereitung:
Situation 1 – Der Arzt sagt: Krankenhaus (Ankündigung)
Situation 2 – Was ist ein Krankenhaus? (Orientierung)
Situation 3 – Den Koffer packen (Selbstwirksamkeit)
Situation 4 – Die Fahrt zum Krankenhaus

PHASE 2 — Ankommen & Behandlung:
Situation 5 – Ankommen und anmelden
Situation 6 – Das Zimmer und das Bett
Situation 7 – Die Krankenschwester kommt (neue Gesichter)
Situation 8 – Untersuchungen und Messungen
Situation 9 – Was ist eine Operation? (Narkose kindgerecht erklärt)
Situation 10 – Aufwachen nach der OP

PHASE 3 — Erholen & Heimkommen:
Situation 11 – Mama oder Papa bleiben da (Nicht allein)
Situation 12 – Dinge, die helfen (Ressourcen)
Situation 13 – Wieder besser werden
Situation 14 – Nach Hause gehen
Situation 15 – Ich war im Krankenhaus (Stärke und Stolz)

Jede Situation enthält: eine Illustration, einen kurzen Text und einen pädagogischen Hinweis speziell für Eltern und Fachkräfte.

---

✅ WAS DU BEKOMMST:

• 1 druckfertige PDF-Datei (A4)
• Sofort nach dem Kauf als Download verfügbar
• Ohne Wasserzeichen
• Für den persönlichen oder pädagogischen Einsatz (Eltern, Erzieher:innen, Therapeut:innen, Fachkräfte)

---

💡 NUTZUNGSHINWEIS:
Dieses Produkt ist ausschließlich für den persönlichen und pädagogischen Gebrauch. Eine Weitergabe, Weiterverkauf oder öffentliche Verbreitung der Datei ist nicht gestattet.

---

🌱 Über Lernolotl:
Lernolotl ist ein kindgerechter Lernbegleiter für Kinder, die manchmal einen etwas anderen Weg brauchen. Alle Produkte entstehen mit pädagogischer Expertise und aus echter Familienerfahrung — entwickelt von einer Intensivpflegekraft und einer Inklusionspädagogin.

👉 Weitere Lernolotl-Materialien findest du in unserem Shop.",4,EUR,999,"Krankenhaus_Kind,OP_erklären_Kind,Begleitgeschichte,Autismus_Kind,Social_Story,ADHS_Kinder,Klinik_Kinder_PDF,Angst_Krankenhaus,Narkose_erklären,Lernolotl,Inklusion,Fördermaterial,stationär_Kinder",,https://i.etsystatic.com/64486107/r/il/1a5048/7969983339/il_fullxfull.7969983339_hl4k.jpg,https://i.etsystatic.com/64486107/r/il/16149a/7922032152/il_fullxfull.7922032152_bluh.jpg,https://i.etsystatic.com/64486107/r/il/76aacc/7969983329/il_fullxfull.7969983329_ldbx.jpg,https://i.etsystatic.com/64486107/r/il/a31e14/7969983331/il_fullxfull.7969983331_i47v.jpg,,,,,,,,,,,,,,,,
"Begleitgeschichte Geschwisterkind Autismus – Lernolotl bekommt ein Baby | PDF Eifersucht Geschwister neues Baby erklären Kinder","🍼 Lernolotl bekommt ein Geschwisterkind – Begleitgeschichte für die größte Familienveränderung

Ein neues Baby kommt — und das verändert alles. Die Routine, die Aufmerksamkeit der Eltern, die eigene Rolle in der Familie. Viele Kinder wissen nicht, wie sie mit dieser Veränderung umgehen sollen. Manche freuen sich, manche fühlen sich ausgeschlossen, manche sind eifersüchtig — und viele fühlen alles gleichzeitig.

Diese Begleitgeschichte begleitet Kinder ehrlich und einfühlsam durch genau diesen Weg: von der ersten großen Neuigkeit bis zu dem Moment, in dem Lernolotl sagt: „Ich bin froh, dass es dich gibt.""

---

📖 WAS IST EINE BEGLEITGESCHICHTE?

Begleitgeschichten helfen Kindern, schwierige Situationen und Gefühle vorab zu verstehen. Sie zeigen, was passiert, welche Gefühle normal sind — und was hilft. Besonders wirksam, wenn sie regelmäßig in ruhigen Momenten gelesen werden — idealerweise schon vor der Geburt.

Sie sind besonders hilfreich für:
• Kinder mit Autismus oder ADHS, die Veränderungen in der Routine besonders schwer verarbeiten
• Geschwister ab ca. 2–3 Jahren, die ein Baby in der Familie bekommen
• Kinder mit starker Eifersucht oder Verhaltensveränderungen nach der Geburt
• Alle Kinder, die lernen möchten, mit großen Familienveränderungen umzugehen

---

🌊 INHALT DER GESCHICHTE (15 Situationen in 3 Phasen):

PHASE 1 — Die Neuigkeit & erste Gefühle:
Situation 1 – Die große Neuigkeit
Situation 2 – Was bedeutet das? (Viele Fragen)
Situation 3 – Gemischte Gefühle (Freude und Unsicherheit)
Situation 4 – Manchmal bin ich eifersüchtig (Validierung)

PHASE 2 — Verstehen & Sicherheit finden:
Situation 5 – Das Baby braucht viel Hilfe (Erklärung)
Situation 6 – Ich werde immer geliebt (Bindungssicherheit)
Situation 7 – Ich bin schon groß (Stärken des Älteren)
Situation 8 – Mein Platz bleibt meiner (Stabilität & Routine)
Situation 9 – Ich darf wütend oder traurig sein (alle Gefühle erlaubt)

PHASE 3 — Verbindung & Wir-Gefühl:
Situation 10 – Das Baby mag mich (erste Verbindung)
Situation 11 – Ich kann helfen (Selbstwirksamkeit)
Situation 12 – Wir sind eine Familie (Zugehörigkeit)
Situation 13 – Mit jemandem reden (Gespräch als Strategie)
Situation 14 – Es wird leichter (Anpassung über Zeit)
Situation 15 – Ich bin froh, dass es dich gibt (Geschwisterliebe)

Jede Situation enthält: eine Illustration, einen kurzen Text und einen pädagogischen Hinweis speziell für Eltern und Fachkräfte.

---

✅ WAS DU BEKOMMST:

• 1 druckfertige PDF-Datei (A4)
• Sofort nach dem Kauf als Download verfügbar
• Ohne Wasserzeichen
• Für den persönlichen oder pädagogischen Einsatz (Eltern, Erzieher:innen, Therapeut:innen, Fachkräfte)

---

💡 NUTZUNGSHINWEIS:
Dieses Produkt ist ausschließlich für den persönlichen und pädagogischen Gebrauch. Eine Weitergabe, Weiterverkauf oder öffentliche Verbreitung der Datei ist nicht gestattet.

---

🌱 Über Lernolotl:
Lernolotl ist ein kindgerechter Lernbegleiter für Kinder, die manchmal einen etwas anderen Weg brauchen. Alle Produkte entstehen mit pädagogischer Expertise und aus echter Familienerfahrung.

👉 Weitere Lernolotl-Materialien findest du in unserem Shop.",4,EUR,999,"Geschwistereifersucht,Neues_Baby_erklären,Geschwister_Autismus,Begleitgeschichte,Social_Story,Autismus_Kind,ADHS_Kinder,Gefühle_Kinder,Inklusion,Lernolotl,Kindergarten_PDF,Fördermaterial,Geschwister_Baby_PDF",,https://i.etsystatic.com/64486107/r/il/bda0ac/7918304696/il_fullxfull.7918304696_hh57.jpg,https://i.etsystatic.com/64486107/r/il/821ea4/7966259171/il_fullxfull.7966259171_fswx.jpg,https://i.etsystatic.com/64486107/r/il/2ac67d/7966259143/il_fullxfull.7966259143_pxld.jpg,https://i.etsystatic.com/64486107/r/il/48facb/7966259145/il_fullxfull.7966259145_9p2d.jpg,,,,,,,,,,,,,,,,
"Begleitgeschichte Zahnarzt Angst Kind – Lernolotl beim Zahnarzt | PDF Autismus ADHS Zahnarztbesuch vorbereiten Kinder","🦷 Lernolotl beim Zahnarzt – Begleitgeschichte zur Vorbereitung

Fremde Geräusche, unbekannte Gerüche, Berührungen im Mund — und wenig Kontrolle. Für viele Kinder ist der Zahnarztbesuch eine der schwierigsten Situationen überhaupt. Diese Begleitgeschichte bereitet Kinder Schritt für Schritt vor: von der Ankündigung des Termins bis zu dem stolzen Moment, in dem sie sagen können: „Ich war mutig. Ich kenne das jetzt.""

Lernolotl, der freundliche Axolotl mit der runden Brille, erlebt, was viele Kinder kennen: das Kribbeln im Bauch, das große Behandlungsstuhl, den Moment kurz vor dem Öffnen des Mundes — und das große, echte Gefühl danach: Ich hab's geschafft.

---

📖 WAS IST EINE BEGLEITGESCHICHTE?

Begleitgeschichten helfen Kindern, schwierige Situationen und Gefühle vorab zu verstehen. Sie erklären, was passiert, welche Gefühle normal sind — und was man tun kann. Besonders wirksam, wenn sie mehrere Tage vor dem Termin regelmäßig in ruhigen Momenten gelesen werden.

Sie sind besonders hilfreich für:
• Kinder mit Autismus oder ADHS
• Kinder mit starker Zahnarztangst
• Kinder, die Vorhersehbarkeit und Kontrolle brauchen
• Alle Kinder ab 3 Jahren, die sich auf neue, unbekannte Situationen vorbereiten möchten

---

🌊 INHALT DER GESCHICHTE (15 Situationen in 3 Phasen):

PHASE 1 — Vorbereitung:
Situation 1 – Der Termin naht (Voranküdigung)
Situation 2 – Mein Körper zeigt Angst (Körpersignale)
Situation 3 – Was passiert dort? (Ablauf verstehen)
Situation 4 – Ich darf fragen (Kontrolle behalten)

PHASE 2 — Im Behandlungszimmer:
Situation 5 – Die Praxis von innen (Sensorisches kennenlernen)
Situation 6 – Zähne zeigen (Mund öffnen)
Situation 7 – Der Zahnarzt erklärt (Vorhersehbarkeit)
Situation 8 – Atmen hilft (konkrete Atemübung)
Situation 9 – Stopp sagen dürfen (Stopp-Signal vereinbaren)
Situation 10 – Es ist gleich vorbei (Zeitliche Orientierung)

PHASE 3 — Danach:
Situation 11 – Ich hab's geschafft! (Stolz)
Situation 12 – Wie war das? (Reflektieren)
Situation 13 – Danach feiern (Belohnung)
Situation 14 – Beim nächsten Mal (Planung)
Situation 15 – Ich bin mutig! (Mut als Haltung)

Jede Situation enthält: eine Illustration, einen kurzen Text und einen pädagogischen Hinweis speziell für Eltern und Fachkräfte.

---

✅ WAS DU BEKOMMST:

• 1 druckfertige PDF-Datei (A4)
• Sofort nach dem Kauf als Download verfügbar
• Ohne Wasserzeichen
• Für den persönlichen oder pädagogischen Einsatz (Eltern, Erzieher:innen, Therapeut:innen, Fachkräfte)

---

💡 NUTZUNGSHINWEIS:
Dieses Produkt ist ausschließlich für den persönlichen und pädagogischen Gebrauch. Eine Weitergabe, Weiterverkauf oder öffentliche Verbreitung der Datei ist nicht gestattet.

---

🌱 Über Lernolotl:
Lernolotl ist ein kindgerechter Lernbegleiter für Kinder, die manchmal einen etwas anderen Weg brauchen. Alle Produkte entstehen mit pädagogischer Expertise und aus echter Familienerfahrung.

👉 Weitere Lernolotl-Materialien findest du in unserem Shop.",4,EUR,999,"Zahnarzt_Angst_Kind,Zahnarzt_Autismus,Begleitgeschichte,Social_Story,Zahnarztbesuch,Autismus_Kind,ADHS_Kinder,Angst_vorbereiten,Inklusion,Lernolotl,Kindergarten_PDF,Fördermaterial,Mut_Kinder_PDF",,https://i.etsystatic.com/64486107/r/il/d03b2a/7914305208/il_fullxfull.7914305208_ahj7.jpg,https://i.etsystatic.com/64486107/r/il/276a04/7914305220/il_fullxfull.7914305220_7gk3.jpg,https://i.etsystatic.com/64486107/r/il/9085e3/7962255747/il_fullxfull.7962255747_a5gq.jpg,https://i.etsystatic.com/64486107/r/il/02868b/7962255743/il_fullxfull.7962255743_2usd.jpg,,,,,,,,,,,,,,,,
"Begleitgeschichte Wut regulieren Kinder – Lernolotl ist wütend | PDF Autismus ADHS Wutanfall Gefühle Kinder Emotion","🌋 Lernolotl ist wütend – Begleitgeschichte zur Emotionsregulation

Wut ist ein starkes, echtes Gefühl — und eines der intensivsten, die Kinder erleben. Viele Kinder wissen nicht, was in ihnen vorgeht, wenn die Wut kommt. Diese Begleitgeschichte begleitet Kinder Schritt für Schritt durch eine vollständige Wutepisode: von den ersten Körpersignalen bis zu dem Moment, in dem sie sagen können: „Ich kenne meine Wut — und ich kann damit umgehen.""

Lernolotl, der freundliche Axolotl mit der runden Brille, erlebt, was viele Kinder kennen: den Körper, der sich anspannt, die Wut, die raus will, und die kleine Pause, die hilft. Und am Ende: das ruhige, starke Gefühl, es geschafft zu haben.

---

📖 WAS IST EINE BEGLEITGESCHICHTE?

Begleitgeschichten helfen Kindern, schwierige Situationen und Gefühle vorab zu verstehen. Sie erklären, was passiert, welche Gefühle normal sind — und was man tun kann. Besonders wirksam, wenn sie regelmäßig in ruhigen Momenten gelesen werden.

Sie sind besonders hilfreich für:
• Kinder mit Autismus oder ADHS
• Kinder mit häufigen Wutausbrüchen oder Regulationsschwierigkeiten
• Kinder, die Wut körperlich ausdrücken (schlagen, beißen, schreien, flüchten)
• Alle Kinder ab 3 Jahren, die lernen möchten, mit starken Gefühlen umzugehen

---

🌊 INHALT DER GESCHICHTE (15 Situationen in 3 Phasen):

PHASE 1 — Wut entsteht:
Situation 1 – Etwas stimmt nicht (Frühwarnzeichen)
Situation 2 – Der Körper zeigt Wut (Hände ballen, Bauch eng)
Situation 3 – Wut hat einen Grund
Situation 4 – Wut darf sein (Validierung)

PHASE 2 — Strategien:
Situation 5 – Laut sein oder stampfen (sicheres Entladen)
Situation 6 – Eine Pause nehmen (Rückzug als Stärke)
Situation 7 – Atmen hilft (konkrete Atemübung)
Situation 8 – Einen sicheren Ort finden

PHASE 3 — Verarbeiten:
Situation 9 – Jemandem sagen, was los ist
Situation 10 – Die Wut wird kleiner
Situation 11 – Was hat geholfen?
Situation 12 – Wieder ruhig werden
Situation 13 – Über Wut sprechen (danach)
Situation 14 – Beim nächsten Mal
Situation 15 – Ich kenne meine Wut

Jede Situation enthält: eine Illustration, einen kurzen Text und einen pädagogischen Hinweis speziell für Eltern und Fachkräfte.

---

✅ WAS DU BEKOMMST:

• 1 druckfertige PDF-Datei (A4)
• Sofort nach dem Kauf als Download verfügbar
• Ohne Wasserzeichen
• Für den persönlichen oder pädagogischen Einsatz (Eltern, Erzieher:innen, Therapeut:innen, Fachkräfte)

---

💡 NUTZUNGSHINWEIS:
Dieses Produkt ist ausschließlich für den persönlichen und pädagogischen Gebrauch. Eine Weitergabe, Weiterverkauf oder öffentliche Verbreitung der Datei ist nicht gestattet.

---

🌱 Über Lernolotl:
Lernolotl ist ein kindgerechter Lernbegleiter für Kinder, die manchmal einen etwas anderen Weg brauchen. Alle Produkte entstehen mit pädagogischer Expertise und aus echter Familienerfahrung.

👉 Weitere Lernolotl-Materialien findest du in unserem Shop.",4,EUR,999,"Wut_regulieren_Kind,Wutanfall_Autismus,Gefühle_Kinder,Begleitgeschichte,Social_Story,Autismus_Kind,ADHS_Kinder,Emotionen_Lernen,Inklusion,Lernolotl,Kindergarten_PDF,Fördermaterial,Wut_Kinder_PDF",,https://i.etsystatic.com/64486107/r/il/84ec28/7910476054/il_fullxfull.7910476054_3fg3.jpg,https://i.etsystatic.com/64486107/r/il/8b7807/7958430735/il_fullxfull.7958430735_as7o.jpg,https://i.etsystatic.com/64486107/r/il/50b207/7958430793/il_fullxfull.7958430793_jxuy.jpg,https://i.etsystatic.com/64486107/r/il/59423d/7910476390/il_fullxfull.7910476390_boje.jpg,,,,,,,,,,,,,,,,
"Begleitgeschichte  Arztbesuch vorbereiten Lernolotl | Arztangst Kinder PDF Download | Inklusion Kindergarten Autismus","🩺 Lernolotl geht zum Arzt – Begleitgeschichte zur Vorbereitung auf den Arztbesuch

Der Arztbesuch ist für viele Kinder ein aufregender, manchmal angsteinflößender Moment — voller Unbekanntem, neuer Geräusche und ungewohnter Berührungen. Diese Begleitgeschichte begleitet Kinder Schritt für Schritt durch diesen Termin: vom Ankündigen des Termins bis zum stolzen „Ich hab es geschafft!""

Lernolotl, der freundliche Axolotl mit der runden Brille, erlebt alles, was auch dein Kind erleben wird — und zeigt dabei, wie man mit Aufregung, Ungewissheit, unangenehmen Momenten und Hilfe bitten umgehen kann.

---

📖 WAS IST EINE BEGLEITGESCHICHTE?

Begleitgeschichten (auch bekannt als Social Stories™-ähnliche Geschichten) helfen Kindern, neue oder herausfordernde Situationen vorab zu verstehen. Sie erklären, was passiert, welche Gefühle normal sind — und was man tun kann, wenn etwas schwierig wird.

Sie sind besonders hilfreich für:
• Kinder mit Autismus oder ADHS
• Kinder mit Arztangst oder erhöhtem Vorbereitungsbedarf
• Kinder mit sensorischer Empfindlichkeit
• Alle Kinder, die sich auf einen Arztbesuch vorbereiten möchten

---

📋 INHALT DER GESCHICHTE (15 Situationen):

Situation 1 – Der Arzttermin steht fest (Ankündigung)
Situation 2 – Was nehmen wir mit? (Vorbereitung, Kuscheltier)
Situation 3 – Der Weg zur Praxis
Situation 4 – Im Wartezimmer
Situation 5 – Aufgerufen werden
Situation 6 – Die Ärztin begrüßt Lernolotl
Situation 7 – Gewicht und Größe messen
Situation 8 – Abhören mit dem Stethoskop
Situation 9 – Wenn es unangenehm wird
Situation 10 – Um Hilfe bitten / Pause machen
Situation 11 – Die Untersuchung ist fertig
Situation 12 – Ein Pflaster (oder eine Spritze)
Situation 13 – Tschüss sagen und gehen
Situation 14 – Danach etwas Schönes
Situation 15 – Ich hab es geschafft!

Jede Situation enthält: eine Illustration, einen kurzen Text und einen pädagogischen Hinweissatz.

---

✅ WAS DU BEKOMMST:

• 1 druckfertige PDF-Datei (A4)
• Sofort nach dem Kauf als Download verfügbar
• Ohne Wasserzeichen
• Für den persönlichen oder pädagogischen Einsatz (Eltern, Erzieher:innen, Therapeut:innen, Fachkräfte)

---

💡 NUTZUNGSHINWEIS:
Dieses Produkt ist ausschließlich für den persönlichen und pädagogischen Gebrauch. Eine Weitergabe, Weiterverkauf oder öffentliche Verbreitung der Datei ist nicht gestattet.

---

🌱 Über Lernolotl:
Lernolotl ist ein kindgerechter Lernbegleiter für Kinder, die manchmal einen etwas anderen Weg brauchen. Alle Produkte entstehen mit pädagogischer Expertise und aus echter Familienerfahrung.

👉 Weitere Lernolotl-Materialien findest du in unserem Shop.",4,EUR,999,"Begleitgeschichte,Arztbesuch_Kind,Arztangst_Kinder,Social_Story,Autismus_Kind,ADHS_Kinder,Inklusion,Arzt_vorbereiten,Lernolotl,Kindergarten_PDF,Fördermaterial,Axolotl_Kinder,Arztpraxis_Angst",,https://i.etsystatic.com/64486107/r/il/8b87bd/7910408632/il_fullxfull.7910408632_tcjq.jpg,https://i.etsystatic.com/64486107/r/il/8d5842/7958363443/il_fullxfull.7958363443_7p4n.jpg,https://i.etsystatic.com/64486107/r/il/e2294f/7910408756/il_fullxfull.7910408756_ma01.jpg,https://i.etsystatic.com/64486107/r/il/6f9b38/7910408834/il_fullxfull.7910408834_2rsm.jpg,,,,,,,,,,,,,,,,
"Begleitgeschichte Erster Kitamorgen Lernolotl | Kita-Eingewöhnung vorbereiten | PDF Download | Inklusion Kindergarten","🌱 Lernolotl geht in die Kita – Begleitgeschichte zur Kita-Eingewöhnung

Der erste Kitamorgen ist für viele Kinder ein riesiger Schritt — aufregend, neu und manchmal überwältigend. Diese Begleitgeschichte begleitet Kinder Schritt für Schritt durch diesen besonderen Morgen: vom aufgeregten Abend davor bis zum stolzen Abgeholt-Werden.

Lernolotl, der freundliche Axolotl mit der runden Brille, erlebt alles, was auch dein Kind erleben wird — und zeigt dabei, wie man mit Aufregung, Trennungsschmerz, neuen Situationen und schwierigen Momenten umgehen kann.

---

📖 WAS IST EINE BEGLEITGESCHICHTE?

Begleitgeschichten (auch bekannt als Social Stories™-ähnliche Geschichten) helfen Kindern, neue oder herausfordernde Situationen vorab zu verstehen. Sie erklären, was passiert, welche Gefühle normal sind — und was man tun kann, wenn etwas schwierig wird.

Sie sind besonders hilfreich für:
• Kinder mit Autismus oder ADHS
• Kinder mit Trennungsangst oder erhöhtem Vorbereitungsbedarf
• Kinder mit sensorischer Empfindlichkeit
• Alle Kinder, die sich auf die Kita vorbereiten möchten

---

📋 INHALT DER GESCHICHTE (15 Situationen):

Situation 1 – Der Abend vor dem ersten Kitamorgen (Aufregung)
Situation 2 – Aufwachen und Morgenroutine
Situation 3 – Der Rucksack ist gepackt (inkl. Kuscheltier)
Situation 4 – Der Weg zur Kita
Situation 5 – Ankommen vor der Kita-Tür
Situation 6 – Die Erzieherin begrüßt Lernolotl
Situation 7 – Den Gruppenraum entdecken
Situation 8 – Der eigene Platz an der Hakenleiste
Situation 9 – Hallo sagen — erster Kontakt
Situation 10 – Das Frühstück mit der Brotdose
Situation 11 – Wenn es schwierig wird (Trennungsschmerz)
Situation 12 – Um Hilfe bitten
Situation 13 – Spielen und Mitmachen
Situation 14 – Abgeholt werden
Situation 15 – Ich hab es geschafft!

Jede Situation enthält: eine Illustration, einen kurzen Text und einen pädagogischen Hinweissatz.

---

✅ WAS DU BEKOMMST:

• 1 druckfertige PDF-Datei (A4,)
• Sofort nach dem Kauf als Download verfügbar
• Ohne Wasserzeichen
• Für den persönlichen oder pädagogischen Einsatz (Eltern, Erzieher:innen, Fachkräfte)

---

💡 NUTZUNGSHINWEIS:
Dieses Produkt ist ausschließlich für den persönlichen und pädagogischen Gebrauch. Eine Weitergabe, Weiterverkauf oder öffentliche Verbreitung der Datei ist nicht gestattet.

---

🌱 Über Lernolotl:
Lernolotl ist ein kindgerechter Lernbegleiter für Kinder, die manchmal einen etwas anderen Weg brauchen. Alle Produkte entstehen mit pädagogischer Expertise und aus echter Familienerfahrung.

👉 Weitere Lernolotl-Materialien findest du in unserem Shop.",4,EUR,999,"Begleitgeschichte,Kita_Eingewöhnung,Erster_Kitamorgen,Social_Story,Autismus_Kind,ADHS_Kindergarten,Inklusion,Trennungsangst,Lernolotl,Kindergarten_PDF,Kita_vorbereiten,Axolotl_Kinder,Fördermaterial",,https://i.etsystatic.com/64486107/r/il/0bcf9f/7956542561/il_fullxfull.7956542561_oxxi.jpg,https://i.etsystatic.com/64486107/r/il/5e07a1/7956542639/il_fullxfull.7956542639_pft9.jpg,https://i.etsystatic.com/64486107/r/il/905429/7908585054/il_fullxfull.7908585054_5xp6.jpg,https://i.etsystatic.com/64486107/r/il/febc06/7956542731/il_fullxfull.7956542731_jfqq.jpg,,,,,,,,,,,,,,,,
"Begleitgeschichte Erster Schultag Lernolotl | Einschulung vorbereiten | PDF Download | Inklusion Vorschule","🌱 Lernolotl geht in die Schule – Begleitgeschichte zur Einschulung

Der erste Schultag ist für viele Kinder ein großer Schritt – aufregend, neu und manchmal auch überwältigend. Diese Begleitgeschichte begleitet Kinder Schritt für Schritt durch diesen besonderen Tag: vom Abend davor bis zum stolzen Nachhausekommen.

Lernolotl, der freundliche Axolotl mit der runden Brille, erlebt alles, was auch dein Kind erleben wird – und zeigt dabei, wie man mit Aufregung, neuen Situationen und schwierigen Momenten umgehen kann.

---

📖 WAS IST EINE BEGLEITGESCHICHTE?

Begleitgeschichten (auch bekannt als Social Stories™-ähnliche Geschichten) helfen Kindern, neue oder herausfordernde Situationen vorab zu verstehen. Sie erklären, was passiert, welche Gefühle normal sind – und was man tun kann, wenn etwas schwierig wird.

Sie sind besonders hilfreich für:
• Kinder mit Autismus oder ADHS
• Kinder mit erhöhtem Vorbereitungsbedarf
• Kinder mit Trennungsangst oder sensorischer Empfindlichkeit
• Alle Kinder, die sich auf die Schule vorbereiten möchten

---

📋 INHALT DER GESCHICHTE (9 Seiten, 15 Situationen):

Situation 1 – Der Abend vor dem Schultag (Aufregung)
Situation 2 – Aufwachen und Morgenroutine
Situation 3 – Schulranzen kontrollieren
Situation 4 – Der Weg zur Schule
Situation 5 – Ankommen auf dem Schulhof (viele Menschen)
Situation 6 – Die Lehrerin begrüßt Lernolotl
Situation 7 – Das Klassenzimmer entdecken
Situation 8 – Der eigene Platz
Situation 9 – Hallo sagen – der erste Kontakt
Situation 10 – Die Pause und die Brotdose
Situation 11 – Wenn es schwierig wird
Situation 12 – Um Hilfe bitten
Situation 13 – Der erste Buchstabe
Situation 14 – Endlich zuhause
Situation 15 – Ich hab es geschafft!

Jede Situation enthält: eine Illustration, einen kurzen Text und einen pädagogischen Hinweissatz.

---

✅ WAS DU BEKOMMST:

• 1 druckfertige PDF-Datei (A4,)
• Sofort nach dem Kauf als Download verfügbar
• Ohne Wasserzeichen
• Für den persönlichen oder pädagogischen Einsatz (Eltern, Lehrkräfte, Fachkräfte)

---

💡 NUTZUNGSHINWEIS:
Dieses Produkt ist ausschließlich für den persönlichen und pädagogischen Gebrauch. Eine Weitergabe, Weiterverkauf oder öffentliche Verbreitung der Datei ist nicht gestattet.

---

🌱 Über Lernolotl:
Lernolotl ist ein kindgerechter Lernbegleiter für Kinder, die manchmal einen etwas anderen Weg brauchen. Alle Produkte entstehen mit pädagogischer Expertise und aus echter Familienerfahrung.

👉 Weitere Lernolotl-Materialien findest du in unserem Shop.",4,EUR,999,"Begleitgeschichte,Einschulung,Erster_Schultag,Social_Story,Autismus_Kind,ADHS_Grundschule,Inklusion,Schulvorbereitung,Lernolotl,Vorschule_PDF,Schule_vorbereiten,Axolotl_Kinder,Fördermaterial",,https://i.etsystatic.com/64486107/r/il/8ead4e/7955461311/il_fullxfull.7955461311_2pji.jpg,https://i.etsystatic.com/64486107/r/il/481785/7907501786/il_fullxfull.7907501786_5t8v.jpg,https://i.etsystatic.com/64486107/r/il/0e43d2/7907501828/il_fullxfull.7907501828_hoe2.jpg,https://i.etsystatic.com/64486107/r/il/52ae70/7907501888/il_fullxfull.7907501888_rsm4.jpg,,,,,,,,,,,,,,,,
"Zuhause-Reihe Komplett-Bundle | Lernolotl Ratgeber Nr.54–65 | 12 Vorlesegeschichten Neurodiversität Familie | PDF Download","12 Ratgeber. 12 Themen aus dem Alltag zuhause. Die vollständige Zuhause-Reihe des Lernolotl — als Komplett-Bundle.

Abendroutine, Erschöpfung, Grenzen, Einschlafen, Wut, Aufräumen, Geschwister, Bildschirmzeit, Elternstreit, Haustier, Kranksein, Kochen. Jeder Ratgeber begleitet eine echte Alltagssituation — mit Vorlesegeschichte, Fachinput für Eltern, Begleitgeschichte für Kinder, Familien-Spiel und Mitmachseiten.

➤ WAS DRIN STECKT (je Ratgeber)

Geschichte zum Vorlesen — authentisch, kindgerecht, ohne falsche Aufhellung
Fachinput für Eltern — Entwicklungspsychologie und Neurobiologie erklärt
Begleitgeschichte für Kinder — 6 Seiten, ein Satz je Seite
Familien-Spiel — zum gemeinsamen Gespräch
Gesprächsleitfaden mit Antworten
Arbeitsblätter und Mitmachseiten

12 × 17 Seiten = 204 Seiten · PDF · Sofort-Download

➤ FÜR WEN

Familien mit neurodiversen Kindern, die den Alltag zuhause besser verstehen wollen
Eltern, die für jedes Thema gut vorbereitet sein wollen
Erzieherinnen und Lehrkräfte, die Ratgeber für das gesamte Jahr brauchen

✔ Sofort-Download nach Kauf — 204 Seiten, 12 PDF-Dateien
✔ Nur für privaten und pädagogischen Gebrauch
✔ –30% gegenüber Einzelkauf",23.4,EUR,999,"Lernolotl_Bundle,Neurodiversität_Familie,ADHS_Zuhause,Ratgeber_Kinder_Alltag,Autismus_Familie,Hochsensibilität_Alltag,Vorlesegeschichten_Bundle,PDF_Download_Deutsch,NeuroTeacherTools,Inklusion_Familie,Elternratgeber_Grundschule,Kinder_Alltag_Ratgeber,Familienbuch_Neurodiversität",,https://i.etsystatic.com/64486107/r/il/77fea7/7950391799/il_fullxfull.7950391799_nr7t.jpg,https://i.etsystatic.com/64486107/r/il/13bb37/7902441578/il_fullxfull.7902441578_fhdm.jpg,https://i.etsystatic.com/64486107/r/il/3fae8c/7950392423/il_fullxfull.7950392423_4o4l.jpg,https://i.etsystatic.com/64486107/r/il/6bdd4f/7950392451/il_fullxfull.7950392451_nt4e.jpg,https://i.etsystatic.com/64486107/r/il/73180a/7902441718/il_fullxfull.7902441718_4abb.jpg,https://i.etsystatic.com/64486107/r/il/c0fe60/7950392543/il_fullxfull.7950392543_100o.jpg,https://i.etsystatic.com/64486107/r/il/2d1b9c/7902441764/il_fullxfull.7902441764_f10g.jpg,https://i.etsystatic.com/64486107/r/il/27c01a/7950392613/il_fullxfull.7950392613_5bjo.jpg,https://i.etsystatic.com/64486107/r/il/1d36d0/7902441848/il_fullxfull.7902441848_nxx5.jpg,https://i.etsystatic.com/64486107/r/il/fb0d54/7950392739/il_fullxfull.7950392739_4nwk.jpg,,,,,,,,,,
"Krank sein — ich will nicht pausieren | Ratgeber Nr.64 Kranksein ADHS Kinder | Vorlesegeschichte Zuhause Erholung | PDF Download","38,7 Grad. Der Körper liegt flach. Aber der Kopf denkt: Was verpasse ich? Was kommt morgen? Kann ich schon wieder aufstehen?

Kranksein mit ADHS ist seine eigene Herausforderung. Der Körper braucht Pause — aber das ADHS-Gehirn versteht Pause nicht gut. Es läuft weiter, plant weiter, sorgt weiter. Dieser Ratgeber erklärt warum Kranksein mit ADHS mehr im Kopf weh tut als im Körper — und wie Kinder lernen können, ihrem Körper das zu geben was er braucht.

➤ WAS DRIN STECKT

Vorlesegeschichte ""38,7 Grad"" — über einen Körper, der pausiert, und einen Kopf, der es lernt
Fachinput über Kranksein, ADHS und Selbstregulation
Einfache Begleitgeschichte für Kinder (6 Seiten, ein Satz je Seite)
Das Genesungs-Spiel — was tut meinem Körper gut?
Kranken-Tagesplan zum Ausfüllen

17 Seiten · PDF · Sofort-Download

➤ FÜR WEN

Eltern, deren Kind krank aber trotzdem rastlos ist
Kinder ab 6, die lernen wollen warum Ausruhen wichtig ist
Familien, die ADHS und Körpersignale besser verstehen wollen

✔ Sofort-Download nach Kauf — 17 Seiten, druckoptimiertes PDF
✔ Nur für privaten und pädagogischen Gebrauch",3.9,EUR,999,"Lernolotl,Krank_Kind_ADHS,Kranksein_Grundschule,Körperwahrnehmung_ADHS,Erholung_Kind,Fieber_Kind_ADHS,Vorlesegeschichte_Zuhause,Ratgeber_Eltern,Neurodiversität_Alltag,Hochsensibilität_Körper,PDF_Download_Deutsch,NeuroTeacherTools,Pause_lernen_Kind",,https://i.etsystatic.com/64486107/r/il/476943/7902434718/il_fullxfull.7902434718_eubz.jpg,https://i.etsystatic.com/64486107/r/il/456f9b/7902434776/il_fullxfull.7902434776_6bez.jpg,https://i.etsystatic.com/64486107/r/il/27621f/7902434936/il_fullxfull.7902434936_k46f.jpg,https://i.etsystatic.com/64486107/r/il/7a688d/7902434990/il_fullxfull.7902434990_qqrk.jpg,https://i.etsystatic.com/64486107/r/il/fdc297/7902435032/il_fullxfull.7902435032_ew5d.jpg,https://i.etsystatic.com/64486107/r/il/83f027/7950385991/il_fullxfull.7950385991_7lld.jpg,https://i.etsystatic.com/64486107/r/il/f85338/7902435144/il_fullxfull.7902435144_q7wq.jpg,https://i.etsystatic.com/64486107/r/il/de59df/7950386105/il_fullxfull.7950386105_njs9.jpg,https://i.etsystatic.com/64486107/r/il/994794/7902435238/il_fullxfull.7902435238_g7nj.jpg,https://i.etsystatic.com/64486107/r/il/05ef42/7902435286/il_fullxfull.7902435286_4cci.jpg,,,,,,,,,,
"Kochen mit der Familie — ich will helfen! | Ratgeber Nr.65 Impulskontrolle Warten Kinder | Vorlesegeschichte Zuhause | PDF Download","Papa kocht jeden Abend. Heute darf der Lernolotl helfen. Er weiß schon wie — zuerst Zwiebeln, dann Knoblauch, dann Tomaten. Papa schneidet sehr langsam. Sehr gleichmäßig. Das Warten ist fast nicht auszuhalten.

Gemeinsam kochen ist für Kinder mit ADHS ein natürliches Übungsfeld für Impulskontrolle, Selbstwirksamkeit und Frustrationtoleranz. Mit der richtigen Struktur — klare Ansagen, ein eigener Bereich — wird aus einem täglichen Kampf ein gemeinsames Erlebnis. Dieser Ratgeber zeigt wie.

➤ WAS DRIN STECKT

Vorlesegeschichte ""Pasta mit Tomatensoße"" — über Warten lernen in der Küche
Fachinput über Impulskontrolle, Helfen und strukturiertes Kochen
Einfache Begleitgeschichte für Kinder (6 Seiten, ein Satz je Seite)
Das Koch-Tempo-Spiel — schnell, langsam, oder genau richtig?
Kochplan zum Ausfüllen und an den Kühlschrank hängen

17 Seiten · PDF · Sofort-Download

➤ FÜR WEN

Eltern, die ihr Kind beim Kochen einbeziehen wollen — ohne Chaos
Kinder ab 6, die endlich einen eigenen Teil beim Kochen haben wollen
Familien, die Impulskontrolle spielerisch im Alltag üben

✔ Sofort-Download nach Kauf — 17 Seiten, druckoptimiertes PDF
✔ Nur für privaten und pädagogischen Gebrauch",3.9,EUR,999,"Lernolotl,Kochen_Kinder_ADHS,Impulskontrolle_Kind,Warten_lernen_Kinder,Helfen_Küche_Kind,Selbstwirksamkeit_Kind,Vorlesegeschichte_Zuhause,Ratgeber_Eltern,Neurodiversität_Alltag,Kochen_Familie,PDF_Download_Deutsch,NeuroTeacherTools,Gemeinsam_kochen",,https://i.etsystatic.com/64486107/r/il/a55ef2/7902437682/il_fullxfull.7902437682_jcuy.jpg,https://i.etsystatic.com/64486107/r/il/5e0c91/7902437722/il_fullxfull.7902437722_lyub.jpg,https://i.etsystatic.com/64486107/r/il/8aa7fc/7902437844/il_fullxfull.7902437844_evfi.jpg,https://i.etsystatic.com/64486107/r/il/77ee66/7950388767/il_fullxfull.7950388767_5mcd.jpg,https://i.etsystatic.com/64486107/r/il/a65944/7950388801/il_fullxfull.7950388801_s9mm.jpg,https://i.etsystatic.com/64486107/r/il/0c6b78/7950388837/il_fullxfull.7950388837_cjwd.jpg,https://i.etsystatic.com/64486107/r/il/041872/7902437998/il_fullxfull.7902437998_io25.jpg,https://i.etsystatic.com/64486107/r/il/cd2142/7950388887/il_fullxfull.7950388887_fx3c.jpg,https://i.etsystatic.com/64486107/r/il/055573/7902438134/il_fullxfull.7902438134_7yud.jpg,https://i.etsystatic.com/64486107/r/il/70008e/7902438172/il_fullxfull.7902438172_ipsg.jpg,,,,,,,,,,
"Haustier — Verantwortung lernen | Ratgeber Nr.63 Verantwortung Kinder ADHS | Vorlesegeschichte Haustier Vergessen | PDF Download","Kalli zieht ein. Der Lernolotl sagt Ja zu allem — und vergisst dann doch. Nicht weil ihm der Fisch egal ist. Sondern weil Vergessen bei ADHS kein Versagen ist.

Verantwortung ist kein Wollen — es ist ein System. Kinder mit ADHS brauchen externe Strukturen, die das Erinnern übernehmen. Dieser Ratgeber erklärt warum Vergessen kein Charakterfehler ist — und wie ein einfacher Pflege-Kalender aus Wollen Tun macht. Inklusive des wichtigsten Satzes: Fehler zugeben ist mutiger als schweigen.

➤ WAS DRIN STECKT

Vorlesegeschichte ""Kalli und das Vergessen"" — über Verantwortung, Fehler und echten Mut
Fachinput über Arbeitsgedächtnis, Vergessen und ADHS
Einfache Begleitgeschichte für Kinder (6 Seiten, ein Satz je Seite)
Das Verantwortungs-Spiel — was kann ich wirklich?
Pflege-Kalender zum Ausfüllen

17 Seiten · PDF · Sofort-Download

➤ FÜR WEN

Eltern, deren Kind immer wieder vergisst — obwohl es es wirklich will
Kinder ab 6, die Verantwortung üben wollen
Familien, die ein Haustier planen und ehrlich vorbereiten wollen

✔ Sofort-Download nach Kauf — 17 Seiten, druckoptimiertes PDF
✔ Nur für privaten und pädagogischen Gebrauch",3.9,EUR,999,"Lernolotl,Verantwortung_Kinder,Haustier_ADHS,Vergessen_ADHS,Arbeitsgedächtnis_Kind,Pflichten_Grundschule,Vorlesegeschichte_Zuhause,Ratgeber_Eltern,Neurodiversität_Alltag,Autismus_Alltag,PDF_Download_Deutsch,NeuroTeacherTools,Haustier_Kind",,https://i.etsystatic.com/64486107/r/il/15f41d/7902430994/il_fullxfull.7902430994_ax3c.jpg,https://i.etsystatic.com/64486107/r/il/93c81f/7950382071/il_fullxfull.7950382071_7jtp.jpg,https://i.etsystatic.com/64486107/r/il/234d23/7950382169/il_fullxfull.7950382169_90ci.jpg,https://i.etsystatic.com/64486107/r/il/2e313e/7950382217/il_fullxfull.7950382217_ekqp.jpg,https://i.etsystatic.com/64486107/r/il/7b1a67/7902431220/il_fullxfull.7902431220_ta5p.jpg,https://i.etsystatic.com/64486107/r/il/809cf9/7902431272/il_fullxfull.7902431272_5oub.jpg,https://i.etsystatic.com/64486107/r/il/1e4f2f/7950382357/il_fullxfull.7950382357_4bdo.jpg,https://i.etsystatic.com/64486107/r/il/46b3c1/7902431368/il_fullxfull.7902431368_rqbw.jpg,https://i.etsystatic.com/64486107/r/il/3ffd06/7902431422/il_fullxfull.7902431422_8ynj.jpg,https://i.etsystatic.com/64486107/r/il/bc9eea/7902431472/il_fullxfull.7902431472_bv9m.jpg,,,,,,,,,,
"Wenn die Eltern streiten | Ratgeber Nr.62 Elternstreit Kinder Sicherheit | Vorlesegeschichte Schutz & Bindung | PDF Download","Die Stimmen aus der Küche klingen anders. Lauter. Härter. Der Lernolotl liegt im Bett und fragt sich: Bin ich schuld?

Kinder, die Elternstreit miterleben, neigen fast immer dazu sich als Ursache zu sehen. Das ist keine Fehlfunktion — es ist kindliche Entwicklung. Aber ohne Korrektur führt es zu Schuldgefühlen und Angst. Dieser Ratgeber zeigt was Kinder wirklich brauchen — und gibt den drei wichtigsten Sätzen ihren Platz: Es ist nicht deine Schuld. Es ist nicht deine Aufgabe. Du darfst immer klopfen.

➤ WAS DRIN STECKT

Vorlesegeschichte ""Wenn die Eltern streiten"" — über einen Abend, der sich wieder sichert
Fachinput über Kinder und Elternkonflikte, Schuldzuschreibung und Schutz
Einfache Begleitgeschichte für Kinder (6 Seiten, ein Satz je Seite)
Das Gewitter-Spiel — Gewitter gehen immer vorbei
Sicherer-Platz-Karte zum Ausfüllen und Aufhängen

17 Seiten · PDF · Sofort-Download

➤ FÜR WEN

Eltern, die nach einem Streit nicht wissen wie sie mit dem Kind sprechen
Kinder ab 6, die Angst haben wenn Erwachsene streiten
Familien, die Sicherheit auch in schwierigen Momenten aufbauen wollen

✔ Sofort-Download nach Kauf — 17 Seiten, druckoptimiertes PDF
✔ Nur für privaten und pädagogischen Gebrauch",3.9,EUR,999,"Lernolotl,Elternstreit_Kinder,Streit_Eltern_Kind,Kinderschutz_Bindung,Sicherer_Platz_Kind,Neurodiversität_Familie,Vorlesegeschichte_Zuhause,Ratgeber_Eltern,Angst_Kinder_Streit,Hochsensibilität_Familie,PDF_Download_Deutsch,NeuroTeacherTools,Bindung_Sicherheit_Kind",,https://i.etsystatic.com/64486107/r/il/64ea3b/7902428042/il_fullxfull.7902428042_s8it.jpg,https://i.etsystatic.com/64486107/r/il/b1386e/7950379091/il_fullxfull.7950379091_j6bc.jpg,https://i.etsystatic.com/64486107/r/il/2afe2c/7902428260/il_fullxfull.7902428260_rmta.jpg,https://i.etsystatic.com/64486107/r/il/1cfc74/7950379315/il_fullxfull.7950379315_1qz3.jpg,https://i.etsystatic.com/64486107/r/il/23faac/7902428350/il_fullxfull.7902428350_3r34.jpg,https://i.etsystatic.com/64486107/r/il/b311ee/7902428392/il_fullxfull.7902428392_p1mc.jpg,https://i.etsystatic.com/64486107/r/il/d5c760/7950379429/il_fullxfull.7950379429_67r5.jpg,https://i.etsystatic.com/64486107/r/il/25f1fe/7902428478/il_fullxfull.7902428478_g1f0.jpg,https://i.etsystatic.com/64486107/r/il/2a640e/7902428558/il_fullxfull.7902428558_8xeo.jpg,https://i.etsystatic.com/64486107/r/il/6d7710/7950379577/il_fullxfull.7950379577_5uj9.jpg,,,,,,,,,,
"Geschwisterstreit — warum ist das ungerecht? | Ratgeber Nr.60 Gerechtigkeitssinn Kinder | Vorlesegeschichte Geschwister | PDF Download","Lea bekommt Eis. Ich nicht. Das ist ungerecht. Punkt.

Der ausgeprägte Gerechtigkeitssinn vieler neurodiverser Kinder ist keine Trotzigkeit — er ist ein neurobiologisches Merkmal. Sie sehen immer nur einen Teil des Bildes und reagieren auf gefühlte Ungleichheit intensiv. Dieser Ratgeber erklärt warum das so ist — und was ""Gleichheit"" wirklich bedeutet, wenn man Geschwister hat.

➤ WAS DRIN STECKT

Vorlesegeschichte ""Das Eis und die Liste"" — über gefühlte Ungerechtigkeit und den größeren Kontext
Fachinput über Gerechtigkeitssinn, Kognition und Geschwisterdynamiken
Einfache Begleitgeschichte für Kinder (6 Seiten, ein Satz je Seite)
Das Gerechtigkeits-Spiel — wer sieht was?
Familien-Gesprächsleitfaden mit Antworten

17 Seiten · PDF · Sofort-Download

➤ FÜR WEN

Eltern, die nicht mehr wissen wie sie Geschwisterstreit erklären sollen
Kinder ab 6, die das Gefühl haben immer benachteiligt zu werden
Familien, die lernen wollen über Fairness zu sprechen — ohne zu streiten

✔ Sofort-Download nach Kauf — 17 Seiten, druckoptimiertes PDF
✔ Nur für privaten und pädagogischen Gebrauch",3.9,EUR,999,"Lernolotl,Geschwisterstreit,Gerechtigkeitssinn_Kinder,Fairness_ADHS,Geschwister_Konflikt,Neurodiversität_Geschwister,Vorlesegeschichte_Zuhause,Ratgeber_Eltern,Autismus_Gerechtigkeit,Hochsensibilität_Kind,PDF_Download_Deutsch,NeuroTeacherTools,Gleichbehandlung_Kinder",,https://i.etsystatic.com/64486107/r/il/78f454/7950373529/il_fullxfull.7950373529_tctu.jpg,https://i.etsystatic.com/64486107/r/il/f18e4c/7950373619/il_fullxfull.7950373619_47q9.jpg,https://i.etsystatic.com/64486107/r/il/3b90c9/7902422742/il_fullxfull.7902422742_tavl.jpg,https://i.etsystatic.com/64486107/r/il/d53844/7902422796/il_fullxfull.7902422796_c1m5.jpg,https://i.etsystatic.com/64486107/r/il/592ba7/7950373807/il_fullxfull.7950373807_z6n7.jpg,https://i.etsystatic.com/64486107/r/il/23cb84/7902422900/il_fullxfull.7902422900_jojj.jpg,https://i.etsystatic.com/64486107/r/il/944926/7902422972/il_fullxfull.7902422972_kc89.jpg,https://i.etsystatic.com/64486107/r/il/21edd1/7902423018/il_fullxfull.7902423018_rgc7.jpg,https://i.etsystatic.com/64486107/r/il/804267/7950374017/il_fullxfull.7950374017_mkyi.jpg,https://i.etsystatic.com/64486107/r/il/abcc8d/7902423106/il_fullxfull.7902423106_3nwd.jpg,,,,,,,,,,
"Aufräumen — das ewige Streitthema | Ratgeber Nr.59 Exekutivfunktionen ADHS Kinder | Vorlesegeschichte Zuhause | PDF Download","""Räum dein Zimmer auf."" Das Zimmer sieht aus wie nach einem Erdbeben — und er weiß nicht, wo anfangen. Also fängt er gar nicht an.

Aufräumen ist für viele Kinder mit ADHS keine Frage des Willens — es ist eine Frage der Exekutivfunktionen. Das Gehirn kann den Startpunkt nicht finden. Dieser Ratgeber erklärt warum das Starten so schwer ist — und wie ein Zettel mit fünf kleinen Schritten das Unmögliche möglich macht.

➤ WAS DRIN STECKT

Vorlesegeschichte ""Aufräumen — das ewige Streitthema"" — über einen Zettel der alles verändert
Fachinput über Exekutivfunktionen, Starten und Aufgabenzerlegung
Einfache Begleitgeschichte für Kinder (6 Seiten, ein Satz je Seite)
Das Aufräum-Schritt-Spiel — eine Aufgabe, zwanzig kleine
Aufräum-Zettel-Vorlage zum Ausfüllen

17 Seiten · PDF · Sofort-Download

➤ FÜR WEN

Eltern, die täglich mit ihrem Kind über Aufräumen streiten
Kinder ab 6, die nicht wissen wo sie anfangen sollen
Lehrkräfte, die Aufgabenzerlegung im Unterricht einsetzen wollen

✔ Sofort-Download nach Kauf — 17 Seiten, druckoptimiertes PDF
✔ Nur für privaten und pädagogischen Gebrauch",3.9,EUR,999,"Lernolotl,Aufräumen_ADHS,Exekutivfunktionen_Kinder,Starten_ADHS,Aufgabenzerlegung_Kind,Zimmer_aufräumen_Kinder,Vorlesegeschichte_Zuhause,Ratgeber_Eltern,Neurodiversität_Alltag,Autismus_Alltag,PDF_Download_Deutsch,NeuroTeacherTools,Struktur_Kinder",,https://i.etsystatic.com/64486107/r/il/e77a51/7950370345/il_fullxfull.7950370345_c31h.jpg,https://i.etsystatic.com/64486107/r/il/ed960a/7902419438/il_fullxfull.7902419438_hnmw.jpg,https://i.etsystatic.com/64486107/r/il/dd7845/7902419530/il_fullxfull.7902419530_nhzs.jpg,https://i.etsystatic.com/64486107/r/il/13593f/7950370603/il_fullxfull.7950370603_kl2j.jpg,https://i.etsystatic.com/64486107/r/il/d854c8/7950370657/il_fullxfull.7950370657_901t.jpg,https://i.etsystatic.com/64486107/r/il/0f3957/7902419674/il_fullxfull.7902419674_p978.jpg,https://i.etsystatic.com/64486107/r/il/9c2ba3/7950370731/il_fullxfull.7950370731_219k.jpg,https://i.etsystatic.com/64486107/r/il/729d8f/7950370781/il_fullxfull.7950370781_dkzh.jpg,https://i.etsystatic.com/64486107/r/il/d24c03/7902419818/il_fullxfull.7902419818_pk9d.jpg,https://i.etsystatic.com/64486107/r/il/246ff8/7902419846/il_fullxfull.7902419846_siny.jpg,,,,,,,,,,
"Bildschirmzeit — wann ist Schluss? | Ratgeber Nr.61 Bildschirm ADHS Kinder | Vorlesegeschichte Selbstregulation | PDF Download","Er ist so nah dran. Nur noch dieses Level. Genau dann sagt Mama: Die Zeit ist um.

Bildschirme und ADHS-Gehirne sind eine besondere Kombination: Dopamin-Sog plus schlechte Übergangsfähigkeit. Abrupt aufhören fühlt sich an wie aus einem Traum gerissen werden. Dieser Ratgeber erklärt die Neurobiologie hinter dem Bildschirm-Sog — und zeigt wie ein gemeinsamer Plan aus einem täglichen Kampf einen funktionierenden Übergang macht.

➤ WAS DRIN STECKT

Vorlesegeschichte ""Mitten im Level"" — über Aufhören lernen
Fachinput über Dopamin, Bildschirm-Sog und ADHS
Einfache Begleitgeschichte für Kinder (6 Seiten, ein Satz je Seite)
Das Übergangs-Ritual-Spiel — was hilft beim Aufhören?
Bildschirmzeit-Plan zum gemeinsamen Ausfüllen

17 Seiten · PDF · Sofort-Download

➤ FÜR WEN

Eltern, die täglich mit ihrem Kind über Bildschirmzeit streiten
Kinder ab 6, die lernen wollen warum Aufhören so schwer ist
Familien, die einen funktionierenden Übergang etablieren wollen

✔ Sofort-Download nach Kauf — 17 Seiten, druckoptimiertes PDF
✔ Nur für privaten und pädagogischen Gebrauch",3.9,EUR,999,"Lernolotl,Bildschirmzeit_Kinder,Bildschirm_ADHS,Selbstregulation_Kinder,Dopamin_ADHS,Medienzeit_Grundschule,Vorlesegeschichte_Zuhause,Ratgeber_Eltern,Neurodiversität_Alltag,Aufhören_lernen_Kind,PDF_Download_Deutsch,NeuroTeacherTools,Übergang_Ritual",,https://i.etsystatic.com/64486107/r/il/78edc9/7902425130/il_fullxfull.7902425130_duqg.jpg,https://i.etsystatic.com/64486107/r/il/15b20c/7950376161/il_fullxfull.7950376161_g8lf.jpg,https://i.etsystatic.com/64486107/r/il/85b889/7902425278/il_fullxfull.7902425278_8hmk.jpg,https://i.etsystatic.com/64486107/r/il/dd948b/7902425298/il_fullxfull.7902425298_tqc5.jpg,https://i.etsystatic.com/64486107/r/il/654ef5/7950376333/il_fullxfull.7950376333_4zoe.jpg,https://i.etsystatic.com/64486107/r/il/8aacd9/7902425420/il_fullxfull.7902425420_jzae.jpg,https://i.etsystatic.com/64486107/r/il/43a69c/7902425484/il_fullxfull.7902425484_d18z.jpg,https://i.etsystatic.com/64486107/r/il/c3c7c9/7950376513/il_fullxfull.7950376513_b5i7.jpg,https://i.etsystatic.com/64486107/r/il/fcb8e5/7902425574/il_fullxfull.7902425574_cwo3.jpg,https://i.etsystatic.com/64486107/r/il/0d55c9/7950376619/il_fullxfull.7950376619_t5oh.jpg,,,,,,,,,,
"Wut — wenn alles zu viel wird | Ratgeber Nr.58 Wutanfälle Kinder ADHS | Vorlesegeschichte Regulation | PDF Download","Ein Knick im Buch. Ein Ausbruch. Und alle fragen: Warum wegen sowas?

Wut entsteht selten wegen dem letzten Auslöser — sie entsteht, weil das Reizfass schon vorher voll war. Für Kinder mit ADHS, Autismus oder Hochsensibilität läuft dieses Fass schneller voll. Dieser Ratgeber erklärt das Reizfass-Modell und zeigt, wie Kinder lernen die Frühzeichen zu erkennen — bevor das Fass überläuft.

➤ WAS DRIN STECKT

Vorlesegeschichte ""Wut — wenn alles zu viel wird"" — über einen Ausbruch und was davor kam
Fachinput über Wut, Reizverarbeitung und Impulskontrolle
Einfache Begleitgeschichte für Kinder (6 Seiten, ein Satz je Seite)
Das Reizfass-Spiel — was füllt meins?
Reizfass-Karte zum Ausfüllen und Regulierungsplan

17 Seiten · PDF · Sofort-Download

➤ FÜR WEN

Eltern, die Wutausbrüche ihres Kindes nicht verstehen
Kinder ab 6, die lernen wollen warum Wut so überwältigend ist
Lehrkräfte und Erzieherinnen, die Regulation im Alltag begleiten

✔ Sofort-Download nach Kauf — 17 Seiten, druckoptimiertes PDF
✔ Nur für privaten und pädagogischen Gebrauch",3.9,EUR,999,"Lernolotl,Wutanfälle_Kinder,Wut_ADHS,Regulation_Kind,Impulskontrolle_Kinder,Reizüberflutung_Kind,Vorlesegeschichte_Zuhause,Ratgeber_Eltern,Neurodiversität_Alltag,Autismus_Wut,PDF_Download_Deutsch,NeuroTeacherTools,Emotionsregulation_Kind",,https://i.etsystatic.com/64486107/r/il/c93af1/7950367269/il_fullxfull.7950367269_n47u.jpg,https://i.etsystatic.com/64486107/r/il/d60824/7950367307/il_fullxfull.7950367307_df48.jpg,https://i.etsystatic.com/64486107/r/il/689e6c/7950367357/il_fullxfull.7950367357_kuqp.jpg,https://i.etsystatic.com/64486107/r/il/f4b9b8/7902416714/il_fullxfull.7902416714_6tbl.jpg,https://i.etsystatic.com/64486107/r/il/f71209/7902416756/il_fullxfull.7902416756_opwu.jpg,https://i.etsystatic.com/64486107/r/il/ef6689/7902416794/il_fullxfull.7902416794_mxs7.jpg,https://i.etsystatic.com/64486107/r/il/9b4da8/7902416818/il_fullxfull.7902416818_a3lf.jpg,https://i.etsystatic.com/64486107/r/il/12a66d/7950367609/il_fullxfull.7950367609_rbwa.jpg,https://i.etsystatic.com/64486107/r/il/7aa686/7902416890/il_fullxfull.7902416890_8uvu.jpg,https://i.etsystatic.com/64486107/r/il/c799c2/7950367717/il_fullxfull.7950367717_dpg1.jpg,,,,,,,,,,
"Das Zimmer des Lernolotl | Ratgeber Nr.56 Grenzen Ordnung Kinder | Vorlesegeschichte Zuhause Neurodiversität | PDF Download","Stein — Tannenzapfen — Muschel. Immer. Lea hat die Muschel umgestellt — nur eine Kleinigkeit. Für den Lernolotl war es alles andere als das.

Persönliche Ordnung ist für manche Kinder kein Eigensinn — sie ist Sicherheit. Wenn diese Ordnung gestört wird, fühlt es sich an als hätte jemand im Kopf etwas umgestellt. Dieser Ratgeber erklärt warum das so ist — und wie Grenzen erklärt werden können, damit sie wirklich verstanden werden.

➤ WAS DRIN STECKT

Vorlesegeschichte ""Das Zimmer des Lernolotl"" — über Ordnung, Grenzen und das Gespräch das hilft
Fachinput über sensorische Regulation und Ordnungsbedürfnis
Einfache Begleitgeschichte für Kinder (6 Seiten, ein Satz je Seite)
Das Grenzen-Spiel — mein Ort, meine Regel
Zimmer-Plan zum Ausfüllen und Aufhängen

17 Seiten · PDF · Sofort-Download

➤ FÜR WEN

Eltern, deren Kind sehr empfindlich auf veränderte Ordnung reagiert
Geschwisterkinder, die lernen Grenzen zu respektieren
Kinder ab 6, die ihre eigenen Grenzen erklären wollen

✔ Sofort-Download nach Kauf — 17 Seiten, druckoptimiertes PDF
✔ Nur für privaten und pädagogischen Gebrauch",3.9,EUR,999,"Lernolotl,Grenzen_Kinder,Ordnung_ADHS,Sensorische_Integration_Kind,Persönlicher_Raum_Kinder,Autismus_Ordnung,Vorlesegeschichte_Zuhause,Ratgeber_Eltern,Neurodiversität_Alltag,Hochsensibilität_Kind,PDF_Download_Deutsch,NeuroTeacherTools,Geschwister_Grenzen",,https://i.etsystatic.com/64486107/r/il/59d9d4/7950359857/il_fullxfull.7950359857_m400.jpg,https://i.etsystatic.com/64486107/r/il/2e77cd/7902408890/il_fullxfull.7902408890_gl7w.jpg,https://i.etsystatic.com/64486107/r/il/f87a26/7902408992/il_fullxfull.7902408992_7v0p.jpg,https://i.etsystatic.com/64486107/r/il/13e85b/7950360065/il_fullxfull.7950360065_c1ko.jpg,https://i.etsystatic.com/64486107/r/il/d731e3/7902409116/il_fullxfull.7902409116_jf79.jpg,https://i.etsystatic.com/64486107/r/il/e609dd/7902409158/il_fullxfull.7902409158_78g5.jpg,https://i.etsystatic.com/64486107/r/il/2c2aac/7950360197/il_fullxfull.7950360197_impj.jpg,https://i.etsystatic.com/64486107/r/il/cc1e5c/7950360223/il_fullxfull.7950360223_b0am.jpg,https://i.etsystatic.com/64486107/r/il/582c13/7950360271/il_fullxfull.7950360271_dt5c.jpg,https://i.etsystatic.com/64486107/r/il/5efd52/7902409364/il_fullxfull.7902409364_1hn2.jpg,,,,,,,,,,
"Ich kann nicht einschlafen | Ratgeber Nr.57 Einschlafprobleme ADHS Kinder | Vorlesegeschichte Abendroutine | PDF Download","Es ist dunkel. Die anderen schlafen. Aber der Kopf denkt — an die Mathestunde, den Staffellauf, Axolotl, Pizza. Immer weiter. Der Körper ist erschöpft. Der Kopf ist hellwach.

Einschlafprobleme bei Kindern mit ADHS sind kein Willensproblem — sie sind ein Regulationsproblem. Dieser Ratgeber zeigt zwei einfache Techniken, die direkt wirken: das Kopf-Ablage-Heft und die 4-4-4-Atemübung. In fünf Minuten. Ohne Medikamente.

➤ WAS DRIN STECKT

Vorlesegeschichte ""Mein Kopf hört nicht auf"" — über einen Abend, der zur Ruhe kommt
Fachinput über Einschlafschwierigkeiten, ADHS und das Abend-Gehirn
Einfache Begleitgeschichte für Kinder (6 Seiten, ein Satz je Seite)
Das Abend-Gedanken-Spiel — was geht dir durch den Kopf?
Persönlicher Abend-Plan zum Ausfüllen und ans Bett hängen

17 Seiten · PDF · Sofort-Download

➤ FÜR WEN

Eltern, deren Kind abends einfach nicht runterfahren kann
Familien, die ein funktionierendes Abendritual aufbauen wollen
Kinder ab 6, die lernen wollen wie man dem Kopf sagt: Jetzt ist Schluss

✔ Sofort-Download nach Kauf — 17 Seiten, druckoptimiertes PDF
✔ Nur für privaten und pädagogischen Gebrauch",3.9,EUR,999,"Lernolotl,Einschlafprobleme_Kinder,ADHS_Einschlafen,Abendroutine_ADHS,Schlafprobleme_Grundschule,Atemübung_Kinder,Vorlesegeschichte_Zuhause,Ratgeber_Eltern,Neurodiversität_Alltag,Hochsensibilität_Schlaf,PDF_Download_Deutsch,NeuroTeacherTools,Einschlafritual",,https://i.etsystatic.com/64486107/r/il/f68d5d/7950364047/il_fullxfull.7950364047_65ri.jpg,https://i.etsystatic.com/64486107/r/il/3bd442/7902413416/il_fullxfull.7902413416_hdrt.jpg,https://i.etsystatic.com/64486107/r/il/5387f1/7902413498/il_fullxfull.7902413498_6u4a.jpg,https://i.etsystatic.com/64486107/r/il/cbd43c/7950364183/il_fullxfull.7950364183_2zj4.jpg,https://i.etsystatic.com/64486107/r/il/057c44/7902413556/il_fullxfull.7902413556_bwpq.jpg,https://i.etsystatic.com/64486107/r/il/869411/7950364255/il_fullxfull.7950364255_q489.jpg,https://i.etsystatic.com/64486107/r/il/be3d98/7902413600/il_fullxfull.7902413600_gebz.jpg,https://i.etsystatic.com/64486107/r/il/834119/7902413626/il_fullxfull.7902413626_ctj6.jpg,https://i.etsystatic.com/64486107/r/il/0a6a34/7950364369/il_fullxfull.7950364369_86v0.jpg,https://i.etsystatic.com/64486107/r/il/119390/7902413738/il_fullxfull.7902413738_97tz.jpg,,,,,,,,,,
"Wenn der Akku leer ist | Ratgeber Nr.55 Erschöpfung nach Schule ADHS | Vorlesegeschichte Erholung Kinder | PDF Download","Nach der Schule zieht sich der Lernolotl unter die Decke. Lea wartet auf ihn. Er kann nicht. Nicht weil er sie nicht mag — sondern weil der Akku leer ist.

Für neurotypische Kinder ist Schule anstrengend. Für neurodiverse Kinder ist Schule ein Marathon — und zuhause müssen sie erst landen, bevor sie wieder da sein können. Dieser Ratgeber erklärt warum kognitive Erschöpfung nach der Schule real ist — und wie Familien Raum für echte Erholung schaffen.

➤ WAS DRIN STECKT

Vorlesegeschichte ""Wenn der Akku leer ist"" — über ankommen dürfen
Fachinput über kognitive Erschöpfung und sensorische Überreizung
Einfache Begleitgeschichte für Kinder (6 Seiten, ein Satz je Seite)
Akku-Spiel — was lädt meinen Akku auf?
Meine persönliche Akku-Karte zum Ausfüllen und Aufhängen

17 Seiten · PDF · Sofort-Download

➤ FÜR WEN

Eltern, die nicht verstehen warum ihr Kind nach der Schule ""austickt""
Geschwisterkinder, die lernen dass Rückzug kein Ablehnen ist
Kinder ab 6, die erklären wollen warum sie Zeit für sich brauchen

✔ Sofort-Download nach Kauf — 17 Seiten, druckoptimiertes PDF
✔ Nur für privaten und pädagogischen Gebrauch",3.9,EUR,999,"Lernolotl,Erschöpfung_nach_Schule,ADHS_Erholung,Kognitive_Erschöpfung_Kind,Sensorische_Überreizung,Hochsensibilität_Erholung,Vorlesegeschichte_Zuhause,Ratgeber_Eltern,Neurodiversität_Alltag,Autismus_Erschöpfung,PDF_Download_Deutsch,NeuroTeacherTools,Rückzug_Kinder",,https://i.etsystatic.com/64486107/r/il/610d7a/7902405592/il_fullxfull.7902405592_2qsx.jpg,https://i.etsystatic.com/64486107/r/il/88c3b3/7950356665/il_fullxfull.7950356665_7car.jpg,https://i.etsystatic.com/64486107/r/il/0cdef5/7950356777/il_fullxfull.7950356777_ntaj.jpg,https://i.etsystatic.com/64486107/r/il/7e30a6/7950356813/il_fullxfull.7950356813_daje.jpg,https://i.etsystatic.com/64486107/r/il/1c92bc/7950356867/il_fullxfull.7950356867_8n6i.jpg,https://i.etsystatic.com/64486107/r/il/96018e/7950356911/il_fullxfull.7950356911_252n.jpg,https://i.etsystatic.com/64486107/r/il/d188e1/7950356951/il_fullxfull.7950356951_nxhv.jpg,https://i.etsystatic.com/64486107/r/il/af2619/7902405944/il_fullxfull.7902405944_4sqa.jpg,https://i.etsystatic.com/64486107/r/il/c90ef0/7902405998/il_fullxfull.7902405998_6j62.jpg,https://i.etsystatic.com/64486107/r/il/8fa777/7902406040/il_fullxfull.7902406040_j0k4.jpg,,,,,,,,,,
"Der Abend, der nicht klappt | Ratgeber Nr.54 Routinen Abendritual Kinder | Vorlesegeschichte Zuhause | PDF Download","Papa kommt zu spät. Das Essen steht kalt. Die gewohnte Reihenfolge stimmt nicht mehr. Für die meisten Kinder: ein kleines Problem. Für manche Kinder: ein Abend, der kippt.

Nicht weil sie schwierig sind. Sondern weil Routinen für sie keine Gewohnheit sind, sondern Sicherheit. Und wenn diese Sicherheit wegfällt, bricht etwas ein. Dieser Ratgeber erklärt warum — und was wirklich hilft, wenn der Abend aus dem Takt gerät.

➤ WAS DRIN STECKT

Vorlesegeschichte ""Der Abend, der nicht klappt"" — über einen Abend, der sich wieder einrenkt
Fachinput über Routinen, Vorhersehbarkeit und Sicherheit im Alltag
Einfache Begleitgeschichte für Kinder (6 Seiten, ein Satz je Seite)
Abendritual-Spiel — was hilft, wenn der Abend aus dem Takt ist?
Persönlicher Abendritual-Plan zum Ausfüllen und Aufhängen

17 Seiten · PDF · Sofort-Download

➤ FÜR WEN

Eltern, deren Kind bei kleinsten Abweichungen ausrastet
Familien, die einen verlässlichen Abend aufbauen wollen
Kinder ab 6, die verstehen wollen warum Routinen so wichtig sind

✔ Sofort-Download nach Kauf — 17 Seiten, druckoptimiertes PDF
✔ Nur für privaten und pädagogischen Gebrauch",3.9,EUR,999,"Lernolotl,Abendroutine_Kinder,Routinen_ADHS,Abendritual_Grundschule,Neurodiversität_Zuhause,ADHS_Kinder_Alltag,Vorlesegeschichte_Zuhause,Ratgeber_Eltern,Hochsensibilität_Kind,Autismus_Alltag,PDF_Download_Deutsch,NeuroTeacherTools,Rituale_Kinder",,https://i.etsystatic.com/64486107/r/il/31f77f/7902400924/il_fullxfull.7902400924_ekiv.jpg,https://i.etsystatic.com/64486107/r/il/88cbf0/7950352161/il_fullxfull.7950352161_dei4.jpg,https://i.etsystatic.com/64486107/r/il/2aa0ff/7902401266/il_fullxfull.7902401266_bwxc.jpg,https://i.etsystatic.com/64486107/r/il/323c1f/7902401296/il_fullxfull.7902401296_831z.jpg,https://i.etsystatic.com/64486107/r/il/b5130f/7902401368/il_fullxfull.7902401368_fibp.jpg,https://i.etsystatic.com/64486107/r/il/0816c7/7902401414/il_fullxfull.7902401414_fju8.jpg,https://i.etsystatic.com/64486107/r/il/f7d6c7/7950352571/il_fullxfull.7950352571_pgdk.jpg,https://i.etsystatic.com/64486107/r/il/361540/7902401540/il_fullxfull.7902401540_csdh.jpg,https://i.etsystatic.com/64486107/r/il/ce0c57/7950352681/il_fullxfull.7950352681_4fdf.jpg,https://i.etsystatic.com/64486107/r/il/3b4429/7950352749/il_fullxfull.7950352749_ilpn.jpg,,,,,,,,,,
"Autismus Regulations Toolkit - 6 Visuelle Skalen Kommunikation Gefühle - Überforderung Meltdown Prävention PDF Download","Dein Kind kann nicht sagen, wenn es überfordert ist. Meltdowns kommen ""aus dem Nichts"". Kommunikation bricht zusammen, wenn's stressig wird. Du fühlst dich hilflos, weil du nicht weißt, WAS gerade los ist.

**Dieses Toolkit gibt deinem Kind eine Stimme - auch ohne Worte.**

✅ **Was du bekommst - 6 visuelle Skalen:**

**1️⃣ ENERGIE-SKALA** 🔋
Wie viel Kraft ist noch da? Batterie leer oder voll?

**2️⃣ REIZ-LEVEL-SKALA** 🌊
Wie überwältigend ist es gerade? Von ruhig bis Overload

**3️⃣ NÄHE & DISTANZ-SKALA** 👥
Kuscheln oder Abstand brauchen? Klar kommunizieren

**4️⃣ KOMMUNIKATIONS-SKALA** 💬
Sprechen möglich oder nicht? Nonverbal zeigen

**5️⃣ KÖRPERWAHRNEHMUNG-SKALA** 🫀
Wie fühlt sich mein Körper an? Interozeption sichtbar machen

**6️⃣ ÜBERGANGS-SKALA** 🔄
Ist ein Wechsel gerade möglich? Transitions visualisieren

🚨 **PLUS: Notfallkarten & Präventionsplan**
• 4 Notfallkarten für akute Überforderung (""Ich brauche Pause"", ""Zu laut"", ""Nicht anfassen"", ""Hilfe"")
• Meltdown-Präventionsplan mit Frühwarnsignalen
• Social Stories für jede Skala (Erklärung für dein Kind)

💡 **Warum dieses Toolkit funktioniert:**
Autistische Kinder verlieren unter Stress oft die Fähigkeit zu sprechen. Diese Skalen ermöglichen **nonverbale Kommunikation** in genau den Momenten, wo Worte versagen.

🎯 **Perfekt für:**
• Eltern autistischer Kinder (ab 4 Jahren)
• Eltern von Kindern mit selektivem Mutismus
• Therapeut:innen & Logopäd:innen
• Schulbegleiter:innen (für Schule nutzen!)

👨‍👩‍👧 **Entwickelt von:**
**Katharina Rawe** (Grundschullehrerin) und **Paul Rawe** (Intensivpfleger, 17 Jahre Erfahrung) - beide Eltern eines autistischen Kindes.

**Praxiserprobt im Alltag mit unserem Sohn Sam (7, Autismus + ADHS).**

📥 **Das bekommst du:**
• PDF-Datei (sofort nach Kauf herunterladen)
• Druckoptimiert für A4
• 6 Skalen + 4 Notfallkarten + Social Stories
• Präventionsplan zum Ausfüllen
• Laminier-Empfehlungen enthalten
• **Leseprobe verfügbar:** https://autismus-adhs-alltag.de/leseproben/Leseprobe_Autismus-Toolkit.html

💶 **Preis:** €29,00 (einmalig)

🔒 **Nutzungsrechte:** Privat + Schulische Nutzung erlaubt | Keine kommerzielle Weitergabe

**💡 Tipp:** Kombiniere mit dem Tagesstrukturplan im Bundle und spare 14€!

---

**Rechtliche Hinweise:**
Verkäufer: Paul Rawe (Kleinunternehmer gem. § 19 UStG)
• Impressum: https://autismus-adhs-alltag.de/rechtliches/etsy-impressum.html
• AGB: https://autismus-adhs-alltag.de/rechtliches/etsy-agb.html
• Datenschutz: https://autismus-adhs-alltag.de/rechtliches/etsy-datenschutz.html",24.36,EUR,998,"nonverbale_kommunikation,autismus_tools,selbstwahrnehmung,autismus_alltag,kommunikationshilfen,autismus_überforderung,emotionen_kinder,autismus_hilfen,meltdown_prävention,autismus_kommunikation,gefühle_kommunizieren,visuelle_skalen,autismus_regulation",,https://i.etsystatic.com/64486107/r/il/275ad1/7744705105/il_fullxfull.7744705105_2ojs.jpg,https://i.etsystatic.com/64486107/r/il/5da415/7744705583/il_fullxfull.7744705583_h92w.jpg,https://i.etsystatic.com/64486107/r/il/6d2360/7696759368/il_fullxfull.7696759368_2vvh.jpg,https://i.etsystatic.com/64486107/r/il/7cf09a/7696759632/il_fullxfull.7696759632_2vsb.jpg,https://i.etsystatic.com/64486107/r/il/7e77dd/7696759906/il_fullxfull.7696759906_jqbk.jpg,https://i.etsystatic.com/64486107/r/il/1a2d84/7744706671/il_fullxfull.7744706671_1c14.jpg,https://i.etsystatic.com/64486107/r/il/0ddbc4/7696760426/il_fullxfull.7696760426_6l2m.jpg,,,,,,,,,,,,,
"Lernolotl Freunde-Reihe Komplettpaket | 13 Ratgeber PDF Bundle | Hochsensible Kinder Autismus ADHS Grundschule Begleitgeschichte","13 Themen. Eine Reihe. Alles was Kinder für echte Freundschaft brauchen.
Dieses Bundle enthält alle 13 Ratgeber der Lernolotl Freunde-Reihe — als sofort druckbare PDFs. Für Eltern, Lehrerinnen und Erzieherinnen, die Kinder durch die sozialen Herausforderungen des Grundschulalters begleiten wollen. Mit dem Lernolotl als Begleiter.
Was ist drin — alle 13 Ratgeber:

#11 Zum ersten Mal bei einem Freund übernachten
#12 Wut verstehen und regulieren — Der Tag, an dem Sofia wütend war
#13 Körperautonomie und Grenzen — Wenn Oma Hilde kommt
#14 Soziale Unsicherheit — Mein bester Freund mag mich heute nicht
#15 Freundschaften enden — Trauer und Verlust begleiten
#16 Spielregeln und Kompromiss — Gemeinsam spielen, aber ich will meine Regeln
#17 Empathie lernen — Ich verstehe nicht, was mein Freund fühlt
#18 Soziale Angst — Eingeladen werden und dann doch nicht gehen wollen
#19 Mobbing erkennen und handeln — Wenn andere gemein sind
#20 Soziale Erschöpfung — Manchmal will ich einfach nur alleine sein
#21 Inklusion und Anderssein — Ein neuer Freund, der ganz anders ist
#22 Gute und schlechte Geheimnisse — Kinderschutz im Alltag
#23 Streiten und versöhnen — Wie geht das?

In jedem einzelnen Ratgeber:

Geschichte zum Vorlesen mit dem Lernolotl
4 Seiten Fachinput für Eltern und Fachkräfte
Begleitgeschichte in Ich-Perspektive (6 Seiten)
Familien-Spiel zum Ausschneiden und Laminieren
Gesprächsleitfaden mit konkreten Antwortvorschlägen
2 Mitmachseiten zum Ausfüllen und Malen
Je 16 Seiten, A4, sofort druckbar

Für wen:
Eltern, Grundschullehrerinnen und Erzieherinnen — besonders empfohlen für Kinder mit Autismus, ADHS und anderen neurodivergenten Profilen. Auch ohne Diagnose wertvoll für jedes Kind, das soziale Situationen schwer einordnen kann.
Was dieses Bundle besonders macht:
Die Freunde-Reihe deckt die gesamte soziale Welt des Grundschulkindes ab — von der ersten Übernachtung bis zum echten Konflikt, von Empathie bis Kinderschutz. Jeder Ratgeber steht für sich, aber zusammen bilden sie eine vollständige Begleitung durch das Thema Freundschaft.",23.4,EUR,998,"autismus_soziale_kompetenz,adhs_kinder_tipps,begleitgeschichte_kinder,neurodivergent_grundschule,mobbing_grundschule,empathie_kinder_lernen,soziale_geschichte_kind,familienratgeber_bundle,lernolotl_download,pädagogik_grundschule,gefühle_kinder_pdf,inklusion_grundschule,freundschaft_grundschule",,https://i.etsystatic.com/64486107/r/il/eb6324/7876177757/il_fullxfull.7876177757_3fna.jpg,https://i.etsystatic.com/64486107/r/il/94e1ab/7828226052/il_fullxfull.7828226052_pdsj.jpg,https://i.etsystatic.com/64486107/r/il/76d55c/7828226084/il_fullxfull.7828226084_as5i.jpg,https://i.etsystatic.com/64486107/r/il/17f653/7876177831/il_fullxfull.7876177831_l2p7.jpg,https://i.etsystatic.com/64486107/r/il/ac503c/7828226148/il_fullxfull.7828226148_acxk.jpg,https://i.etsystatic.com/64486107/r/il/908fd2/7828226184/il_fullxfull.7828226184_tgk2.jpg,https://i.etsystatic.com/64486107/r/il/c58754/7876177919/il_fullxfull.7876177919_ip6b.jpg,https://i.etsystatic.com/64486107/r/il/5283e4/7876177955/il_fullxfull.7876177955_lgnw.jpg,,,,,,,,,,,,
"Begleitgeschichten Bundle Autismus - Alle 19 Stories Komplett - Medizin Schule Alltag Entwicklung - PDF Download Paket","**Das ultimative Begleitgeschichten Komplettpaket!** 19 vollständige Stories für fast ALLE wichtigen Alltagssituationen - von Arztbesuchen über Schulstart bis zu Entwicklungsmeilensteinen.

**Ein Mal kaufen = Für Jahre gerüstet. 5€ günstiger als Einzelkauf!**

🎁 **ALLE 3 SAMMLUNGEN IN EINEM BUNDLE:**

**📖 MEDIZIN & ALLTAG (6 Stories)**
• Beim Zahnarzt
• Beim Arzt: Impfung
• Krankenhaus-Besuch
• Beim Friseur
• Im Restaurant
• Einkaufen

**📖 SCHULE & FREIZEIT (6 Stories)**
• Erster Schultag
• Schulwechsel
• Mit dem Zug fahren
• Familienfeier & Geburtstag
• Besuch bei Verwandten
• Ins Schwimmbad gehen

**📖 ALLTAG & ENTWICKLUNG (7 Stories)**
• Fahrradfahren lernen
• Bei Freunden übernachten
• Alleine zu Hause bleiben
• Geschwisterkind bekommen
• Haustier bekommt neues Zuhause
• Umzug in neues Zuhause
• Verlieren lernen

✨ **WARUM DIESES BUNDLE?**

**KOMPLETTLÖSUNG:**
19 Stories decken fast ALLE wichtigen Situationen ab:
• Medizinische Termine ✅
• Schulische Ereignisse ✅
• Freizeitaktivitäten ✅
• Entwicklungsmeilensteine ✅
• Familiäre Veränderungen ✅
• Soziale Situationen ✅

**5€ GESPART:**
Einzeln: €20,97 (3 x €6,99)
Bundle: €15,99
→ **Du sparst €4,98!**

**KONSISTENTES SYSTEM:**
• Alle Stories mit gleichem Aufbau
• 30+ Emojis durchgehend verwendet
• Einheitliche Struktur = leicht verständlich
• Personalisierbare Notiz-Seiten in jeder Story

**LANGFRISTIG NUTZBAR:**
• Grundschulalter: Schulstart, Zahnarzt, Schwimmbad
• Mittlere Kindheit: Übernachten, Fahrrad, Zugfahren
• Entwicklungsschritte: Geschwister, Umzug, Verlieren
• Immer wieder einsetzbar bei neuen Situationen

💡 **PRAXISBEISPIEL:**
**Jahr 1:** Schulstart-Story (1. Klasse)
**Jahr 2:** Fahrradfahren-Story (lernt Radfahren)
**Jahr 3:** Übernachten-Story (erste Pyjamaparty)
**Jahr 4:** Schulwechsel-Story (weiterführende Schule)
**Jahr 5:** Umzug-Story (Familie zieht um)

→ **19 Stories begleiten dein Kind über JAHRE hinweg**

🎯 **PERFEKT FÜR:**
• Eltern autistischer Kinder (3-12 Jahre)
• Familien, die langfristig planen
• Therapeut:innen mit mehreren Klient:innen
• Schulbegleiter:innen & Integrationskräfte
• Großeltern, die umfassend unterstützen wollen

📖 **KOSTENLOSE BEISPIEL-STORY ANSEHEN:**
Möchtest du vorher sehen, wie die Stories strukturiert sind?

**Schau dir die kostenlose Begleitgeschichte ""Fliegen"" an** - genau derselbe Aufbau:
https://autismus-adhs-alltag.de/soziales/social-story-fliegen.html

**Diese Stories haben WIR selbst entwickelt, weil wir sie für unseren Sohn Sam brauchten.**

📥 **DAS BEKOMMST DU:**
• 3 PDF-Dateien (Medizin & Alltag, Schule & Freizeit, Alltag & Entwicklung)
• Insgesamt 19 vollständige Social Stories
• Einführung & Emoji-Legende (30+ Symbole erklärt)
• Druckoptimiert für A4
• Personalisierbare Notizseiten in jeder Story
• Auf allen Geräten nutzbar
• Unbegrenzt ausdruckbar
• Sofortiger Download

💶 **Bundle-Preis:** €15,99 (statt €20,97 einzeln)

✨ **Du sparst €4,98 (24%) + hast alle Situationen abgedeckt!**

🔒 **Nutzungsrechte:** Privat + Schulische Nutzung | Keine kommerzielle Weitergabe

**Ein Mal kaufen. Für Jahre nutzen. Alle Situationen vorbereitet.**

---

**Rechtliche Hinweise:**
Verkäufer: Paul Rawe (Kleinunternehmer gem. § 19 UStG)
• Impressum: https://autismus-adhs-alltag.de/rechtliches/etsy-impressum.html
• AGB: https://autismus-adhs-alltag.de/rechtliches/etsy-agb.html
• Datenschutz: https://autismus-adhs-alltag.de/rechtliches/etsy-datenschutz.html",13.43,EUR,998,"autismus_komplett_paket,autismus_entwicklung,social_stories_kinder,autismus_hilfen,visual_supports,autismus_alltag,social_stories_paket,autismus_vorbereitung,alle_social_stories,autismus_social_stories,social_stories_deutsch,autismus_komplett,social_stories_bundle",,https://i.etsystatic.com/64486107/r/il/8bfab9/7795350124/il_fullxfull.7795350124_e7vt.jpg,https://i.etsystatic.com/64486107/r/il/5e9ab0/7744949837/il_fullxfull.7744949837_13lr.jpg,https://i.etsystatic.com/64486107/r/il/e945f0/7744950011/il_fullxfull.7744950011_fvd7.jpg,https://i.etsystatic.com/64486107/r/il/6aa95f/7697004328/il_fullxfull.7697004328_44du.jpg,https://i.etsystatic.com/64486107/r/il/4dbc0f/7697004558/il_fullxfull.7697004558_jk5x.jpg,https://i.etsystatic.com/64486107/r/il/2446e6/7744950545/il_fullxfull.7744950545_bafh.jpg,https://i.etsystatic.com/64486107/r/il/fda902/7697004862/il_fullxfull.7697004862_t4wa.jpg,https://i.etsystatic.com/64486107/r/il/dc1a6e/7697004944/il_fullxfull.7697004944_d22q.jpg,,,,,,,,,,,,
"Autismus Geschwisterkinder Ratgeber - Neurotypische Kinder unterstützen - Eifersucht Schuldgefühle Elternratgeber PDF","""Ich komme immer zu kurz!"" - ""Warum ist bei meinem Bruder alles anders?"" - ""Ich schäme mich für meine Schwester.""

**Dein neurotypisches Kind leidet still. Du merkst es an kleinen Signalen: Rückzug, Trotz, perfektes Verhalten, Bauchschmerzen.**

Dieses Problem wird oft übersehen. Aber Geschwisterkinder autistischer Kinder tragen eine unsichtbare Last - und brauchen genauso Unterstützung wie das autistische Kind.

✅ **Was du lernst (20 Seiten kompakt):**

**🎯 4 TYPISCHE HERAUSFORDERUNGEN + LÖSUNGEN**

**1️⃣ ""Ich komme zu kurz""** (Aufmerksamkeits-Defizit)
→ **Lösung:** Exklusivzeit fest einplanen (nicht ""irgendwann"")

**2️⃣ Eifersucht & Schuldgefühle**
→ **Lösung:** Gefühle validieren (""Du DARFST wütend sein"")

**3️⃣ Zu viel Verantwortung** (Parentifizierung)
→ **Lösung:** Kind vom ""kleinen Helfer"" entlasten

**4️⃣ Scham für Geschwister** (Öffentliche Situationen)
→ **Lösung:** Altersgerechte Aufklärung + Erklär-Strategien

**💬 SCHWIERIGE GESPRÄCHE FÜHREN**
• 5-Schritte-Dialog-Leitfaden
• Was sagen, wenn Geschwisterkind fragt ""Warum ist XY autistisch?""
• Wie erklären ohne Drama oder Schuldgefühle
• Altersgerechte Sprache (3-5 Jahre, 6-10 Jahre, 11+ Jahre)

**🎈 20 EXKLUSIVZEIT-IDEEN**
• Keine teuren Ausflüge nötig!
• 15-Minuten-Rituale, die Bindung stärken
• Papa-Kind-Zeit, Mama-Kind-Zeit
• Ohne schlechtes Gewissen gegenüber autistischem Kind

**📚 ALTERSGERECHTE AUFKLÄRUNG**
• Wie erkläre ich Autismus meinem 4-Jährigen?
• Wie erkläre ich Autismus meinem 8-Jährigen?
• Wie erkläre ich Autismus meinem Teenager?
• Kinderbuch-Empfehlungen für jedes Alter

**✅ 10 DINGE, DIE WIRKLICH HELFEN**
Keine Theorie - konkrete, sofort umsetzbare Strategien aus der Praxis.

**Dieser Ratgeber ist das, was WIR gerne am Anfang gehabt hätten.**

🎯 **Perfekt für:**
• Eltern mit autistischem Kind + neurotypischen Geschwistern
• Eltern, die Balance in der Familie suchen
• Großeltern, die Geschwisterkinder unterstützen wollen
• Therapeut:innen, die Familien begleiten

📚 **Wissenschaftlich fundiert** - basierend auf Geschwisterforschung

📥 **Das bekommst du:**
• 20-seitiges PDF (sofort nach Kauf)
• Druckoptimiert für A4
• Dialog-Leitfaden zum Ausdrucken
• 20 Exklusivzeit-Ideen
• Altersgerechte Aufklärungs-Scripts
• Buch-Empfehlungen
• **Leseprobe verfügbar:** https://autismus-adhs-alltag.de/leseproben/Leseprobe_Geschwisterkinder.html

💶 **Preis:** €5,90 (einmalig)

🔒 **Nutzungsrechte:** Privat | Keine kommerzielle Weitergabe

**Dein neurotypisches Kind verdient genauso Aufmerksamkeit. Dieser Ratgeber zeigt dir, wie.**

---

**Rechtliche Hinweise:**
Verkäufer: Paul Rawe (Kleinunternehmer gem. § 19 UStG)
• Impressum: https://autismus-adhs-alltag.de/rechtliches/etsy-impressum.html
• AGB: https://autismus-adhs-alltag.de/rechtliches/etsy-agb.html
• Datenschutz: https://autismus-adhs-alltag.de/rechtliches/etsy-datenschutz.html",4.96,EUR,998,"geschwister_beziehung,elternratgeber,geschwister_autismus,familie_balance,autismus_alltag,geschwister_ratgeber,eifersucht_geschwister,autismus_eltern,geschwister_unterstützen,autismus_familie,neurotypische_kinder,geschwisterkinder,autismus_geschwister",,https://i.etsystatic.com/64486107/r/il/7f69e5/7696817684/il_fullxfull.7696817684_7172.jpg,https://i.etsystatic.com/64486107/r/il/65515b/7696817946/il_fullxfull.7696817946_8ida.jpg,https://i.etsystatic.com/64486107/r/il/582d63/7744764889/il_fullxfull.7744764889_k3v4.jpg,https://i.etsystatic.com/64486107/r/il/6214ea/7744765023/il_fullxfull.7744765023_fvf5.jpg,https://i.etsystatic.com/64486107/r/il/8a3306/7744765145/il_fullxfull.7744765145_406l.jpg,https://i.etsystatic.com/64486107/r/il/22aab7/7696818558/il_fullxfull.7696818558_fvjf.jpg,https://i.etsystatic.com/64486107/r/il/59b1a8/7696818750/il_fullxfull.7696818750_sqp1.jpg,,,,,,,,,,,,,
"Lernolotl Schule-Reihe KOMPLETT — 10 Ratgeber #44–53 | Vorlesegeschichten Grundschule | Neurodiversität ADHS Hochsensibilität | PDF Download","Dein Kind läuft jeden Tag durch eine Welt voller Erwartungen, Lärm, Regeln und unausgesprochener Codes — und manchmal weiß es einfach nicht, wie es damit umgehen soll. Diese 10 Ratgeber begleiten Familien durch die echten Herausforderungen des Schulalltags: nicht mit erhobenem Zeigefinger, sondern mit einer Geschichte, die das Kind selbst wiedererkennt.

Über Mut und Sichtbarkeit, soziale Unsicherheit in der Pause, Fehler die wehtun, Hausaufgaben-Blockaden, Konzentrationsprobleme, Prüfungsangst, Reizüberflutung, Freundschaft nach einem Streit, Gruppenarbeit und die große Klassenfahrt.

➤ WAS IN JEDEM RATGEBER STECKT

Vorlesegeschichte (ca. 4 Seiten) — emotional, nah, ohne Happy-End-Kitsch
Fachinput für Eltern & Lehrkräfte — Hintergrundwissen, das wirklich hilft
Einfache Begleitgeschichte für Kinder — ein Satz pro Seite, 6 Seiten
Familien-Spiel — zum Spielen ohne Druck
Gesprächsleitfaden mit Musterantworten — für das Gespräch danach
Mitmachseiten — zum Ausdrucken, Ausfüllen, Basteln oder Mitnehmen
18 Seiten je Ratgeber · druckoptimiertes PDF

➤ DIE 10 THEMEN

#44 — Lernolotl meldet sich (Mut & Sichtbarkeit)
#45 — Was macht man in der Pause? (Soziale Unsicherheit)
#46 — Der rote Stift (Fehlerkultur & Selbstbild)
#47 — Hausaufgaben — die große Katastrophe (Timer-Methode)
#48 — Der springende Kopf (Konzentration & ADHS)
#49 — Prüfungsangst — wenn der Kopf leer wird (Stressregulation)
#50 — Wenn es zu laut wird (Reizverarbeitung & Hochsensibilität)
#51 — Nach dem Streit (Freundschaft & Versöhnung)
#52 — Gruppenarbeit (Teamarbeit & Neurodiversität)
#53 — Klassenfahrt (Heimweh & Mut)

➤ FÜR WEN

Eltern von Kindern ab 6 Jahren, die mehr als Ratschläge brauchen
Lehrkräfte und Erzieherinnen, die Sprache für schwierige Situationen suchen
Therapeutinnen und Förderpädagoginnen
Familien mit neurodiversen Kindern (Autismus, ADHS, Hochsensibilität)

➤ WAS DU BEKOMMST

✔ Sofort-Download nach Kauf — kein Warten
✔ 10 PDF-Dateien, je 18 Seiten, druckoptimiert
✔ Nur für privaten und pädagogischen Gebrauch

Einzeln oder als Bundle — hier bekommst du alle 10 auf einmal.",23.4,EUR,999,"Lernolotl,Vorlesegeschichte_Schule,Ratgeber_Grundschule,ADHS_Kinder_Buch,Hochsensibilität_Kind,Neurodiversität_Grundschule,Heimweh_Klassenfahrt,Prüfungsangst_Kinder,Hausaufgaben_Strategie,Fehlerkultur_Kinder,Gruppenarbeit_Kinder,PDF_Download_Deutsch,NeuroTeacherTools",,https://i.etsystatic.com/64486107/r/il/1035e1/7928880997/il_fullxfull.7928880997_nyza.jpg,https://i.etsystatic.com/64486107/r/il/107e23/7928881043/il_fullxfull.7928881043_5b8r.jpg,https://i.etsystatic.com/64486107/r/il/51cdbc/7928881081/il_fullxfull.7928881081_pstk.jpg,https://i.etsystatic.com/64486107/r/il/36cb01/7928881107/il_fullxfull.7928881107_6yk2.jpg,https://i.etsystatic.com/64486107/r/il/58d23f/7928881151/il_fullxfull.7928881151_7ydj.jpg,https://i.etsystatic.com/64486107/r/il/27d33c/7928881185/il_fullxfull.7928881185_hcdq.jpg,https://i.etsystatic.com/64486107/r/il/4b6b29/7880921270/il_fullxfull.7880921270_jw2n.jpg,https://i.etsystatic.com/64486107/r/il/8ae373/7880921298/il_fullxfull.7880921298_yxki.jpg,https://i.etsystatic.com/64486107/r/il/7573d5/7880921338/il_fullxfull.7880921338_13fx.jpg,https://i.etsystatic.com/64486107/r/il/89fc80/7880921380/il_fullxfull.7880921380_20pg.jpg,,,,,,,,,,
"Klassenfahrt — ich will nicht weg von Zuhause | Ratgeber Nr.53 Heimweh & Mut | Vorlesegeschichte Grundschule | PDF Download","Drei Tage. Zwei Nächte. Ein fremdes Bett. Und ein Kind, das beides gleichzeitig will: fahren und nicht fahren.

""Ich will nicht weg"" bedeutet oft: ""Ich weiß nicht, ob ich damit klarkomme."" Dieser Ratgeber begleitet Kinder mit Heimweh — nicht mit Beschwichtigung, sondern mit echten Vorbereitungs-Werkzeugen, die in den Koffer wandern und in der Nacht helfen, wenn zuhause zu weit weg ist.

➤ WAS DRIN STECKT

Vorlesegeschichte ""Zwei Nächte woanders"" — über Mut, der sich klein anfühlt
Fachinput über Bindung, Trennungsangst und Heimweh-Physiologie
Einfache Begleitgeschichte für Kinder (6 Seiten, ein Satz je Seite)
Was-vermisst-du-Spiel — für das Gespräch vor der Fahrt
Persönlicher Reise-Plan zum Ausfüllen, Einpacken und bei Heimweh Lesen

18 Seiten · PDF · Sofort-Download

➤ FÜR WEN

Eltern, die nicht wissen ob sie ihr Kind fahren lassen sollen
Lehrkräfte, die Kinder mit Heimweh auf die Fahrt vorbereiten wollen
Kinder ab 6, die Angst haben — und trotzdem mutig sein wollen

✔ Sofort-Download nach Kauf — 18 Seiten, druckoptimiertes PDF
✔ Nur für privaten und pädagogischen Gebrauch",3.9,EUR,999,"Lernolotl,Klassenfahrt_Heimweh,Trennungsangst_Kind,Heimweh_Kinder,Mut_Kinder,Klassenfahrt_Vorbereitung,Vorlesegeschichte_Grundschule,Ratgeber_Eltern,Neurodiversität_Schule,Hochsensibilität_Kind,PDF_Download_Deutsch,NeuroTeacherTools,Bindung_Kinder",,https://i.etsystatic.com/64486107/r/il/ba1241/7928878001/il_fullxfull.7928878001_svgp.jpg,https://i.etsystatic.com/64486107/r/il/e76f43/7880918062/il_fullxfull.7880918062_o1lw.jpg,https://i.etsystatic.com/64486107/r/il/40ffb1/7880918100/il_fullxfull.7880918100_suie.jpg,https://i.etsystatic.com/64486107/r/il/67685b/7880918134/il_fullxfull.7880918134_algo.jpg,https://i.etsystatic.com/64486107/r/il/b85db2/7880918186/il_fullxfull.7880918186_hb2w.jpg,https://i.etsystatic.com/64486107/r/il/e8ceb5/7880918220/il_fullxfull.7880918220_ox8h.jpg,https://i.etsystatic.com/64486107/r/il/554ab2/7928878211/il_fullxfull.7928878211_pc7k.jpg,https://i.etsystatic.com/64486107/r/il/729e20/7880918284/il_fullxfull.7880918284_iw7o.jpg,https://i.etsystatic.com/64486107/r/il/470a21/7880918326/il_fullxfull.7880918326_guun.jpg,https://i.etsystatic.com/64486107/r/il/92bde1/7880918362/il_fullxfull.7880918362_1woo.jpg,,,,,,,,,,
"Prüfungsangst — wenn der Kopf leer wird | Ratgeber Nr.49 Stressregulation | Vorlesegeschichte Grundschule | PDF Download","Ein Kind, das alles gelernt hat — und es trotzdem nicht abrufen kann. Das ist kein Versagen. Das ist Physiologie.

Wenn der Körper in den Stressmodus geht, schaltet er nicht nur das Gehirn um — er macht einen Teil davon vorübergehend unzugänglich. Dieser Ratgeber erklärt Prüfungsangst ohne Verharmlosung und gibt konkrete Werkzeuge für vor, während und nach der Prüfung — für Kinder und für Eltern.

➤ WAS DRIN STECKT

Vorlesegeschichte ""Der leere Kopf"" — über einen Moment, den viele Kinder kennen
Fachinput über Stressphysiologie, Cortisol und Blackouts
Einfache Begleitgeschichte für Kinder (6 Seiten, ein Satz je Seite)
4-4-4-Atemübung Schritt für Schritt erklärt
Atem-Werkzeug zum Ausschneiden, Einüben und für die Hosentasche

18 Seiten · PDF · Sofort-Download

➤ FÜR WEN

Eltern, die vor jeder Prüfung angespannte Kinder haben
Lehrkräfte, die mehr als ""tief durchatmen"" anbieten wollen
Kinder ab 6, die wissen wollen, warum ihr Kopf leer wird — und was sie tun können

✔ Sofort-Download nach Kauf — 18 Seiten, druckoptimiertes PDF
✔ Nur für privaten und pädagogischen Gebrauch",3.9,EUR,999,"Lernolotl,Prüfungsangst_Kinder,Blackout_Prüfung_Kind,Stressregulation_Kind,Atemübung_Kinder,ADHS_Schule,Vorlesegeschichte_Grundschule,Ratgeber_Eltern,Hochsensibilität_Kind,Neurodiversität_Schule,PDF_Download_Deutsch,NeuroTeacherTools,Angst_Schule_Kind",,https://i.etsystatic.com/64486107/r/il/d70dda/7880907194/il_fullxfull.7880907194_cdwo.jpg,https://i.etsystatic.com/64486107/r/il/c8682b/7880907268/il_fullxfull.7880907268_nwns.jpg,https://i.etsystatic.com/64486107/r/il/9c3c72/7928867175/il_fullxfull.7928867175_r3bt.jpg,https://i.etsystatic.com/64486107/r/il/c37439/7928867199/il_fullxfull.7928867199_lg01.jpg,https://i.etsystatic.com/64486107/r/il/b70a62/7880907438/il_fullxfull.7880907438_4l1x.jpg,https://i.etsystatic.com/64486107/r/il/428fb7/7928867281/il_fullxfull.7928867281_om47.jpg,https://i.etsystatic.com/64486107/r/il/8e7071/7928867329/il_fullxfull.7928867329_1sxp.jpg,https://i.etsystatic.com/64486107/r/il/2459a1/7928867379/il_fullxfull.7928867379_52wm.jpg,https://i.etsystatic.com/64486107/r/il/e3bdd1/7928867489/il_fullxfull.7928867489_a5ek.jpg,https://i.etsystatic.com/64486107/r/il/b45447/7880907694/il_fullxfull.7880907694_g07g.jpg,,,,,,,,,,
"Nach dem Streit — Ratgeber Nr.51 Freundschaft & Versöhnung | Vorlesegeschichte Grundschule | Entschuldigung Kinder | PDF Download","Eine Tatsache, die im falschen Moment gesagt wird. Ein Freund, der geht. Und ein Kind, das nicht weiß, was es falsch gemacht hat.

Manchmal verletzt man jemanden, obwohl man die Wahrheit gesagt hat. Manchmal wird man verletzt, ohne dass der andere es wollte. Dieser Ratgeber begleitet Kinder durch Konflikte und Versöhnung — ehrlich, ohne Vereinfachung, und mit echten Worten für den schwierigen Moment danach.

➤ WAS DRIN STECKT

Vorlesegeschichte ""Nach dem Streit mit Finn"" — über den langen Weg zurück
Fachinput über Intention vs. Wirkung, Empathie und Versöhnungsprozesse
Einfache Begleitgeschichte für Kinder (6 Seiten, ein Satz je Seite)
Was-würde-ich-sagen-Spiel — üben bevor es passiert
Versöhnungs-Karte zum Ausschneiden, Ausfüllen und Verschenken

18 Seiten · PDF · Sofort-Download

➤ FÜR WEN

Eltern, die nach dem Streit nicht die richtigen Worte finden
Lehrkräfte, die Konflikte in der Klasse nachhaltig lösen wollen
Kinder ab 6, die sich mit einem Freund versöhnen wollen aber nicht wissen wie

✔ Sofort-Download nach Kauf — 18 Seiten, druckoptimiertes PDF
✔ Nur für privaten und pädagogischen Gebrauch",3.9,EUR,999,"Lernolotl,Freundschaft_Kinder,Streit_Versöhnung_Kind,Entschuldigung_Grundschule,Empathie_Kinder,Konflikt_Kinder,Vorlesegeschichte_Grundschule,Ratgeber_Eltern,Neurodiversität_Schule,Soziale_Kompetenz_Kind,PDF_Download_Deutsch,NeuroTeacherTools,Familiengespräch_Kinder",,https://i.etsystatic.com/64486107/r/il/ca93f9/7928872483/il_fullxfull.7928872483_atqm.jpg,https://i.etsystatic.com/64486107/r/il/cd5ee4/7928872553/il_fullxfull.7928872553_56u2.jpg,https://i.etsystatic.com/64486107/r/il/f6debd/7928872609/il_fullxfull.7928872609_ab8o.jpg,https://i.etsystatic.com/64486107/r/il/390bd7/7928872669/il_fullxfull.7928872669_8q7m.jpg,https://i.etsystatic.com/64486107/r/il/5766a3/7928872707/il_fullxfull.7928872707_n9f8.jpg,https://i.etsystatic.com/64486107/r/il/0b19c6/7880912942/il_fullxfull.7880912942_7a6u.jpg,https://i.etsystatic.com/64486107/r/il/cfdfea/7928872765/il_fullxfull.7928872765_q3xo.jpg,https://i.etsystatic.com/64486107/r/il/59950f/7928872803/il_fullxfull.7928872803_ivo0.jpg,https://i.etsystatic.com/64486107/r/il/f35b46/7880913040/il_fullxfull.7880913040_hnel.jpg,https://i.etsystatic.com/64486107/r/il/8789d4/7880913094/il_fullxfull.7880913094_9eta.jpg,,,,,,,,,,
"Wenn es zu laut wird — Ratgeber Nr.50 Reizverarbeitung Hochsensibilität | Vorlesegeschichte Klassenzimmer | Autismus ADHS | PDF Download","Wenn es zu laut wird — Ratgeber Nr.50 Reizverarbeitung Hochsensibilität | Vorlesegeschichte Klassenzimmer | Autismus ADHS | PDF Download",3.9,EUR,999,"Lernolotl,Reizüberflutung_Kinder,Hochsensibilität_Schule,Sensorische_Integration_Kind,Autismus_Schule,ADHS_Klassenzimmer,Vorlesegeschichte_Grundschule,Ratgeber_Eltern,Lärm_Kinder,Neurodiversität_Schule,PDF_Download_Deutsch,NeuroTeacherTools,Reizverarbeitung_Kind",,https://i.etsystatic.com/64486107/r/il/a4757b/7880909968/il_fullxfull.7880909968_1oq7.jpg,https://i.etsystatic.com/64486107/r/il/35e914/7928869857/il_fullxfull.7928869857_e8uu.jpg,https://i.etsystatic.com/64486107/r/il/f48bc2/7880910092/il_fullxfull.7880910092_3cyv.jpg,https://i.etsystatic.com/64486107/r/il/6855d8/7928869969/il_fullxfull.7928869969_1wvc.jpg,https://i.etsystatic.com/64486107/r/il/dd3931/7880910164/il_fullxfull.7880910164_1u3p.jpg,https://i.etsystatic.com/64486107/r/il/69dcf4/7880910200/il_fullxfull.7880910200_lome.jpg,https://i.etsystatic.com/64486107/r/il/c5ecb0/7928870067/il_fullxfull.7928870067_k00h.jpg,https://i.etsystatic.com/64486107/r/il/29d7f1/7880910256/il_fullxfull.7880910256_b9vx.jpg,https://i.etsystatic.com/64486107/r/il/ced10b/7928870137/il_fullxfull.7928870137_12rl.jpg,https://i.etsystatic.com/64486107/r/il/0dcff1/7880910354/il_fullxfull.7880910354_dzj6.jpg,,,,,,,,,,
"Springender Kopf — Ratgeber Nr.48 Konzentration & ADHS | Vorlesegeschichte Grundschule | Aufmerksamkeit Kinder | PDF Download","Ein Kopf, der ständig woandershin springt — nicht aus Faulheit, sondern weil er so gebaut ist.

Konzentrationsprobleme bei Kindern werden oft als Willensproblem behandelt. Das ist falsch — und dieser Ratgeber erklärt warum. Er zeigt kindgerecht, was im Gehirn passiert, wenn Aufmerksamkeit ""wegrutscht"", und gibt drei konkrete Anker-Strategien, die wirklich helfen.

➤ WAS DRIN STECKT

Vorlesegeschichte ""Der springende Kopf"" — ein Gehirn erklärt sich selbst
Fachinput über Aufmerksamkeitsregulation, Neurologie und ADHS
Einfache Begleitgeschichte für Kinder (6 Seiten, ein Satz je Seite)
Anker-Spiel — welcher Anker passt zu mir?
Anker-Werkzeuge zum Ausprobieren und an den Schreibtisch hängen

18 Seiten · PDF · Sofort-Download

➤ FÜR WEN

Eltern, die ""mehr Anstrengung"" nicht mehr sagen wollen
Lehrkräfte, die ihre Klasse besser verstehen wollen
Kinder ab 6, die endlich wissen wollen, warum ihr Kopf so ist

✔ Sofort-Download nach Kauf — 18 Seiten, druckoptimiertes PDF
✔ Nur für privaten und pädagogischen Gebrauch",3.9,EUR,999,"Lernolotl,Konzentration_Kinder,ADHS_Grundschule,Aufmerksamkeit_Kind,Anker_Strategie_ADHS,Neurologie_Kinder,Vorlesegeschichte_Grundschule,Ratgeber_Eltern,Hochsensibilität_Kind,Neurodiversität_Schule,PDF_Download_Deutsch,NeuroTeacherTools,Gehirn_Kinder_erklärt",,https://i.etsystatic.com/64486107/r/il/99d7df/7880903588/il_fullxfull.7880903588_lsyh.jpg,https://i.etsystatic.com/64486107/r/il/c5afdc/7880903626/il_fullxfull.7880903626_asax.jpg,https://i.etsystatic.com/64486107/r/il/c34b91/7880903702/il_fullxfull.7880903702_rjiz.jpg,https://i.etsystatic.com/64486107/r/il/ac700a/7880903724/il_fullxfull.7880903724_c5b8.jpg,https://i.etsystatic.com/64486107/r/il/a2ff06/7880903738/il_fullxfull.7880903738_7t38.jpg,https://i.etsystatic.com/64486107/r/il/104d2e/7928863461/il_fullxfull.7928863461_e9k3.jpg,https://i.etsystatic.com/64486107/r/il/38eabd/7880903848/il_fullxfull.7880903848_h862.jpg,https://i.etsystatic.com/64486107/r/il/b75532/7928863543/il_fullxfull.7928863543_c0xp.jpg,https://i.etsystatic.com/64486107/r/il/661e24/7928863599/il_fullxfull.7928863599_qfa9.jpg,https://i.etsystatic.com/64486107/r/il/2b31fd/7880903956/il_fullxfull.7880903956_p6cs.jpg,,,,,,,,,,
"Der rote Stift — Ratgeber Nr.46 Fehlerkultur & Selbstbild | Vorlesegeschichte Grundschule | Perfektionismus Kinder | PDF Download","Drei rote Striche. Und plötzlich fühlt sich das liebste Fach nicht mehr sicher an.

Manche Kinder nehmen Fehler zu persönlich — nicht weil sie dramatisch sind, sondern weil ihr Gehirn gerade noch nicht zwischen ""das war falsch"" und ""ich bin falsch"" unterscheiden kann. Dieser Ratgeber begleitet Kinder durch die Fehlerkultur, die Schule jeden Tag von ihnen verlangt — und gibt Eltern Werkzeuge, die über ""Fehler sind gut"" hinausgehen.

➤ WAS DRIN STECKT

Vorlesegeschichte ""Drei rote Striche"" — ein Moment in der Schule, der länger bleibt als er sollte
Fachinput über Fehlertypen, Wachstumsmindset und Perfektionismus
Einfache Begleitgeschichte für Kinder (6 Seiten, ein Satz je Seite)
Fehler-Sortier-Spiel — welcher Fehler ist welcher?
Fehler-Würfel zum Ausschneiden und Basteln

18 Seiten · PDF · Sofort-Download

➤ FÜR WEN

Eltern, deren Kind nach einem Fehler nicht mehr weitermachen will
Lehrkräfte, die Fehlerfreundlichkeit im Klassenzimmer verankern wollen
Kinder ab 6, die lernen, dass ein Fehler kein Urteil ist

✔ Sofort-Download nach Kauf — 18 Seiten, druckoptimiertes PDF
✔ Nur für privaten und pädagogischen Gebrauch",3.9,EUR,999,"Lernolotl,Fehlerkultur_Kinder,Perfektionismus_Kind,Selbstbild_Grundschule,Wachstumsmindset_Kind,ADHS_Schule,Vorlesegeschichte_Grundschule,Ratgeber_Eltern,Neurodiversität_Schule,Hochsensibilität_Kind,PDF_Download_Deutsch,NeuroTeacherTools,Familiengespräch_Kinder",,https://i.etsystatic.com/64486107/r/il/228ffb/7880897972/il_fullxfull.7880897972_744n.jpg,https://i.etsystatic.com/64486107/r/il/f14e4a/7928857719/il_fullxfull.7928857719_na8o.jpg,https://i.etsystatic.com/64486107/r/il/3efa5a/7880898108/il_fullxfull.7880898108_4xug.jpg,https://i.etsystatic.com/64486107/r/il/e11a47/7928857837/il_fullxfull.7928857837_axa2.jpg,https://i.etsystatic.com/64486107/r/il/7e1226/7928857877/il_fullxfull.7928857877_5rs6.jpg,https://i.etsystatic.com/64486107/r/il/4aea34/7880898206/il_fullxfull.7880898206_a7jr.jpg,https://i.etsystatic.com/64486107/r/il/4d3f98/7928857939/il_fullxfull.7928857939_csc4.jpg,https://i.etsystatic.com/64486107/r/il/8f0aa5/7880898278/il_fullxfull.7880898278_305b.jpg,https://i.etsystatic.com/64486107/r/il/8f07d4/7880898382/il_fullxfull.7880898382_ki07.jpg,https://i.etsystatic.com/64486107/r/il/894eb4/7928858153/il_fullxfull.7928858153_os9r.jpg,,,,,,,,,,
"Hausaufgaben — die große Katastrophe | Ratgeber Nr.47 Timer-Methode ADHS | Vorlesegeschichte Grundschule | PDF Download","Das Heft liegt auf dem Tisch. Die Zeit vergeht. Nichts passiert.

""Fang einfach an"" ist für viele Kinder keine Lösung — es ist eine Anweisung ohne Brücke. Für Kinder mit ADHS, exekutiven Funktionsproblemen oder Hochsensibilität fehlt genau diese Brücke: der Übergang von Nichts zu Etwas. Dieser Ratgeber zeigt, wie ein kleiner oranger Timer das Unmögliche möglich macht — und warum das kein Trick ist, sondern Neurologie.

➤ WAS DRIN STECKT

Vorlesegeschichte ""Das Heft starrt zurück"" — über das Warten, das sich nie aufhört
Fachinput über exekutive Funktionen, Aufgabeninitiierung und Übergangsprobleme
Einfache Begleitgeschichte für Kinder (6 Seiten, ein Satz je Seite)
Timer-Methode Schritt für Schritt erklärt — für Eltern und Kinder
Hausaufgaben-Plan-Würfel zum Basteln und an den Schreibtisch hängen

18 Seiten · PDF · Sofort-Download

➤ FÜR WEN

Eltern, die jeden Nachmittag kämpfen und nicht mehr kämpfen wollen
Lehrkräfte, die wissen dass da mehr steckt als Faulheit
Kinder ab 6, die einen konkreten ersten Schritt brauchen

✔ Sofort-Download nach Kauf — 18 Seiten, druckoptimiertes PDF
✔ Nur für privaten und pädagogischen Gebrauch",3.9,EUR,999,"Lernolotl,Hausaufgaben_ADHS,Timer_Methode_Kinder,Exekutive_Funktionen_Kind,ADHS_Grundschule,Hausaufgaben_Strategie,Vorlesegeschichte_Grundschule,Ratgeber_Eltern,Hochsensibilität_Kind,Neurodiversität_Schule,PDF_Download_Deutsch,NeuroTeacherTools,Konzentration_Kinder",,https://i.etsystatic.com/64486107/r/il/9d185a/7880900880/il_fullxfull.7880900880_5ne1.jpg,https://i.etsystatic.com/64486107/r/il/cb2320/7928860543/il_fullxfull.7928860543_7t2l.jpg,https://i.etsystatic.com/64486107/r/il/e2f05e/7928860653/il_fullxfull.7928860653_3yvg.jpg,https://i.etsystatic.com/64486107/r/il/9b4228/7880901104/il_fullxfull.7880901104_amp4.jpg,https://i.etsystatic.com/64486107/r/il/da217f/7880901156/il_fullxfull.7880901156_9uoh.jpg,https://i.etsystatic.com/64486107/r/il/d7043e/7880901196/il_fullxfull.7880901196_qr54.jpg,https://i.etsystatic.com/64486107/r/il/329ea8/7880901222/il_fullxfull.7880901222_19n3.jpg,https://i.etsystatic.com/64486107/r/il/76df19/7928860817/il_fullxfull.7928860817_89cs.jpg,https://i.etsystatic.com/64486107/r/il/2648a2/7880901282/il_fullxfull.7880901282_jkz4.jpg,https://i.etsystatic.com/64486107/r/il/7cd85d/7880901314/il_fullxfull.7880901314_n96b.jpg,,,,,,,,,,
"Was macht man in der Pause? — Ratgeber Nr.45 Pause & Dazugehören | Vorlesegeschichte Schulhof | Hochsensibilität ADHS | PDF Download","Zwanzig Minuten Pause. Für manche Kinder die schwerste Zeit des Schultags.

Nicht wegen Langeweile — sondern wegen fehlender Struktur. Wenn niemand sagt, was als nächstes kommt. Wenn alle schon eine Gruppe haben. Wenn stehen bleiben sich falsch anfühlt und mitmachen sich unmöglich anfühlt. Dieser Ratgeber erklärt, warum freie Zeit für viele Kinder anstrengender ist als Unterricht — und was ein kleines ""Einfach-Mitrennen"" bewirken kann.

➤ WAS DRIN STECKT

Vorlesegeschichte ""Finn und das Einfach-Rennen"" — über einen Schulhof-Moment, den viele kennen
Fachinput über unstrukturierte Zeit, soziale Unsicherheit und implizite Gruppenregeln
Einfache Begleitgeschichte für Kinder (6 Seiten, ein Satz je Seite)
Schulhof-Würfel zum Ausschneiden — Ideen für die Pause, die man einfach würfeln kann
Pausenspiel für zu Hause üben

18 Seiten · PDF · Sofort-Download

➤ FÜR WEN

Eltern, die hören ""Ich hab in der Pause nichts gemacht""
Lehrkräfte, die Kinder am Rand des Schulhofs beobachten
Kinder ab 6, die wissen wollen, dass sie nicht die Einzigen sind

✔ Sofort-Download nach Kauf — 18 Seiten, druckoptimiertes PDF
✔ Nur für privaten und pädagogischen Gebrauch",3.9,EUR,999,"Lernolotl,Pause_Grundschule,Schulhof_Kinder,Soziale_Unsicherheit_Kind,Hochsensibilität_Schule,ADHS_Pause,Vorlesegeschichte_Grundschule,Dazugehören_Kinder,Ratgeber_Eltern,Neurodiversität_Schule,PDF_Download_Deutsch,NeuroTeacherTools,Gruppenspiel_Kinder",,https://i.etsystatic.com/64486107/r/il/5747e6/7880894412/il_fullxfull.7880894412_ddbg.jpg,https://i.etsystatic.com/64486107/r/il/eec832/7928854097/il_fullxfull.7928854097_mjcw.jpg,https://i.etsystatic.com/64486107/r/il/818d9b/7880894556/il_fullxfull.7880894556_m3si.jpg,https://i.etsystatic.com/64486107/r/il/8307f5/7880894594/il_fullxfull.7880894594_6ezc.jpg,https://i.etsystatic.com/64486107/r/il/14694d/7928854277/il_fullxfull.7928854277_9tky.jpg,https://i.etsystatic.com/64486107/r/il/fddede/7928854315/il_fullxfull.7928854315_m329.jpg,https://i.etsystatic.com/64486107/r/il/11b934/7928854345/il_fullxfull.7928854345_2z40.jpg,https://i.etsystatic.com/64486107/r/il/d2ea79/7928854405/il_fullxfull.7928854405_jhax.jpg,https://i.etsystatic.com/64486107/r/il/542782/7928854451/il_fullxfull.7928854451_bqhw.jpg,https://i.etsystatic.com/64486107/r/il/b14e4b/7928854511/il_fullxfull.7928854511_owvf.jpg,,,,,,,,,,
"Lernolotl meldet sich — Ratgeber Nr.44 Mut & Sichtbarkeit | Vorlesegeschichte Grundschule | ADHS Autismus | PDF Download","Die Antwort ist da — fertig, richtig, klar. Aber den Arm zu heben? Das ist eine ganz andere Aufgabe.

Viele Kinder wissen genau, was sie denken — und schweigen trotzdem. Nicht aus Desinteresse, sondern weil sichtbar sein sich gefährlich anfühlt. Dieser Ratgeber begleitet Kinder, die drinnen laut sind und außen still — und gibt Eltern und Lehrkräften Sprache für genau diese Lücke.

➤ WAS DRIN STECKT

Vorlesegeschichte ""Der halbgehobene Arm"" — über einen Moment, der allen vertraut ist
Fachinput über Bewertungsangst, Sichtbarkeit und soziale Schutzreflexe
Einfache Begleitgeschichte für Kinder (6 Seiten, ein Satz je Seite)
Mutmacher-Spiel für die ganze Familie
Mut-Barometer zum Ausfüllen — was fühlt sich klein an, was fühlt sich groß an?
Gesprächsleitfaden mit echten Musterantworten

18 Seiten · PDF · Sofort-Download

➤ FÜR WEN

Eltern, die ihr Kind still beobachten und nicht wissen, was helfen würde
Lehrkräfte, die spüren, dass da mehr steckt als Schüchternheit
Kinder ab 6 Jahren, die bereit sind, über Mut zu sprechen

✔ Sofort-Download nach Kauf — 18 Seiten, druckoptimiertes PDF
✔ Nur für privaten und pädagogischen Gebrauch",3.9,EUR,999,"Lernolotl,Mut_Grundschule,Sichtbarkeit_Kinder,Bewertungsangst_Kind,ADHS_Schule,Autismus_Schule,Vorlesegeschichte_Grundschule,Schüchternheit_Kinder,Ratgeber_Eltern,Neurodiversität_Schule,PDF_Download_Deutsch,NeuroTeacherTools,Familiengespräch_Kinder",,https://i.etsystatic.com/64486107/r/il/708992/7880887800/il_fullxfull.7880887800_ftz0.jpg,https://i.etsystatic.com/64486107/r/il/ac15d7/7880887864/il_fullxfull.7880887864_hi87.jpg,https://i.etsystatic.com/64486107/r/il/9f4baa/7880887928/il_fullxfull.7880887928_h6bk.jpg,https://i.etsystatic.com/64486107/r/il/449717/7880888004/il_fullxfull.7880888004_37xa.jpg,https://i.etsystatic.com/64486107/r/il/e3e65d/7880888044/il_fullxfull.7880888044_oxyn.jpg,https://i.etsystatic.com/64486107/r/il/051628/7928847507/il_fullxfull.7928847507_lc89.jpg,https://i.etsystatic.com/64486107/r/il/7e791c/7928847569/il_fullxfull.7928847569_6bcf.jpg,https://i.etsystatic.com/64486107/r/il/e80fbd/7880888174/il_fullxfull.7880888174_s93e.jpg,https://i.etsystatic.com/64486107/r/il/c8b63a/7928847751/il_fullxfull.7928847751_eqdz.jpg,https://i.etsystatic.com/64486107/r/il/f00a78/7928847777/il_fullxfull.7928847777_obv9.jpg,,,,,,,,,,
"Sport-Reihe BUNDLE – 10 Ratgeber PDF | Kinder & Sport neurodiverser | Lernolotl #34–43 Komplett-Paket","„Sport ist mehr als Bewegung — es ist der Ort, an dem Kinder lernen, mit anderen umzugehen, mit sich selbst umzugehen, und immer wieder aufzustehen.""

Dieses Bundle enthält alle 10 Ratgeber der Lernolotl Sport-Reihe — für Familien, Erzieherinnen und Grundschullehrkräfte, die Kinder durch Sport-Herausforderungen begleiten wollen.

——————————————————————
ENTHALTEN: ALLE 10 RATGEBER
——————————————————————
✦ #34 — Der erste Tag im Wasser (Sinnesreize & Mut)
✦ #35 — Der Lernolotl verliert (Fairness & Verlieren)
✦ #36 — Gemeinsam im Staffelrennen (Teamarbeit)
✦ #37 — Nicht so schnell wie die anderen (Stärken & Motorik)
✦ #38 — Die ungeschriebenen Regeln im Fußball (Soziale Codes)
✦ #39 — Zu viel Trubel (Sensorische Überforderung)
✦ #40 — Ich will aufhören! (Aufhören vs. Durchhalten)
✦ #41 — Gewonnen! (Gracious Winning & Empathie)
✦ #42 — Immer der Letzte (Zugehörigkeit & Ausgrenzung)
✦ #43 — Fahrrad lernen (Motorisches Lernen & Resilienz)

——————————————————————
JEDER RATGEBER ENTHÄLT:
——————————————————————
✦ Vorlesegeschichte (3 Seiten) zum Vorlesen
✦ Fachartikel für Eltern & Fachkräfte
✦ Expertentipps + Gesprächsleitfaden
✦ Begleitgeschichte (6 Seiten) für Kinder ab 5 Jahren
✦ Familien-Spiel
✦ 2 Mitmachseiten (laminierbar)

——————————————————————
FORMAT & DOWNLOAD
——————————————————————
↓ Sofort-Download nach Kaufabschluss
↓ 10 PDF-Dateien · Je 17 Seiten · A4 · Druckfertig
↓ Zuhause auf normalem Drucker ausdrucken
↓ Einzelseiten können laminiert werden

© NeuroTeacherTools · lernolotl.de · Nur für privaten und pädagogischen Gebrauch",23.4,EUR,999,"Lernolotl,Vorlesegeschichte_PDF,Kinder_Ratgeber,Neurodiversität_Kind,Grundschule_Inklusion,Sport_Kinder_Bundle,PDF_Bundle_Kinder,ADHS_Sport_Paket,Begleitgeschichte_deutsch,Autismus_Sport_Paket,Sportunterricht_Inklusion,Ratgeber_Bundle_PDF,Gefühle_Kinder",,https://i.etsystatic.com/64486107/r/il/90fcbd/7855267522/il_fullxfull.7855267522_tmb1.jpg,https://i.etsystatic.com/64486107/r/il/ba1b96/7855267572/il_fullxfull.7855267572_33j8.jpg,https://i.etsystatic.com/64486107/r/il/434a62/7903227779/il_fullxfull.7903227779_tdk8.jpg,https://i.etsystatic.com/64486107/r/il/2140cb/7855267680/il_fullxfull.7855267680_81nk.jpg,https://i.etsystatic.com/64486107/r/il/2ab7ad/7903227857/il_fullxfull.7903227857_o8nl.jpg,https://i.etsystatic.com/64486107/r/il/1bdfb5/7855267764/il_fullxfull.7855267764_rf78.jpg,https://i.etsystatic.com/64486107/r/il/ef3541/7855267806/il_fullxfull.7855267806_rx9b.jpg,https://i.etsystatic.com/64486107/r/il/bce01a/7855267838/il_fullxfull.7855267838_eq30.jpg,https://i.etsystatic.com/64486107/r/il/a5f9c8/7903228021/il_fullxfull.7903228021_4vg5.jpg,https://i.etsystatic.com/64486107/r/il/f6f2d8/7855267924/il_fullxfull.7855267924_78bo.jpg,,,,,,,,,,
"Fahrrad lernen Kinder – Vorlesegeschichte + Ratgeber Nr 43 PDF | Hinfallen & aufstehen | Lernolotl Sport-Reihe","„Siebenmal hingefallen. Alles richtig gemacht — und trotzdem. Papa sagt nicht „noch mal versuchen"". Er sagt etwas viel Wichtigeres.""

Motorisches Lernen folgt eigenen Regeln: Der Körper braucht Zeit, Wiederholung — und die richtige Frage. Nicht „noch mal!"" sondern „Was war diesmal anders?"" Dieser Ratgeber erklärt, warum Verstehen und Können zwei verschiedene Dinge sind — und wie Eltern wirklich helfen.

——————————————————————
WAS IST IM RATGEBER ENTHALTEN?
——————————————————————
✦ Vorlesegeschichte (3 Seiten) — Der Lernolotl und das Fahrrad
✦ Fachartikel: Motorisches Lernen bei Kindern — was im Körper passiert
✦ Expertentipps: „Was war diesmal anders?"" — die bessere Frage
✦ Gesprächsleitfaden mit Antwortvorschlägen
✦ Begleitgeschichte (6 Seiten) für Kinder ab 5 Jahren
✦ Familien-Spiel: Körper-Lern-Detektiv
✦ Mitmachseite 1: Was ich heute ein bisschen besser kann
✦ Mitmachseite 2: Mein Lerntagebuch (laminierbar)

↓ Sofort-Download · PDF · 17 Seiten · A4 · Druckfertig
© NeuroTeacherTools · lernolotl.de · Nur für privaten und pädagogischen Gebrauch",3.9,EUR,999,"Lernolotl,Vorlesegeschichte_PDF,Kinder_Ratgeber,Neurodiversität_Kind,Grundschule_Inklusion,Fahrrad_lernen_Kind,Hinfallen_aufstehen_Kind,Motorik_Lernen_Kind,Begleitgeschichte_deutsch,Resilienz_Kinder,ADHS_Motorik_Lernen,Durchhalten_Kinder_PDF,Gefühle_Kinder",,https://i.etsystatic.com/64486107/r/il/cca066/7855264344/il_fullxfull.7855264344_71xq.jpg,https://i.etsystatic.com/64486107/r/il/2a02c3/7855264384/il_fullxfull.7855264384_7kgv.jpg,https://i.etsystatic.com/64486107/r/il/b7d46b/7903224689/il_fullxfull.7903224689_dfhd.jpg,https://i.etsystatic.com/64486107/r/il/8ceef3/7903224731/il_fullxfull.7903224731_r7il.jpg,https://i.etsystatic.com/64486107/r/il/e2846d/7903224767/il_fullxfull.7903224767_s9cz.jpg,https://i.etsystatic.com/64486107/r/il/a08680/7855264560/il_fullxfull.7855264560_ittj.jpg,https://i.etsystatic.com/64486107/r/il/0b977d/7855264600/il_fullxfull.7855264600_5n7m.jpg,https://i.etsystatic.com/64486107/r/il/e12c2d/7855264636/il_fullxfull.7855264636_hgqi.jpg,https://i.etsystatic.com/64486107/r/il/d823b9/7903224903/il_fullxfull.7903224903_kzdz.jpg,https://i.etsystatic.com/64486107/r/il/719570/7855264734/il_fullxfull.7855264734_9j02.jpg,,,,,,,,,,
"Gewinnen mit Empathie – Vorlesegeschichte + Ratgeber Nr 41 PDF | Gracious Winning | Lernolotl Sport-Reihe","„Das Team hat gewonnen. Der Lernolotl freut sich — sehr. Aber die anderen weinen. Wie feiert man, ohne zu verletzen?""

Gewinnen darf sich gut anfühlen — und sollte es auch. Aber es gibt einen Unterschied zwischen echtem Feiern und Reiben. Dieser Ratgeber erklärt Gracious Winning: würdevoll gewinnen — und warum es eine lernbare Fähigkeit ist, keine angeborene.

——————————————————————
WAS IST IM RATGEBER ENTHALTEN?
——————————————————————
✦ Vorlesegeschichte (3 Seiten) — Gewonnen! — und jetzt?
✦ Fachartikel: Gracious Winning — warum Empathie beim Siegen zählt
✦ Expertentipps: Konkrete Sätze, nicht abstrakte Werte
✦ Gesprächsleitfaden mit Antwortvorschlägen
✦ Begleitgeschichte (6 Seiten) für Kinder ab 5 Jahren
✦ Familien-Spiel: Der Empathie-Kompass — wie fühlt sich das an?
✦ Mitmachseite 1: Mein Gewinn-Gefühl-Bild
✦ Mitmachseite 2: Meine Gewinn-Sätze (laminierbar)

↓ Sofort-Download · PDF · 17 Seiten · A4 · Druckfertig
© NeuroTeacherTools · lernolotl.de · Nur für privaten und pädagogischen Gebrauch",3.9,EUR,999,"Lernolotl,Vorlesegeschichte_PDF,Kinder_Ratgeber,Neurodiversität_Kind,Grundschule_Inklusion,Gewinnen_Empathie_Kind,Gracious_Winning,Sport_Empathie_Kinder,Begleitgeschichte_deutsch,Fairness_Siegen_Kind,ADHS_Empathie_Sport,Wettbewerb_Empathie,Gefühle_Kinder",,https://i.etsystatic.com/64486107/r/il/31e300/7903220239/il_fullxfull.7903220239_nj9y.jpg,https://i.etsystatic.com/64486107/r/il/a2db5c/7855259944/il_fullxfull.7855259944_eihx.jpg,https://i.etsystatic.com/64486107/r/il/d309e8/7855260006/il_fullxfull.7855260006_m5sp.jpg,https://i.etsystatic.com/64486107/r/il/0fc9fb/7855260030/il_fullxfull.7855260030_b8os.jpg,https://i.etsystatic.com/64486107/r/il/53d199/7903220437/il_fullxfull.7903220437_dr1g.jpg,https://i.etsystatic.com/64486107/r/il/319487/7855260082/il_fullxfull.7855260082_hbn7.jpg,https://i.etsystatic.com/64486107/r/il/297426/7903220497/il_fullxfull.7903220497_rkgx.jpg,https://i.etsystatic.com/64486107/r/il/4d95df/7855260154/il_fullxfull.7855260154_b4wv.jpg,https://i.etsystatic.com/64486107/r/il/dc6de7/7855260182/il_fullxfull.7855260182_hd3n.jpg,https://i.etsystatic.com/64486107/r/il/33e494/7855260210/il_fullxfull.7855260210_7ypc.jpg,,,,,,,,,,
"Aufhören wollen Kinder – Vorlesegeschichte + Ratgeber Nr 40 PDF | Sport & Entscheidung | Lernolotl Sport-Reihe","„Drei Wochen lang sagte er es nach jedem Training. Mama hörte zu — und fragte dann nach. Was genau will er aufhören?""

„Ich will aufhören"" bedeutet manchmal: aufhören. Manchmal: ich bin erschöpft. Manchmal: ein Kind in meinem Team ist gemein zu mir. Der erste Schritt ist nicht Reden über das Aufhören — sondern Reden über das Dahinter.

——————————————————————
WAS IST IM RATGEBER ENTHALTEN?
——————————————————————
✦ Vorlesegeschichte (3 Seiten) — Mama fragt nach — genau
✦ Fachartikel: Was „aufhören wollen"" wirklich bedeutet — und wann man zuhören muss
✦ Expertentipps: Die richtigen Fragen — nicht Überzeugung, sondern Verstehen
✦ Gesprächsleitfaden mit Antwortvorschlägen
✦ Begleitgeschichte (6 Seiten) für Kinder ab 5 Jahren
✦ Familien-Spiel: Das Aufschlüssel-Detektiv-Spiel
✦ Mitmachseite 1: Was will ich wirklich? (Ja/Nein/Vielleicht-Karte)
✦ Mitmachseite 2: Meine Entscheidungskarte (laminierbar)

↓ Sofort-Download · PDF · 17 Seiten · A4 · Druckfertig
© NeuroTeacherTools · lernolotl.de · Nur für privaten und pädagogischen Gebrauch",3.9,EUR,999,"Lernolotl,Vorlesegeschichte_PDF,Kinder_Ratgeber,Neurodiversität_Kind,Grundschule_Inklusion,Aufhören_Sport_Kind,Sportverein_Kinder,Entscheidung_Kinder,Begleitgeschichte_deutsch,Erschöpfung_Kind_Sport,ADHS_Motivation_Sport,Eltern_Gesprächs_PDF,Gefühle_Kinder",,https://i.etsystatic.com/64486107/r/il/e2f9fc/7855257688/il_fullxfull.7855257688_ct3k.jpg,https://i.etsystatic.com/64486107/r/il/f73c15/7903217991/il_fullxfull.7903217991_i4om.jpg,https://i.etsystatic.com/64486107/r/il/3fcb2e/7855257788/il_fullxfull.7855257788_jdrv.jpg,https://i.etsystatic.com/64486107/r/il/4224da/7855257824/il_fullxfull.7855257824_oc0v.jpg,https://i.etsystatic.com/64486107/r/il/b7d734/7903218105/il_fullxfull.7903218105_nelw.jpg,https://i.etsystatic.com/64486107/r/il/b452bf/7903218133/il_fullxfull.7903218133_bj7v.jpg,https://i.etsystatic.com/64486107/r/il/feed4a/7903218159/il_fullxfull.7903218159_2fa1.jpg,https://i.etsystatic.com/64486107/r/il/286b49/7855257928/il_fullxfull.7855257928_6vm8.jpg,https://i.etsystatic.com/64486107/r/il/39580a/7855257958/il_fullxfull.7855257958_lj5o.jpg,https://i.etsystatic.com/64486107/r/il/4d0828/7855257986/il_fullxfull.7855257986_a8bz.jpg,,,,,,,,,,
"Überforderung Sport – Vorlesegeschichte + Ratgeber Nr 39 PDF | Sinnesreize regulieren | Lernolotl Sport-Reihe","„Fünf Mannschaften, eine Halle, zwölf Trillerpfeifen auf einmal — der Lernolotl mag Sport. Aber das hier ist zu viel.""

Sensorische Überforderung beim Sport ist real — und wird häufig als mangelnde Motivation oder schlechte Einstellung missverstanden. Dieser Ratgeber erklärt, was bei Überstimulation im Körper passiert, und gibt Kindern und Eltern konkrete Strategien: Raus, regulieren, wieder rein.

——————————————————————
WAS IST IM RATGEBER ENTHALTEN?
——————————————————————
✦ Vorlesegeschichte (3 Seiten) — Lernolotl beim Hallenturnier
✦ Fachartikel: Sensorische Überforderung im Sport erkennen und begleiten
✦ Expertentipps: Die 4-4-Atemtechnik — einfach, schnell, wirksam
✦ Gesprächsleitfaden mit Antwortvorschlägen
✦ Begleitgeschichte (6 Seiten) für Kinder ab 5 Jahren
✦ Familien-Spiel: Meine Auslöser kennen
✦ Mitmachseite 1: Mein Pausen-Signal (Karte, laminierbar)
✦ Mitmachseite 2: Mein Pausen-Plan (ausfüllen, aufhängen)

↓ Sofort-Download · PDF · 17 Seiten · A4 · Druckfertig
© NeuroTeacherTools · lernolotl.de · Nur für privaten und pädagogischen Gebrauch",3.9,EUR,999,"Lernolotl,Vorlesegeschichte_PDF,Kinder_Ratgeber,Neurodiversität_Kind,Grundschule_Inklusion,Überforderung_Kinder,Sinnesreize_Sport_Kind,Autismus_Sport_Gruppe,Begleitgeschichte_deutsch,Atemübung_Kinder_Sport,ADHS_Hallenturnier,Reizüberflutung_Kind,Gefühle_Kinder",,https://i.etsystatic.com/64486107/r/il/db63ec/7855255226/il_fullxfull.7855255226_8xpt.jpg,https://i.etsystatic.com/64486107/r/il/3d2121/7855255270/il_fullxfull.7855255270_3jcp.jpg,https://i.etsystatic.com/64486107/r/il/ffa048/7903215517/il_fullxfull.7903215517_ogao.jpg,https://i.etsystatic.com/64486107/r/il/b29d5e/7855255356/il_fullxfull.7855255356_c5n8.jpg,https://i.etsystatic.com/64486107/r/il/c1c416/7855255398/il_fullxfull.7855255398_qjw5.jpg,https://i.etsystatic.com/64486107/r/il/cd41a9/7855255430/il_fullxfull.7855255430_euun.jpg,https://i.etsystatic.com/64486107/r/il/52bfdd/7855255464/il_fullxfull.7855255464_talj.jpg,https://i.etsystatic.com/64486107/r/il/a5c43b/7903215633/il_fullxfull.7903215633_p5qn.jpg,https://i.etsystatic.com/64486107/r/il/6232d8/7903215661/il_fullxfull.7903215661_d217.jpg,https://i.etsystatic.com/64486107/r/il/7f07a5/7903215697/il_fullxfull.7903215697_oztz.jpg,,,,,,,,,,
"Ausgrenzung im Sport – Vorlesegeschichte + Ratgeber Nr 42 PDF | Faire Teams | Lernolotl Sport-Reihe","„Fünfmal in sechs Wochen. Immer der Letzte. Der Lernolotl hat es gezählt — und eine Theorie entwickelt.""

Beim Mannschaftsaufstellen immer als Letzter zu warten — das hinterlässt Spuren. Nicht als Drama, aber als Frühindikator. Dieser Ratgeber zeigt, wie Lehrkräfte und Eltern faire Gruppenbildung ermöglichen können — ohne Hierarchie, ohne Rangfolge.

——————————————————————
WAS IST IM RATGEBER ENTHALTEN?
——————————————————————
✦ Vorlesegeschichte (3 Seiten) — Der Lernolotl und das Zettel-System
✦ Fachartikel: Ausgrenzung im Sport erkennen — was Lehrkräfte tun können
✦ Expertentipps: Faire Gruppen bilden — konkrete Methoden
✦ Gesprächsleitfaden mit Antwortvorschlägen
✦ Begleitgeschichte (6 Seiten) für Kinder ab 5 Jahren
✦ Familien-Spiel: Wie wollen wir Teams bilden?
✦ Mitmachseite 1: Unsere fairen Mannschafts-Regeln
✦ Mitmachseite 2: Gerechtigkeitskarte (laminierbar)

↓ Sofort-Download · PDF · 17 Seiten · A4 · Druckfertig
© NeuroTeacherTools · lernolotl.de · Nur für privaten und pädagogischen Gebrauch",3.9,EUR,999,"Lernolotl,Vorlesegeschichte_PDF,Kinder_Ratgeber,Neurodiversität_Kind,Grundschule_Inklusion,Ausgrenzung_Kinder,Letzte_beim_Sport,Fairer_Sportunterricht,Begleitgeschichte_deutsch,Zugehörigkeit_Kinder,Mobbing_Sport_Kinder,Autismus_Sportunterricht,Gefühle_Kinder",,https://i.etsystatic.com/64486107/r/il/9d736f/7903222105/il_fullxfull.7903222105_th1z.jpg,https://i.etsystatic.com/64486107/r/il/c72974/7903222153/il_fullxfull.7903222153_po36.jpg,https://i.etsystatic.com/64486107/r/il/eac071/7855261940/il_fullxfull.7855261940_9odp.jpg,https://i.etsystatic.com/64486107/r/il/df8317/7903222291/il_fullxfull.7903222291_p7gz.jpg,https://i.etsystatic.com/64486107/r/il/042584/7903222313/il_fullxfull.7903222313_6svw.jpg,https://i.etsystatic.com/64486107/r/il/411658/7855262046/il_fullxfull.7855262046_5dm6.jpg,https://i.etsystatic.com/64486107/r/il/f18671/7855262084/il_fullxfull.7855262084_9dw5.jpg,https://i.etsystatic.com/64486107/r/il/934571/7855262104/il_fullxfull.7855262104_ddks.jpg,https://i.etsystatic.com/64486107/r/il/8fd74a/7903222471/il_fullxfull.7903222471_mzvt.jpg,https://i.etsystatic.com/64486107/r/il/1365b7/7855262186/il_fullxfull.7855262186_nanp.jpg,,,,,,,,,,
"Ungeschriebene Regeln – Vorlesegeschichte + Ratgeber Nr 38 PDF | Fußball & Sozialcodes | Lernolotl Sport-Reihe","„Er kennt alle 17 offiziellen Regeln — aber niemand hat ihm erklärt, was man tut, wenn ein Tor fällt.""

Jubeln, trösten, warten bis man drankommt — das steht nirgendwo im Regelwerk. Für viele Kinder, besonders neurodivergente, sind genau diese unsichtbaren Regeln die größte Hürde im Sport. Dieser Ratgeber macht sie sichtbar.

——————————————————————
WAS IST IM RATGEBER ENTHALTEN?
——————————————————————
✦ Vorlesegeschichte (3 Seiten) — Der Lernolotl und die unsichtbaren Regeln im Fußball
✦ Fachartikel: Soziale Codes im Sport — warum sie niemand erklärt
✦ Expertentipps: Das Team-Regelplakat gemeinsam erstellen
✦ Gesprächsleitfaden mit Antwortvorschlägen
✦ Begleitgeschichte (6 Seiten) für Kinder ab 5 Jahren
✦ Familien-Spiel: Was macht man, wenn…? (6 Spielsituationen)
✦ Mitmachseite 1: Unsere ungeschriebenen Regeln — jetzt aufgeschrieben
✦ Mitmachseite 2: Das Team-Regelplakat (ausfüllen, ausdrucken, aufhängen)

↓ Sofort-Download · PDF · 17 Seiten · A4 · Druckfertig
© NeuroTeacherTools · lernolotl.de · Nur für privaten und pädagogischen Gebrauch",3.9,EUR,999,"Lernolotl,Vorlesegeschichte_PDF,Kinder_Ratgeber,Neurodiversität_Kind,Grundschule_Inklusion,Fußball_Kinder_Regeln,Soziale_Regeln_Kind,Autismus_Sport,Begleitgeschichte_deutsch,Ungeschriebene_Regeln,ADHS_Fußball,Inklusion_Sport_Kita,Gefühle_Kinder",,https://i.etsystatic.com/64486107/r/il/93a987/7855252670/il_fullxfull.7855252670_obsp.jpg,https://i.etsystatic.com/64486107/r/il/576d6d/7903212855/il_fullxfull.7903212855_cr0z.jpg,https://i.etsystatic.com/64486107/r/il/18b9e5/7903212955/il_fullxfull.7903212955_oj1b.jpg,https://i.etsystatic.com/64486107/r/il/6f0e8f/7903212977/il_fullxfull.7903212977_aenq.jpg,https://i.etsystatic.com/64486107/r/il/7a2459/7855252856/il_fullxfull.7855252856_921q.jpg,https://i.etsystatic.com/64486107/r/il/c47a7c/7903213033/il_fullxfull.7903213033_8c64.jpg,https://i.etsystatic.com/64486107/r/il/dc2885/7903213069/il_fullxfull.7903213069_tkrx.jpg,https://i.etsystatic.com/64486107/r/il/80d10e/7903213089/il_fullxfull.7903213089_r5wz.jpg,https://i.etsystatic.com/64486107/r/il/584772/7855252976/il_fullxfull.7855252976_179x.jpg,https://i.etsystatic.com/64486107/r/il/65d2b2/7855253010/il_fullxfull.7855253010_371b.jpg,,,,,,,,,,
"Langsam im Sport – Vorlesegeschichte + Ratgeber Nr 37 PDF | Stärken entdecken | Lernolotl Sport-Reihe","„Beim Laufen kommt er immer als Letzter an. Bis Herr Koch zeigt: Schnelligkeit ist nur eine von vielen Stärken.""

Wenn Kinder im Sport immer hinterherlaufen, fragen sie sich irgendwann: Bin ich einfach schlechter? Dieser Ratgeber erklärt, dass motorische Unterschiede keine Rangfolge sind — und dass viele unsichtbare Stärken im Moment des Laufens schon aktiv sind.

——————————————————————
WAS IST IM RATGEBER ENTHALTEN?
——————————————————————
✦ Vorlesegeschichte (3 Seiten) — Lernolotl entdeckt seine Beobachtungsstärke
✦ Fachartikel: Motorische Unterschiede und verborgene Stärken
✦ Expertentipps: Wenn Stärken unsichtbar sind
✦ Gesprächsleitfaden mit Antwortvorschlägen
✦ Begleitgeschichte (6 Seiten) für Kinder ab 5 Jahren
✦ Familien-Spiel: Das Stärken-Detektiv-Spiel
✦ Mitmachseite 1: Meine unsichtbaren Stärken
✦ Mitmachseite 2: Mein Stärken-Kompass (laminierbar)

↓ Sofort-Download · PDF · 17 Seiten · A4 · Druckfertig
© NeuroTeacherTools · lernolotl.de · Nur für privaten und pädagogischen Gebrauch",3.9,EUR,999,"Lernolotl,Vorlesegeschichte_PDF,Kinder_Ratgeber,Neurodiversität_Kind,Grundschule_Inklusion,Motorik_Kinder,Langsam_Sport_Kind,Stärken_Grundschule,Begleitgeschichte_deutsch,Selbstwert_Sport_Kind,ADHS_Motorik,Dyskoordination_Kind,Gefühle_Kinder",,https://i.etsystatic.com/64486107/r/il/c71ec5/7855250126/il_fullxfull.7855250126_jogh.jpg,https://i.etsystatic.com/64486107/r/il/29c009/7903210193/il_fullxfull.7903210193_t6kq.jpg,https://i.etsystatic.com/64486107/r/il/fab368/7855250236/il_fullxfull.7855250236_t2n0.jpg,https://i.etsystatic.com/64486107/r/il/ae77c7/7855250280/il_fullxfull.7855250280_fmqp.jpg,https://i.etsystatic.com/64486107/r/il/e17fa3/7855250340/il_fullxfull.7855250340_qwol.jpg,https://i.etsystatic.com/64486107/r/il/9d4f7a/7903210385/il_fullxfull.7903210385_g7p8.jpg,https://i.etsystatic.com/64486107/r/il/dac033/7903210425/il_fullxfull.7903210425_43un.jpg,https://i.etsystatic.com/64486107/r/il/d967e5/7903210445/il_fullxfull.7903210445_gp24.jpg,https://i.etsystatic.com/64486107/r/il/eb7134/7903210479/il_fullxfull.7903210479_k2wz.jpg,https://i.etsystatic.com/64486107/r/il/777b08/7855250494/il_fullxfull.7855250494_8mpo.jpg,,,,,,,,,,
"Teamarbeit Kinder – Vorlesegeschichte + Ratgeber Nr 36 PDF | Staffelrennen | Lernolotl Sport-Reihe","eim Staffelrennen kommt es nicht auf einen an. Der Lernolotl läuft seinen Teil — und das ist genug.""

Im Team spielen heißt: loslassen, vertrauen, und seinen eigenen Beitrag gut machen — auch wenn man nicht der Schnellste ist. Genau das fällt vielen Kindern schwer. Besonders denen, die gerne alles unter Kontrolle haben.

Dieser Ratgeber erklärt, was Teamarbeit wirklich bedeutet — und warum der eigene Teil zählt, egal wie klein er sich anfühlt.

——————————————————————
WAS IST IM RATGEBER ENTHALTEN?
——————————————————————
✦ Vorlesegeschichte (3 Seiten) — Lernolotl, Timo, Nora und Fabian beim Staffelrennen
✦ Fachartikel: Teamarbeit und der eigene Beitrag
✦ Expertentipps: Vertrauen üben — im Spiel und im Alltag
✦ Gesprächsleitfaden mit Antwortvorschlägen
✦ Begleitgeschichte (6 Seiten) für Kinder ab 5 Jahren
✦ Familien-Spiel: Mein Teamstärken-Kompass
✦ Mitmachseite 1: Unser Team-Bild
✦ Mitmachseite 2: Mein Teamstärken-Kompass (ausfüllen, laminierbar)

↓ Sofort-Download · PDF · 17 Seiten · A4 · Druckfertig
© NeuroTeacherTools · lernolotl.de · Nur für privaten und pädagogischen Gebrauch",3.9,EUR,999,"Lernolotl,Vorlesegeschichte_PDF,Kinder_Ratgeber,Neurodiversität_Kind,Grundschule_Inklusion,Teamarbeit_Kinder,Staffelrennen_Schule,Zusammenarbeit_Kind,Begleitgeschichte_deutsch,Sport_Grundschule_PDF,Vertrauen_Kinder,ADHS_Teamspiel,Gefühle_Kinder",,https://i.etsystatic.com/64486107/r/il/7b037f/7903207555/il_fullxfull.7903207555_8lgv.jpg,https://i.etsystatic.com/64486107/r/il/380fb0/7903207595/il_fullxfull.7903207595_siwm.jpg,https://i.etsystatic.com/64486107/r/il/88d1a4/7903207675/il_fullxfull.7903207675_s6mv.jpg,https://i.etsystatic.com/64486107/r/il/4fea3e/7903207727/il_fullxfull.7903207727_61yq.jpg,https://i.etsystatic.com/64486107/r/il/73edb9/7855247788/il_fullxfull.7855247788_96rj.jpg,https://i.etsystatic.com/64486107/r/il/65f38b/7855247810/il_fullxfull.7855247810_7b9i.jpg,https://i.etsystatic.com/64486107/r/il/3156c8/7903207815/il_fullxfull.7903207815_3h92.jpg,https://i.etsystatic.com/64486107/r/il/e9881c/7855247892/il_fullxfull.7855247892_tpo4.jpg,https://i.etsystatic.com/64486107/r/il/d31520/7903207851/il_fullxfull.7903207851_6ot4.jpg,https://i.etsystatic.com/64486107/r/il/c78b1c/7903207861/il_fullxfull.7903207861_alay.jpg,,,,,,,,,,
"Verlieren lernen – Vorlesegeschichte + Ratgeber Nr 35 PDF | Fair spielen Kinder | Lernolotl Sport-Reihe","„Er hat alles richtig gemacht — und ist trotzdem Letzter.""

Alles nach Regeln gespielt. Kein Fehler gemacht. Trotzdem verloren. Der Lernolotl versteht das nicht. Bis ihm jemand erklärt: Regeln einhalten und gewinnen sind zwei verschiedene Dinge. Und nur eines davon ist wirklich in deiner Hand.

Dieser Ratgeber hilft Eltern, das Thema Verlieren früh anzugehen — bevor ein Kind beim nächsten Turnier ausrastet oder aufhört zu spielen.

——————————————————————
WAS IST IM RATGEBER ENTHALTEN?
——————————————————————
✦ Vorlesegeschichte (3 Seiten) — Der Lernolotl beim Rennen
✦ Fachartikel: Warum Verlieren so schwer ist — und was im Gehirn passiert
✦ Expertentipps: Wenn Verlieren sich falsch anfühlt
✦ Gesprächsleitfaden mit Antwortvorschlägen
✦ Begleitgeschichte (6 Seiten) für Kinder ab 5 Jahren
✦ Familien-Spiel: Der Fair-Checker — wer hat fair gespielt?
✦ Mitmachseite 1: Mein Fairness-Bild
✦ Mitmachseite 2: Meine Fair-Sätze (laminierbar)

↓ Sofort-Download · PDF · 17 Seiten · A4 · Druckfertig
© NeuroTeacherTools · lernolotl.de · Nur für privaten und pädagogischen Gebrauch",3.9,EUR,999,"Lernolotl,Vorlesegeschichte_PDF,Kinder_Ratgeber,Neurodiversität_Kind,Grundschule_Inklusion,Verlieren_Kinder,Fair_spielen_Kinder,Sportspiel_Grundschule,Begleitgeschichte_deutsch,Frustration_Kind_Sport,ADHS_Emotionen_Sport,Wettbewerb_Kinder,Gefühle_Kinder",,https://i.etsystatic.com/64486107/r/il/86de2f/7903204839/il_fullxfull.7903204839_nf1o.jpg,https://i.etsystatic.com/64486107/r/il/6d76fe/7903204901/il_fullxfull.7903204901_nvis.jpg,https://i.etsystatic.com/64486107/r/il/289a71/7903204957/il_fullxfull.7903204957_2w54.jpg,https://i.etsystatic.com/64486107/r/il/3510a4/7903204993/il_fullxfull.7903204993_m2nu.jpg,https://i.etsystatic.com/64486107/r/il/c18953/7855245386/il_fullxfull.7855245386_lpm1.jpg,https://i.etsystatic.com/64486107/r/il/38a846/7855245430/il_fullxfull.7855245430_kbfz.jpg,https://i.etsystatic.com/64486107/r/il/51c720/7903205183/il_fullxfull.7903205183_gxot.jpg,https://i.etsystatic.com/64486107/r/il/bb8207/7903205247/il_fullxfull.7903205247_2ajb.jpg,https://i.etsystatic.com/64486107/r/il/bd9985/7855245642/il_fullxfull.7855245642_jl4e.jpg,https://i.etsystatic.com/64486107/r/il/eef6d2/7855245668/il_fullxfull.7855245668_paq9.jpg,,,,,,,,,,
"Gefühlskarten Kinder zum Ausdrucken – 11 Emotionskarten PDF – Lernolotl – Kindergarten, Kita, Grundschule, Eltern, Inklusionspädagogik","LERNOLOTL GEFÜHLSKARTEN – 11 Emotionen für Kinder

Gefühle benennen, verstehen und begleiten – mit dem Lernolotl.

Diese pädagogisch fundierten Gefühlskarten helfen Kindern ab 3 Jahren dabei, ihre Emotionen zu erkennen, zu benennen und einzuordnen. Jede Karte zeigt ein Gefühl als Bild auf der Vorderseite – und gibt Eltern, Erzieherinnen oder Lehrkräften auf der Rückseite konkrete Antworten: Was passiert gerade? Wie kann ich helfen? Wie starte ich das Gespräch?

DAS BEKOMMST DU:
→ 11 Gefühlskarten als druckfertiges PDF (A4)
→ Deckblatt + Anleitung + Nachwort
→ Je Seite 2 Karten (Bild vorne, Text hinten – Faltkarte)
→ Inkl. Papiertipps, Laminierhinweis und Gesprächseinstiegen

ENTHALTENE GEFÜHLE:
Angst · Wut · Traurigkeit · Eifersucht · Unsicherheit · Mut · Freude · Einsamkeit · Dankbarkeit · Geduld · Frustration

FÜR WEN SIND DIE KARTEN?
• Eltern & Großeltern
• Erzieherinnen & Kita-Fachkräfte
• Grundschullehrerinnen
• Inklusionspädagoginnen
• Ergotherapeuten & Logopäden
• Kinderpsychologinnen & Therapeuten

🖨️ SO FUNKTIONIERT ES:
1. PDF herunterladen
2. A4 randlos drucken (Hintergrundgrafiken aktivieren)
3. Entlang der Mittellinie schneiden – 2 Karten pro Blatt
4. An der gestrichelten Linie falten – fertig!
Optional: Laminieren für lange Haltbarkeit.

Mehr kostenlose Vorlesegeschichten zu allen 11 Gefühlen: lernolotl.de

───────────────────────────
SOFORTDOWNLOAD nach Zahlungseingang
Format: PDF (druckfertig, A4)
🖨️ Drucker: Farb- oder Schwarzweißdruck möglich
 Nur für den privaten Gebrauch · Keine Weiterverbreitung",3.35,EUR,999,"Gefühlskarten_Kinder,Emotionskarten_ausdrucken,Gefühle_Kindergarten,Gefühlskarten_PDF,Emotionen_Grundschule,Gefühle_lernen_Kinder,Kita_Material_ausdrucken,pädagogisches_Material,Inklusionspädagogik,Gefühlsregulation_Kinder,Lernkarten_Emotionen,Gefühle_Spiel_Kinder,Lernolotl",,https://i.etsystatic.com/64486107/r/il/622f4e/7898250673/il_fullxfull.7898250673_a3al.jpg,https://i.etsystatic.com/64486107/r/il/8988ad/7898250757/il_fullxfull.7898250757_kmn6.jpg,https://i.etsystatic.com/64486107/r/il/d436ea/7898250905/il_fullxfull.7898250905_7gyi.jpg,https://i.etsystatic.com/64486107/r/il/19ce33/7850288106/il_fullxfull.7850288106_slwa.jpg,https://i.etsystatic.com/64486107/r/il/876ac8/7898251045/il_fullxfull.7898251045_tjr3.jpg,https://i.etsystatic.com/64486107/r/il/5de0a7/7898251125/il_fullxfull.7898251125_k1t5.jpg,https://i.etsystatic.com/64486107/r/il/7942ea/7850288352/il_fullxfull.7850288352_6vsf.jpg,https://i.etsystatic.com/64486107/r/il/dc74a6/7898251253/il_fullxfull.7898251253_hqfr.jpg,https://i.etsystatic.com/64486107/r/il/3da423/7850288474/il_fullxfull.7850288474_n8sk.jpg,https://i.etsystatic.com/64486107/r/il/7f2777/7898251383/il_fullxfull.7898251383_2rw4.jpg,,,,,,,,,,
"Ich bin Ich – Komplettpaket 10 Ratgeber PDF | Gefühle & Selbstbild | Lernolotl Ich-bin-Ich-Reihe","10 Ratgeber. 10 Themen. Alles, was Kinder für ein starkes Selbstbild brauchen.

Das Lernolotl Ich-bin-Ich-Komplettpaket enthält alle 10 Ratgeber der Reihe — von Anders-sein bis Zukunftsträume. Jeder Ratgeber: Vorlesegeschichte, Begleitgeschichte, Fachinput für Eltern, Familien-Spiel und zwei Mitmachseiten zum Ausdrucken.

——————————————————————
ALLE 10 RATGEBER IM ÜBERBLICK
——————————————————————
24 · Ich bin anders — und das ist okay (Neurodiversität · Selbstakzeptanz)
25 · Angst — das komische Gefühl im Bauch (Schulangst · Atemübung)
26 · Dankbarkeit — die kleinen Dinge sehen (Drei-Dinge-Ritual)
27 · Ich weiß nicht, wer ich bin (Identität · Selbstkonzept)
28 · Langeweile — und plötzlich kommt eine Idee (Kreativität · DMN)
29 · Nein sagen — ich darf meine Grenzen schützen (Selbstbehauptung)
30 · Perfekt sein müssen — warum reicht es nie? (Gut genug · Fehlerkultur)
31 · In was bin ich gut? Meine Superkräfte entdecken (Stärken · Selbstwert)
32 · Traurigkeit ist kein Fehler (Gefühle begleiten · Validation)
33 · Was will ich werden? (Zukunft · Interessen · kein Druck)

——————————————————————
WAS STECKT IN JEDEM RATGEBER?
——————————————————————
✦ Vorlesegeschichte (3 Seiten) — Der Lernolotl und seine Familie
✦ Fachartikel für Eltern + Gesprächsleitfaden mit Antwortvorschlägen
✦ Begleitgeschichte (6 Seiten) — einfache Sätze für Kinder ab 5 Jahren
✦ Familien-Spiel zum gemeinsamen Mitmachen
✦ 2 Mitmachseiten — ausdrucken, ausfüllen, laminieren

——————————————————————
FÜR WEN IST DIESES PAKET?
——————————————————————
→ Eltern neurodiverser Kinder (ADHS, Autismus, Hochsensibilität)
→ Erzieherinnen und Lehrerinnen in Kita und Grundschule
→ Alle, die Kindern beim Verstehen von Gefühlen und Identität helfen wollen
→ Kinder ab 5 Jahren, gemeinsam mit Erwachsenen

——————————————————————
FORMAT & DOWNLOAD
——————————————————————
↓ 10 PDF-Dateien · je 17 Seiten · A4 · Druckfertig
↓ Sofort-Download nach Kaufabschluss
↓ Zuhause auf normalem Drucker ausdrucken
↓ Einzelseiten können laminiert werden

Statt 10 × 7,99 € — als Komplettpaket zum Vorteilspreis.

Entwickelt von einer Grundschullehrerin mit Inklusionserfahrung und einer ICU-Pflegefamilie, die selbst ein neurodiverses Kind hat.

© NeuroTeacherTools · lernolotl.de · Nur für privaten und pädagogischen Gebrauch",23.4,EUR,999,"Lernolotl,Vorlesegeschichte_PDF,Kinder_Ratgeber,Neurodiversität_Kind,Grundschule_Inklusion,Ich_bin_ich_Bundle,Gefühle_Kinder_PDF,Begleitgeschichte_deutsch,ADHS_Grundschule,Autismus_Kinder,Selbstwert_Kinder,Erzieherinnen_Material,Kita_Material",,https://i.etsystatic.com/64486107/r/il/f44024/7841100914/il_fullxfull.7841100914_t29c.jpg,https://i.etsystatic.com/64486107/r/il/448675/7889050939/il_fullxfull.7889050939_ietx.jpg,https://i.etsystatic.com/64486107/r/il/8c509e/7889051001/il_fullxfull.7889051001_lrui.jpg,https://i.etsystatic.com/64486107/r/il/28d67f/7889051075/il_fullxfull.7889051075_36i5.jpg,https://i.etsystatic.com/64486107/r/il/f0feda/7889051155/il_fullxfull.7889051155_r2pa.jpg,https://i.etsystatic.com/64486107/r/il/06e5d0/7889051243/il_fullxfull.7889051243_90ix.jpg,https://i.etsystatic.com/64486107/r/il/1a1b05/7889051301/il_fullxfull.7889051301_dcjw.jpg,https://i.etsystatic.com/64486107/r/il/88d91d/7841101562/il_fullxfull.7841101562_2fdm.jpg,,,,,,,,,,,,
"Berufswünsche Kinder – Vorlesegeschichte + Ratgeber Nr 33 PDF | Zukunftsträume | Lernolotl Ich-bin-Ich-Reihe","„Ich weiß noch nicht alles, was ich sein werde. Aber ich weiß, was ich liebe — und das ist ein guter Anfang.""

„Was willst du mal werden?"" — eine kleine Frage mit großem Druck. Besonders für neurodivergente Kinder, die keine schnelle Antwort haben. Dieser Ratgeber nimmt den Druck raus und verschiebt den Fokus: vom Berufswunsch zum Interesse.

——————————————————————
WAS IST IM RATGEBER ENTHALTEN?
——————————————————————
✦ Vorlesegeschichte (3 Seiten) — Lernolotl, Papa, Mama und Herr Mayer
✦ Fachartikel: Das Interesse kommt vor dem Beruf
✦ Expertentipps: Zukunftsgespräche ohne Druck führen
✦ Gesprächsleitfaden mit Antwortvorschlägen
✦ Begleitgeschichte (6 Seiten) für Kinder ab 5 Jahren
✦ Familien-Spiel: Das Zukunfts-Orakel (6 Richtungskarten)
✦ Mitmachseite 1: Mein Interessenkompass
✦ Mitmachseite 2: Meine Richtungskarte (ausfüllen, laminieren, in 1 Jahr wiederholen)

↓ Sofort-Download · PDF · 17 Seiten · A4 · Druckfertig
© NeuroTeacherTools · lernolotl.de · Nur für privaten und pädagogischen Gebrauch",3.9,EUR,999,"Lernolotl,Vorlesegeschichte_PDF,Kinder_Ratgeber,Neurodiversität_Kind,Grundschule_Inklusion,Berufswunsch_Kinder,Zukunft_Kinder_Schule,Interessen_Grundschule,Begleitgeschichte_deutsch,Berufsorientierung_PDF,Träume_Kinder,ADHS_Selbstfindung,Gefühle_Kinder",,https://i.etsystatic.com/64486107/r/il/98b3d8/7889042971/il_fullxfull.7889042971_gly0.jpg,https://i.etsystatic.com/64486107/r/il/ac4555/7889043063/il_fullxfull.7889043063_oaa1.jpg,https://i.etsystatic.com/64486107/r/il/860e71/7889043217/il_fullxfull.7889043217_dsbz.jpg,https://i.etsystatic.com/64486107/r/il/22c903/7841093114/il_fullxfull.7841093114_oldm.jpg,https://i.etsystatic.com/64486107/r/il/113688/7841093256/il_fullxfull.7841093256_2i9n.jpg,https://i.etsystatic.com/64486107/r/il/72fbbc/7841093364/il_fullxfull.7841093364_j6vf.jpg,https://i.etsystatic.com/64486107/r/il/a31d42/7889043583/il_fullxfull.7889043583_kx69.jpg,https://i.etsystatic.com/64486107/r/il/4b8638/7841093512/il_fullxfull.7841093512_hq77.jpg,https://i.etsystatic.com/64486107/r/il/3cacfb/7889043735/il_fullxfull.7889043735_mqm7.jpg,,,,,,,,,,,
"Traurigkeit Kinder – Vorlesegeschichte + Ratgeber Nr 32 PDF | Gefühle begleiten | Lernolotl Ich-bin-Ich-Reihe","„Traurig sein darf ich. Das macht mich nicht schwach — das macht mich ehrlich.""

Manchmal kommt Traurigkeit einfach — ohne Ankündigung, ohne Grund. Der Lernolotl weiß nicht, was er damit anfangen soll. Bis Oma Hilde erklärt: Traurigkeit ist wie ein Gast. Man muss ihn nur reinlassen.

Dieser Ratgeber hilft Eltern zu begleiten, ohne zu lösen — und gibt Kindern Werkzeuge, um Traurigkeit zu benennen, ohne von ihr überwältigt zu werden.

——————————————————————
WAS IST IM RATGEBER ENTHALTEN?
——————————————————————
✦ Vorlesegeschichte (3 Seiten) — Lernolotl und Oma Hilde
✦ Fachartikel: Traurigkeit ohne Grund — warum das normal ist
✦ Expertentipps: Validieren statt wegmachen
✦ Gesprächsleitfaden mit Antwortvorschlägen
✦ Begleitgeschichte (6 Seiten) für Kinder ab 5 Jahren
✦ Familien-Spiel: Die Gefühls-Wetterkarte (8 Wettertypen)
✦ Mitmachseite 1: Mein Gefühls-Wetterbericht
✦ Mitmachseite 2: Gefühls-Wochentagebuch
✦ 4-Schritte-Traurigkeits-Plan (laminierbar)

↓ Sofort-Download · PDF · 17 Seiten · A4 · Druckfertig
© NeuroTeacherTools · lernolotl.de · Nur für privaten und pädagogischen Gebrauch",3.9,EUR,999,"Lernolotl,Vorlesegeschichte_PDF,Kinder_Ratgeber,Neurodiversität_Kind,Grundschule_Inklusion,Traurigkeit_Kinder,Trauer_Kind_begleiten,Emotionen_Grundschule,Begleitgeschichte_deutsch,Gefühlstagebuch_Kind,Validation_Kinder,ADHS_Emotionen,Gefühle_Kinder",,https://i.etsystatic.com/64486107/r/il/57f462/7889037855/il_fullxfull.7889037855_8nm8.jpg,https://i.etsystatic.com/64486107/r/il/4f7989/7841087870/il_fullxfull.7841087870_gnx1.jpg,https://i.etsystatic.com/64486107/r/il/2075b6/7841088046/il_fullxfull.7841088046_4rxc.jpg,https://i.etsystatic.com/64486107/r/il/483a88/7889038143/il_fullxfull.7889038143_moay.jpg,https://i.etsystatic.com/64486107/r/il/af3084/7841088194/il_fullxfull.7841088194_isg6.jpg,https://i.etsystatic.com/64486107/r/il/adfa32/7841088290/il_fullxfull.7841088290_govh.jpg,https://i.etsystatic.com/64486107/r/il/e188c2/7841088398/il_fullxfull.7841088398_ampd.jpg,https://i.etsystatic.com/64486107/r/il/f1ec9f/7889038465/il_fullxfull.7889038465_c057.jpg,https://i.etsystatic.com/64486107/r/il/e36192/7841088592/il_fullxfull.7841088592_4nb0.jpg,,,,,,,,,,,
"Stärken Kinder – Vorlesegeschichte + Ratgeber Nr 31 PDF | Superkräfte entdecken | Lernolotl Ich-bin-Ich-Reihe","„Stärken sieht man am besten von außen — deshalb braucht jeder manchmal jemanden, der sagt: Das kannst du wirklich gut.""

Was leichtfällt, wird gemacht — aber selten benannt. Kinder entwickeln so ein inneres Bild, das hauptsächlich aus dem besteht, was schwerfällt. Die Superkräfte-Karte ändert das.

Dieser Ratgeber hilft Eltern, die echten Stärken ihres Kindes konkret und glaubwürdig zu benennen — und gibt Kindern ein sichtbares Bild von dem, was sie können.

——————————————————————
WAS IST IM RATGEBER ENTHALTEN?
——————————————————————
✦ Vorlesegeschichte (3 Seiten) — Lernolotl, Mama, Finn und Herr Mayer
✦ Fachartikel: Warum Kinder ihre Stärken nicht sehen
✦ Expertentipps: Stärken konkret benennen (nicht allgemein loben)
✦ Gesprächsleitfaden mit Antwortvorschlägen
✦ Begleitgeschichte  (6 Seiten) für Kinder ab 5 Jahren
✦ Familien-Spiel: Stärken-Bingo (8 Felder + Frei-Feld)
✦ Mitmachseite 1: Meine Superkräfte-Zeichnung
✦ Mitmachseite 2: Superkräfte-Karte (ausfüllen, laminieren, aufhängen)

↓ Sofort-Download · PDF · 17 Seiten · A4 · Druckfertig
© NeuroTeacherTools · lernolotl.de · Nur für privaten und pädagogischen Gebrauch",3.9,EUR,999,"Lernolotl,Vorlesegeschichte_PDF,Kinder_Ratgeber,Neurodiversität_Kind,Grundschule_Inklusion,Stärken_Kinder,Superkräfte_Kinder,Selbstwert_Grundschule,Begleitgeschichte_deutsch,Selbstvertrauen_Kind,Stärkenkarte_PDF,ADHS_Selbstwert,Gefühle_Kinder",,https://i.etsystatic.com/64486107/r/il/495dec/7841082774/il_fullxfull.7841082774_6x3o.jpg,https://i.etsystatic.com/64486107/r/il/966e01/7889032825/il_fullxfull.7889032825_fmod.jpg,https://i.etsystatic.com/64486107/r/il/b447a3/7841083028/il_fullxfull.7841083028_cfer.jpg,https://i.etsystatic.com/64486107/r/il/979871/7841083150/il_fullxfull.7841083150_5a3a.jpg,https://i.etsystatic.com/64486107/r/il/5efe72/7889033139/il_fullxfull.7889033139_8gha.jpg,https://i.etsystatic.com/64486107/r/il/dd8d4b/7841083272/il_fullxfull.7841083272_1em5.jpg,https://i.etsystatic.com/64486107/r/il/44126b/7841083350/il_fullxfull.7841083350_pp97.jpg,https://i.etsystatic.com/64486107/r/il/6d082a/7841083432/il_fullxfull.7841083432_ljjs.jpg,https://i.etsystatic.com/64486107/r/il/4ae780/7889033339/il_fullxfull.7889033339_4mia.jpg,,,,,,,,,,,
"Perfektionismus Kinder – Vorlesegeschichte + Ratgeber Nr 30 PDF | Gut genug | Lernolotl Ich-bin-Ich-Reihe","„Gut genug ist nicht aufgeben — gut genug bedeutet: Ich habe wirklich mein Bestes gegeben.""

Dein Kind fängt nie an — weil es Angst hat, nicht perfekt zu sein? Oder wirft alles weg, weil es nicht so aussieht wie im Kopf? Das ist Perfektionismus. Und er ist bei neurodivergenten Kindern häufig besonders ausgeprägt.

Dieser Ratgeber erklärt, warum Ideen im Kopf immer besser aussehen als auf Papier (Wahrnehmungs-Ausführungslücke) — und gibt Kindern und Eltern die Drei-Gut-genug-Fragen als Werkzeug.

——————————————————————
WAS IST IM RATGEBER ENTHALTEN?
——————————————————————
✦ Vorlesegeschichte (3 Seiten) — Lernolotl und Mama
✦ Fachartikel: Perfektionismus und Prokrastination bei neurodivergenten Kindern
✦ Expertentipps: Prozessloben statt Ergebnisloben
✦ Gesprächsleitfaden mit Antwortvorschlägen
✦ Begleitgeschichte  (6 Seiten) für Kinder ab 5 Jahren
✦ Familien-Spiel: Perfekt oder gut genug? (6 Situationen)
✦ Mitmachseite 1: Bild im Kopf vs. mit Händen zeichnen
✦ Mitmachseite 2: Fehlertagebuch (laminierbar)

↓ Sofort-Download · PDF · 17 Seiten · A4 · Druckfertig
© NeuroTeacherTools · lernolotl.de · Nur für privaten und pädagogischen Gebrauch",3.9,EUR,999,"Lernolotl,Vorlesegeschichte_PDF,Kinder_Ratgeber,Neurodiversität_Kind,Grundschule_Inklusion,Perfektionismus_Kind,Gut_genug_Kinder,Prokrastination_Kind,Begleitgeschichte__deutsch,Fehlerkultur_Kinder,ADHS_Selbstwert,Autismus_Schule,Gefühle_Kinder",,https://i.etsystatic.com/64486107/r/il/d5b671/7841079178/il_fullxfull.7841079178_6c8c.jpg,https://i.etsystatic.com/64486107/r/il/2b5c0d/7841079236/il_fullxfull.7841079236_dobs.jpg,https://i.etsystatic.com/64486107/r/il/ea3e24/7889029225/il_fullxfull.7889029225_l724.jpg,https://i.etsystatic.com/64486107/r/il/136468/7889029299/il_fullxfull.7889029299_7wu3.jpg,https://i.etsystatic.com/64486107/r/il/3c02f6/7841079506/il_fullxfull.7841079506_ck5p.jpg,https://i.etsystatic.com/64486107/r/il/04a4ac/7889029431/il_fullxfull.7889029431_cqlg.jpg,https://i.etsystatic.com/64486107/r/il/219ba5/7889029515/il_fullxfull.7889029515_c6r3.jpg,https://i.etsystatic.com/64486107/r/il/52bf98/7889029587/il_fullxfull.7889029587_cbm1.jpg,https://i.etsystatic.com/64486107/r/il/2721b2/7841079748/il_fullxfull.7841079748_6lhh.jpg,,,,,,,,,,,
"Dankbarkeit Kinder – Vorlesegeschichte + Ratgeber Nr 26 PDF | Drei-Dinge-Ritual | Lernolotl Ich-bin-Ich-Reihe","„Dankbarkeit ist kein Gefühl — sie ist eine Übung.""

Unser Gehirn sucht automatisch nach Problemen. Das ist normal — und hat sogar einen Namen: Negativity Bias. Dankbarkeit ist die Gegenbewegung. Und sie lässt sich trainieren — auch bei Kindern.

Dieser Ratgeber begleitet den Lernolotl und Oma Hilde beim Entdecken der kleinen Dinge, die das Leben schöner machen.

——————————————————————
WAS IST IM RATGEBER ENTHALTEN?
——————————————————————
✦ Vorlesegeschichte (3 Seiten) — Lernolotl, Oma Hilde und Herr Mayer
✦ Fachartikel: Was ist der Negativity Bias? (Eltern-Fachinput)
✦ Expertentipps + Gesprächsleitfaden
✦ Begleitgeschichte  (6 Seiten) für Kinder ab 5 Jahren
✦ Familien-Spiel: Dankbarkeits-Detektiv (5 Aufgaben)
✦ Mitmachseite 1: Mein Dankbarkeits-Bild
✦ Mitmachseite 2: 5-Tage-Dankbarkeits-Tagebuch
✦ Das Drei-Dinge-Ritual — als Abendgewohnheit einführen (laminierbar)

↓ Sofort-Download · PDF · 17 Seiten · A4 · Druckfertig
© NeuroTeacherTools · lernolotl.de · Nur für privaten und pädagogischen Gebrauch",3.9,EUR,999,"Lernolotl,Vorlesegeschichte_PDF,Kinder_Ratgeber,Neurodiversität_Kind,Grundschule_Inklusion,Dankbarkeit_Kinder,Dankbarkeit_Ritual,Tagebuch_Kinder_PDF,Begleitgeschichte__deutsch,Positives_Denken_Kind,Achtsamkeit_Grundschule,Drei_Dinge_Ritual,Gefühle_Kinder",,https://i.etsystatic.com/64486107/r/il/dfde40/7889002197/il_fullxfull.7889002197_2tx5.jpg,https://i.etsystatic.com/64486107/r/il/b3626e/7841052402/il_fullxfull.7841052402_k847.jpg,https://i.etsystatic.com/64486107/r/il/e91e72/7841052568/il_fullxfull.7841052568_ma5q.jpg,https://i.etsystatic.com/64486107/r/il/211420/7841052608/il_fullxfull.7841052608_fgfh.jpg,https://i.etsystatic.com/64486107/r/il/24820c/7889002517/il_fullxfull.7889002517_iiug.jpg,https://i.etsystatic.com/64486107/r/il/ad940c/7841052734/il_fullxfull.7841052734_api1.jpg,https://i.etsystatic.com/64486107/r/il/5f9f37/7889002641/il_fullxfull.7889002641_641q.jpg,https://i.etsystatic.com/64486107/r/il/613e30/7841052924/il_fullxfull.7841052924_fbdb.jpg,https://i.etsystatic.com/64486107/r/il/fc759d/7841052986/il_fullxfull.7841052986_t0vg.jpg,,,,,,,,,,,
"Nein sagen Kinder – Vorlesegeschichte + Ratgeber Nr 29 PDF | Grenzen setzen | Lernolotl Ich-bin-Ich-Reihe","„Nein ist kein böses Wort — es ist das Wort, das sagt: Das gehört mir.""

Viele Kinder sagen Ja, wenn sie Nein meinen. Besonders neurodivergente Kinder, die gelernt haben, Konflikte zu vermeiden (Fawn-Reaktion). Dieser Ratgeber gibt Kindern und Eltern ein gemeinsames Werkzeug — die Nein-Leiter.

——————————————————————
WAS IST IM RATGEBER ENTHALTEN?
——————————————————————
✦ Vorlesegeschichte (3 Seiten) — Lernolotl, Lena und Jonas
✦ Fachartikel: Fawn-Reaktion bei neurodivergenten Kindern
✦ Expertentipps: Grenzen als Langzeitschutz einüben
✦ Gesprächsleitfaden mit Antwortvorschlägen
✦ Begleitgeschichte  (6 Seiten) für Kinder ab 5 Jahren
✦ Familien-Spiel: Ja-oder-Nein? (5 Alltagsszenarien)
✦ Mitmachseite 1: Bauchknoten-Bild + Mein Besitz-Kreis
✦ Mitmachseite 2: Die Nein-Leiter (4 Stufen, laminierbar)

↓ Sofort-Download · PDF · 17 Seiten · A4 · Druckfertig
© NeuroTeacherTools · lernolotl.de · Nur für privaten und pädagogischen Gebrauch",3.9,EUR,999,"Lernolotl,Vorlesegeschichte_PDF,Kinder_Ratgeber,Neurodiversität_Kind,Grundschule_Inklusion,Nein_sagen_Kinder,Grenzen_setzen_Kind,Selbstbehauptung_Kind,Begleitgeschichte_deutsch,Mobbing_Prävention,Autismus_Grenzen,ADHS_Selbstschutz,Gefühle_Kinder",,https://i.etsystatic.com/64486107/r/il/b6115e/7889025095/il_fullxfull.7889025095_s5fq.jpg,https://i.etsystatic.com/64486107/r/il/edb88a/7841075330/il_fullxfull.7841075330_4mj1.jpg,https://i.etsystatic.com/64486107/r/il/495e4b/7841075508/il_fullxfull.7841075508_ksu5.jpg,https://i.etsystatic.com/64486107/r/il/b48dc6/7889025435/il_fullxfull.7889025435_1vks.jpg,https://i.etsystatic.com/64486107/r/il/5f389a/7889025491/il_fullxfull.7889025491_ijid.jpg,https://i.etsystatic.com/64486107/r/il/28d76a/7889025597/il_fullxfull.7889025597_sn7v.jpg,https://i.etsystatic.com/64486107/r/il/210907/7889025661/il_fullxfull.7889025661_iu9d.jpg,https://i.etsystatic.com/64486107/r/il/27cf17/7841075848/il_fullxfull.7841075848_4jt0.jpg,https://i.etsystatic.com/64486107/r/il/c7fe1f/7841075882/il_fullxfull.7841075882_obf1.jpg,,,,,,,,,,,
"Langeweile Kinder – Vorlesegeschichte + Ratgeber Nr28 PDF | Kreativität fördern | Lernolotl Ich-bin-Ich-Reihe","„Langeweile ist nicht leer — sie ist der Platz, wo Ideen wachsen.""

„Mir ist langweilig!"" — Viele Eltern kennen diesen Satz. Und suchen sofort eine Beschäftigung. Aber Langeweile hat einen Wert. Sie aktiviert das Default Mode Network im Gehirn — und genau dort entstehen die besten Ideen.

Dieser Ratgeber erklärt, warum Langeweile kein Problem ist. Und zeigt Eltern, wie sie aushalten können, dass ihr Kind sich manchmal einfach nichts wünscht.

——————————————————————
WAS IST IM RATGEBER ENTHALTEN?
——————————————————————
✦ Vorlesegeschichte (3 Seiten) — Lernolotl und Papa
✦ Fachartikel: Das Default Mode Network und kreative Langeweile
✦ Expertentipps: Die Langeweile-Box einrichten
✦ Gesprächsleitfaden mit Antwortvorschlägen
✦ Begleitgeschichte  (6 Seiten) für Kinder ab 5 Jahren
✦ Familien-Spiel: Was siehst du? (Kreativitäts-Spiel)
✦ Mitmachseite 1: Mein Fantasieland (Zeichnen & Beschreiben)
✦ Mitmachseite 2: 5-Felder-Ideen-Tagebuch

↓ Sofort-Download · PDF · 17 Seiten · A4 · Druckfertig
© NeuroTeacherTools · lernolotl.de · Nur für privaten und pädagogischen Gebrauch",3.9,EUR,999,"Lernolotl,Vorlesegeschichte_PDF,Kinder_Ratgeber,Neurodiversität_Kind,Grundschule_Inklusion,Langeweile_Kinder,Kreativität_fördern,ADHS_Beschäftigung,Begleitgeschichte__deutsch,Ideen_Tagebuch_Kind,Fantasie_Kinder_PDF,Freie_Zeit_Kinder,Gefühle_Kinder",,https://i.etsystatic.com/64486107/r/il/e2b222/7889014407/il_fullxfull.7889014407_45mv.jpg,https://i.etsystatic.com/64486107/r/il/9e261c/7841064826/il_fullxfull.7841064826_axil.jpg,https://i.etsystatic.com/64486107/r/il/af6d91/7841065002/il_fullxfull.7841065002_ctch.jpg,https://i.etsystatic.com/64486107/r/il/af6176/7841065058/il_fullxfull.7841065058_co0w.jpg,https://i.etsystatic.com/64486107/r/il/a32db4/7841065122/il_fullxfull.7841065122_lwpb.jpg,https://i.etsystatic.com/64486107/r/il/3ed88b/7889014893/il_fullxfull.7889014893_8jry.jpg,https://i.etsystatic.com/64486107/r/il/53be96/7841065310/il_fullxfull.7841065310_8eaw.jpg,https://i.etsystatic.com/64486107/r/il/6d677a/7841065390/il_fullxfull.7841065390_neth.jpg,https://i.etsystatic.com/64486107/r/il/6ee08b/7889015169/il_fullxfull.7889015169_9p69.jpg,,,,,,,,,,,
"Identität Kinder – Vorlesegeschichte + Ratgeber Nr 27 PDF | Wer bin ich? | Lernolotl Ich-bin-Ich-Reihe","„Wer bin ich? — Eine Frage, die das ganze Leben begleitet.""

Der Lernolotl stellt sich die größte Frage überhaupt: Wer bin ich eigentlich? Kein Kind hat darauf sofort eine Antwort. Dieser Ratgeber hilft Kindern und Eltern, gemeinsam erste Antworten zu entdecken — ohne Druck, ohne fertige Schubladen.

Mit Eriksons Stufenmodell kindgerecht erklärt, einem Selbstkonzept-Artikel für Eltern und einem Ich-bin-ich-Steckbrief zum Ausfüllen.

——————————————————————
WAS IST IM RATGEBER ENTHALTEN?
——————————————————————
✦ Vorlesegeschichte (3 Seiten)
✦ Fachartikel: Identitätsentwicklung bei Kindern 6–12 Jahre
✦ Expertentipps: Defizit-Rückmeldungen bei neurodiversen Kindern
✦ Gesprächsleitfaden mit Antwortvorschlägen
✦ Begleitgeschichte  (6 Seiten) für Kinder ab 5 Jahren
✦ Familien-Spiel: Wer-bin-ich-Würfel (6 Tiefenfragen)
✦ Mitmachseite 1: Ausfüllbarer Ich-Steckbrief
✦ Mitmachseite 2: Wer-bin-ich-Würfel-Netz (ausschneiden & basteln)

↓ Sofort-Download · PDF · 17 Seiten · A4 · Druckfertig
© NeuroTeacherTools · lernolotl.de · Nur für privaten und pädagogischen Gebrauch",3.9,EUR,999,"Lernolotl,Vorlesegeschichte_PDF,Kinder_Ratgeber,Neurodiversität_Kind,Grundschule_Inklusion,Identität_Kinder,Wer_bin_ich_Kinder,Selbstkonzept_Kind,Begleitgeschichte__deutsch,Steckbrief_Kinder_PDF,Selbstbild_Grundschule,Autismus_Selbstbild,Gefühle_Kinder",,https://i.etsystatic.com/64486107/r/il/b0c02d/7889008745/il_fullxfull.7889008745_qwjt.jpg,https://i.etsystatic.com/64486107/r/il/8e4bb0/7841059290/il_fullxfull.7841059290_mer4.jpg,https://i.etsystatic.com/64486107/r/il/a27e7b/7889009017/il_fullxfull.7889009017_cudo.jpg,https://i.etsystatic.com/64486107/r/il/0d5e32/7889009101/il_fullxfull.7889009101_bu91.jpg,https://i.etsystatic.com/64486107/r/il/4ff394/7889009179/il_fullxfull.7889009179_5n25.jpg,https://i.etsystatic.com/64486107/r/il/9897c4/7889009291/il_fullxfull.7889009291_hcf5.jpg,https://i.etsystatic.com/64486107/r/il/462698/7889009351/il_fullxfull.7889009351_et56.jpg,https://i.etsystatic.com/64486107/r/il/3f1957/7841059848/il_fullxfull.7841059848_s8az.jpg,https://i.etsystatic.com/64486107/r/il/9dafc9/7889009523/il_fullxfull.7889009523_g1u3.jpg,,,,,,,,,,,
"Angst bei Kindern – Vorlesegeschichte + Ratgeber Nr 25 PDF | Bauchgefühl erklären | Lernolotl Ich-bin-Ich-Reihe","„Angst ist kein Fehler — sie ist ein Wächter.""

Der Lernolotl lernt eine neue Lehrerin kennen. Und plötzlich ist da dieses komische Gefühl im Bauch. Was ist das? Und was soll er damit machen?

Dieser Ratgeber erklärt Angst auf Augenhöhe: was im Körper passiert (Amygdala, Vagusnerv — kindgerecht erklärt), warum Angst kommt, und was wirklich hilft.

——————————————————————
WAS IST IM RATGEBER ENTHALTEN?
——————————————————————
✦ Vorlesegeschichte (3 Seiten) — Lernolotl, Papa und Frau Sommer
✦ Fachartikel: Wie Angst im Körper entsteht (kindgerecht)
✦ Expertentipps + Gesprächsleitfaden mit Antwortvorschlägen
✦ Begleitgeschichte  (6 Seiten) — einfache Sätze für Kinder ab 5 Jahren
✦ Familien-Spiel: Angst-oder-Aufregung? (6 Alltagssituationen)
✦ Mitmachseite 1: Wo sitzt meine Angst im Körper?
✦ Mitmachseite 2: Mein 4-Schritte-Angst-Plan (laminierbar)
✦ Atemübung: 4-4-4-Technik zum Üben

——————————————————————
FÜR WEN IST DIESER RATGEBER?
——————————————————————
→ Eltern von Kindern mit Schulangst, Trennungsangst oder allgemeiner Angst
→ Erzieherinnen in Kita und Grundschule
→ Kinder ab 5 Jahren, mit Eltern gemeinsam

↓ Sofort-Download · PDF · 17 Seiten · A4 · Druckfertig

Entwickelt von einer Grundschullehrerin mit Inklusionserfahrung.
© NeuroTeacherTools · lernolotl.de · Nur für privaten und pädagogischen Gebrauch",3.9,EUR,999,"Lernolotl,Vorlesegeschichte_PDF,Kinder_Ratgeber,Neurodiversität_Kind,Grundschule_Inklusion,Angst_Kinder,Schulangst_Grundschule,Atemübung_Kinder,Begleitgeschichte__deutsch,Angst_erklären_Kind,Bauchgefühl_Kinder,ADHS_Angst_Kind,Gefühle_Kinder",,https://i.etsystatic.com/64486107/r/il/a72bef/7841047918/il_fullxfull.7841047918_g0ez.jpg,https://i.etsystatic.com/64486107/r/il/e0cc92/7841048002/il_fullxfull.7841048002_pvns.jpg,https://i.etsystatic.com/64486107/r/il/9fc36d/7888997995/il_fullxfull.7888997995_67xe.jpg,https://i.etsystatic.com/64486107/r/il/6ba21d/7841048274/il_fullxfull.7841048274_fpko.jpg,https://i.etsystatic.com/64486107/r/il/bfa23d/7841048340/il_fullxfull.7841048340_5saq.jpg,https://i.etsystatic.com/64486107/r/il/858291/7841048432/il_fullxfull.7841048432_fkuu.jpg,https://i.etsystatic.com/64486107/r/il/215567/7888998291/il_fullxfull.7888998291_cop6.jpg,https://i.etsystatic.com/64486107/r/il/dab41e/7841048600/il_fullxfull.7841048600_e2bp.jpg,https://i.etsystatic.com/64486107/r/il/6f881e/7888998411/il_fullxfull.7888998411_55hc.jpg,,,,,,,,,,,
"ADHS Lehrer Komplett Bundle | Alle 5 Ratgeber | Classroom Management | Unterrichtsmethoden | Sofort Download | 43% Rabatt","**Alles, was du brauchst, um ADHS-Kinder erfolgreich zu unterrichten – in einem Paket.**

**🎯 Du bekommst alle 5 Ratgeber:**

1️⃣ **ADHS-Unterricht gestalten** – Motivation & Methoden (€6,99)
2️⃣ **Elterngespräche ADHS** – Leitfaden & Vorlagen (€6,99)
3️⃣ **ADHS-SOS** – Sofortlösungen für typische Probleme (€6,99)
4️⃣ **ADHS Classroom Management Toolkit** (€6,99)
5️⃣ **ADHS im Klassenraum** – Setup & Sitzordnung (€6,99)

**💰 Einzeln: €34,95 | Bundle: €19,99**
**✨ Du sparst: €14,96 (43% Rabatt)**

**🔥 Das bekommst du insgesamt:**

✅ Über 120 Seiten praxiserprobtes Wissen
✅ 20+ Bewegungspausen (fertig zum Umsetzen)
✅ Token-Systeme & Verstärker-Pläne
✅ Gesprächs-Skripte für Elterngespräche
✅ Quick-Reference-Karten für deinen Schreibtisch
✅ Sitzpläne, Checklisten, Tagesplan-Vorlagen
✅ Regelplakate zum Ausdrucken
✅ Dokumentations-Vorlagen
✅ 7-Tage-Aktionsplan

**🎓 Von der Motivation bis zur Raumgestaltung – komplett abgedeckt.**

**💡 Für wen?**
Lehrer, die ADHS-Kinder kompetent unterstützen wollen – mit System, nicht Chaos.

**📖 Kostenlos in alle Ratgeber reinlesen:**
https://autismus-adhs-alltag.de/leseproben/

**📥 Sofort-Download nach Kauf:**
- 5 PDF-Dateien
- Alle Vorlagen & Checklisten
- Kein Versand, keine Wartezeit

**💰 Preis: €19,99 (statt €34,95)**

**🔒 Rechtliches:**
- Nutzung für private und schulische Zwecke
- Keine Weitergabe oder Verkauf
- Copyright: Paul & Katharina Rawe

Verkäufer: Paul Rawe (Kleinunternehmer gem. § 19 UStG)
• Impressum: https://autismus-adhs-alltag.de/rechtliches/etsy-impressum.html
• AGB: https://autismus-adhs-alltag.de/rechtliches/etsy-agb.html
• Datenschutz: https://autismus-adhs-alltag.de/rechtliches/etsy-datenschutz.html",16.79,EUR,998,"adhs_bundle,lehrer_ratgeber_set,classroom_management,adhs_unterricht,lehrmaterial_bundle,grundschule,komplett_paket,adhs_kinder,unterrichtsmethoden,elternarbeit,verhaltensmanagement,sparpaket_lehrer,digital_download",,https://i.etsystatic.com/64486107/r/il/062bfe/7749927539/il_fullxfull.7749927539_gfwf.jpg,https://i.etsystatic.com/64486107/r/il/ee7a84/7745011223/il_fullxfull.7745011223_pmmz.jpg,https://i.etsystatic.com/64486107/r/il/6c96f4/7697064772/il_fullxfull.7697064772_sirz.jpg,https://i.etsystatic.com/64486107/r/il/72f855/7697064774/il_fullxfull.7697064774_ajrp.jpg,https://i.etsystatic.com/64486107/r/il/042a8e/7697064776/il_fullxfull.7697064776_brwj.jpg,https://i.etsystatic.com/64486107/r/il/667e7b/7745011231/il_fullxfull.7745011231_c6qi.jpg,,,,,,,,,,,,,,
"ADHS Hausaufgaben Notfallplan - Exekutive Dysfunktion Strategien Eltern - Chunking Body Doubling Motivationshilfen PDF","Hausaufgaben dauern Stunden statt Minuten. Dein Kind blockiert komplett beim Anblick des leeren Blatts. Tränen, Wutausbrüche, Verzweiflung - jeden Tag derselbe Kampf.

**Du denkst: ""Warum kann mein Kind das nicht einfach machen?""**

Die Antwort: **ADHS-Gehirne funktionieren anders. Das ist keine Willensfrage - das ist Neurobiologie.**

Dieser Notfallplan erklärt die wissenschaftlichen Grundlagen UND gibt dir konkrete Strategien, die HEUTE funktionieren.

✅ **Was du lernst (43 Seiten wissenschaftlich fundiert):**

**🧠 TEIL 1: WISSENSCHAFTLICHE GRUNDLAGEN**
• Warum ADHS-Kinder bei Hausaufgaben kämpfen (Exekutive Dysfunktion erklärt)
• Arbeitsgedächtnis, Zeitblindheit, Impulskontrolle - verständlich erklärt
• Warum ""einfach anfangen"" NICHT funktioniert
• Basierend auf: Barkley, Brown, Hallowell (führende ADHS-Forscher)

**⚡ TEIL 2: VOR DEN HAUSAUFGABEN**
• Arbeitsplatz-Optimierung (Reizreduzierung, aber richtig!)
• Richtiger Zeitpunkt (nicht sofort nach Schule!)
• Energie-Check (Tank leer = keine Hausaufgaben möglich)
• Material-Checkliste (kein Suchen während Hausaufgaben!)

**📚 TEIL 3: WÄHREND DER HAUSAUFGABEN**
• **Chunking-Methode** - große Aufgaben in winzige Schritte zerlegen
• **Pomodoro für ADHS** - 10 Minuten Fokus, 5 Minuten Pause (angepasst!)
• **Body-Doubling** - warum Anwesenheit allein hilft
• **Fidget-Tools** - welche helfen, welche stören
• **Motivationsstrategien** (bei ADHS braucht's mehr als ""Du schaffst das!"")
• **Notfall-Interventionen bei Blockaden** - wenn gar nichts geht

**✅ TEIL 4: NACH DEN HAUSAUFGABEN**
• Erfolge sichtbar machen (Dopamin-Boost!)
• Reflexionsfragen (ohne Druck)
• Belohnungssysteme, die funktionieren

**🚨 TEIL 5: NOTFALLPLAN**
• Wann abbrechen? (Ja, manchmal MUSS man abbrechen!)
• Plan B: Reduzierte Hausaufgaben mit Lehrkraft klären
• Nachteilsausgleich beantragen (Musterantrag enthalten!)

**📧 TEIL 6: KOMMUNIKATION MIT LEHRKRAFT**
• Musterbrief ""ADHS erklären""
• Antrag Nachteilsausgleich (copy & paste ready)
• Feedback-Protokoll für Zusammenarbeit

**💳 BONUS: QUICK-REFERENCE-KARTE**
• Die 10 wichtigsten Tipps
• Laminierbar (Kreditkartenformat)
• Immer griffbereit!

📚 **Wissenschaftlich fundiert - Praxiserprobt**
Basiert auf Russell Barkley, Thomas E. Brown, Edward Hallowell - den führenden ADHS-Experten weltweit.

**Aber:** Übersetzt in Alltagssprache. Sofort umsetzbar. Keine akademische Theorie.

🎯 **Perfekt für:**
• Eltern von Kindern mit ADHS (Grundschule bis Mittelstufe, 6-14 Jahre)
• Lehrkräfte, die ADHS-Schüler:innen besser unterstützen wollen
• Therapeut:innen & Lerncoaches
• Schulbegleiter:innen

📥 **Das bekommst du:**
• 43-seitiges PDF (sofort nach Kauf)
• Druckoptimiert für A4
• 6+ Checklisten zum Ausdrucken
• 3 Arbeitsblätter (Chunking-Planer, Timer-Tracker, Feedback)
• Laminierbare Notfallkarte (Kreditkartenformat)
• Musterbriefe für Lehrkräfte
• 18 wissenschaftliche Quellen
• **Leseprobe verfügbar:** https://autismus-adhs-alltag.de/leseproben/hausaufgaben-adhs-preview.html

💶 **Preis:** €9,99 (einmalig)

🔒 **Nutzungsrechte:** Privat + Schulische Nutzung | Keine kommerzielle Weitergabe

**Schluss mit Hausaufgaben-Kämpfen. Basiert auf Wissenschaft. Funktioniert in der Praxis.**

---

**Rechtliche Hinweise:**
Verkäufer: Paul Rawe (Kleinunternehmer gem. § 19 UStG)
• Impressum: https://autismus-adhs-alltag.de/rechtliches/etsy-impressum.html
• AGB: https://autismus-adhs-alltag.de/rechtliches/etsy-agb.html
• Datenschutz: https://autismus-adhs-alltag.de/rechtliches/etsy-datenschutz.html",8.39,EUR,998,"lernstrategien_adhs,adhs_schule,hausaufgabenstress,adhs_alltag,body_doubling,chunking_methode,adhs_motivation,hausaufgaben_strategien,adhs_eltern,exekutive_funktionen,adhs_kinder,hausaufgaben_hilfe,adhs_hausaufgaben",,https://i.etsystatic.com/64486107/r/il/7bd18c/7696844286/il_fullxfull.7696844286_dy6p.jpg,https://i.etsystatic.com/64486107/r/il/31253c/7696840842/il_fullxfull.7696840842_6zi7.jpg,https://i.etsystatic.com/64486107/r/il/b89fc8/7744787321/il_fullxfull.7744787321_lti0.jpg,https://i.etsystatic.com/64486107/r/il/541b5d/7744787519/il_fullxfull.7744787519_ey3u.jpg,https://i.etsystatic.com/64486107/r/il/a2a295/7744787717/il_fullxfull.7744787717_khut.jpg,https://i.etsystatic.com/64486107/r/il/0daddc/7744787907/il_fullxfull.7744787907_jeu1.jpg,,,,,,,,,,,,,,
"Streit Versöhnung Kinder PDF Ratgeber Nr 23| Entschuldigung Grundschule | Begleitgeschichte Autismus ADHS","Nach dem Streit: keiner weiß, wer anfangen soll. Dein Kind wartet — und die Freundschaft liegt auf Eis.

Dieser Ratgeber hilft Kindern, den ersten Schritt zur Versöhnung zu machen — ohne das Gefühl, zu verlieren. Eine ehrliche Geschichte über eine echte Entschuldigung, die mehr ist als „Sorry.""

**Was ist drin:**
- Vorlesegeschichte: Lernolotl und Finn nach einem echten Streit — und der Weg zurück
- 4 Seiten Elternratgeber: Versöhnung als Prozess, konkrete Sätze üben, Schuld und Entschuldigung trennen
- Begleitgeschichte (6 Seiten) — den ersten Schritt machen ist Stärke
- Familien-Spiel: Was würdest du sagen? — den richtigen Satz finden
- 2 Mitmachseiten
- 16 Seiten, A4, sofort druckbar

**Für wen:**
Eltern und Pädagoginnen, die Kindern helfen wollen, Konflikte zu lösen — ohne auf den anderen zu warten.",3.9,EUR,999,"streit_versöhnen_kinder,entschuldigung_lernen_kind,autismus_konflikt,adhs_streit_lösen,begleitgeschichte_deutsch,vorlesegeschichte_streit,erster_schritt_versöhnung,freundschaft_reparieren,familienratgeber_pdf,lernolotl_download,neurodivergent_konflikt,pädagogik_versöhnung,gefühle_kinder",,https://i.etsystatic.com/64486107/r/il/d0d877/7828213162/il_fullxfull.7828213162_4arm.jpg,https://i.etsystatic.com/64486107/r/il/c02184/7876164653/il_fullxfull.7876164653_sg0k.jpg,https://i.etsystatic.com/64486107/r/il/64f1d5/7876164735/il_fullxfull.7876164735_qxjs.jpg,https://i.etsystatic.com/64486107/r/il/921432/7828213362/il_fullxfull.7828213362_7v9b.jpg,https://i.etsystatic.com/64486107/r/il/ad3718/7876164829/il_fullxfull.7876164829_kwmk.jpg,https://i.etsystatic.com/64486107/r/il/056429/7876164873/il_fullxfull.7876164873_4yol.jpg,https://i.etsystatic.com/64486107/r/il/e490d6/7828213508/il_fullxfull.7828213508_g2ax.jpg,https://i.etsystatic.com/64486107/r/il/aa22df/7876164941/il_fullxfull.7876164941_77hl.jpg,https://i.etsystatic.com/64486107/r/il/a0e45b/7828213576/il_fullxfull.7828213576_p7dz.jpg,,,,,,,,,,,
"Gute schlechte Geheimnisse Kinder PDF Ratgeber Nr 22| Kinderschutz Grundschule | Begleitgeschichte Autismus Download","„Versprich mir, dass du nichts sagst."" — Was tut dein Kind, wenn ein Geheimnis schwer wird?

Dieser Ratgeber ist eines der wichtigsten Werkzeuge für Kinderschutz im Alltag: Er erklärt den Unterschied zwischen guten und schlechten Geheimnissen — und warum manche Versprechen gebrochen werden dürfen.

**Was ist drin:**
- Vorlesegeschichte: Finn vertraut dem Lernolotl ein schweres Geheimnis an — und der weiß, was zu tun ist
- 4 Seiten Elternratgeber: Kinderschutz, gute/schlechte Geheimnisse, Körperkompass
- Begleitgeschichte (6 Seiten) — ein schweres Geheimnis muss ich nicht alleine tragen
- Familien-Spiel: Das Geheimnis-Sortier-Spiel 🌟🪨
- 2 Mitmachseiten
- 16 Seiten, A4, sofort druckbar

**Für wen:**
Alle Eltern und Pädagoginnen — dieses Thema betrifft jedes Kind. Besonders wichtig für neurodivergente Kinder mit ausgeprägtem Regelbewusstsein.",3.9,EUR,999,"gutes_schlechtes_geheimnis,kinderschutz_grundschule,geheimnis_kind_erklären,autismus_regeln_versprechen,begleitgeschichte_deutsch,adhs_kinderschutz,schweigen_lernen_kind,versprechen_brechen_kind,familienratgeber_pdf,lernolotl_download,neurodivergent_schutz,pädagogik_kinderschutz,sicherheit_kinder",,https://i.etsystatic.com/64486107/r/il/d1f77a/7876161955/il_fullxfull.7876161955_76ip.jpg,https://i.etsystatic.com/64486107/r/il/5b7801/7876162045/il_fullxfull.7876162045_slzm.jpg,https://i.etsystatic.com/64486107/r/il/c6afe4/7876162169/il_fullxfull.7876162169_i097.jpg,https://i.etsystatic.com/64486107/r/il/224b70/7876162225/il_fullxfull.7876162225_949a.jpg,https://i.etsystatic.com/64486107/r/il/be4327/7876162251/il_fullxfull.7876162251_cqbo.jpg,https://i.etsystatic.com/64486107/r/il/e0c1d1/7876162291/il_fullxfull.7876162291_lsd9.jpg,https://i.etsystatic.com/64486107/r/il/a22aff/7876162327/il_fullxfull.7876162327_6ppq.jpg,https://i.etsystatic.com/64486107/r/il/b18d7c/7828210876/il_fullxfull.7828210876_1l5v.jpg,https://i.etsystatic.com/64486107/r/il/0bf947/7876162419/il_fullxfull.7876162419_taih.jpg,,,,,,,,,,,
"Neue Freundschaft Kinder PDF Ratgeber Nr 21| Inklusion Anderssein Grundschule | Begleitgeschichte Autismus Download","Ein neues Kind in der Klasse. Es ist anders. Und dein Kind weiß nicht, wie es sich annähern soll — ohne aufzudrängen.

Dieser Ratgeber begleitet Kinder durch das schöne und schwierige Thema Inklusion: wie man jemanden einlädt, ohne zu überfordern. Wie echte Verbindung entsteht — über gemeinsame Interessen.

**Was ist drin:**
- Vorlesegeschichte: Lernolotl und Sofia — eine Annäherung über Steine und das Meer
- 4 Seiten Elternratgeber: Inklusion, Anderssein anerkennen, Freundschaft über Sonderinteressen
- Begleitgeschichte (6 Seiten) — Nähe ohne Invasion
- Familien-Spiel: Das Brücken-Spiel — was könnte uns verbinden?
- 2 Mitmachseiten
- 16 Seiten, A4, sofort druckbar

**Für wen:**
Eltern und Lehrerinnen, die Kindern beibringen wollen, auf andere zuzugehen — ohne zu drängen.",3.9,EUR,999,"inklusion_kinder,neues_kind_klasse,anders_sein_kind,autismus_inklusion,begleitgeschichte_deutsch,adhs_neue_freunde,sonderinteressen_freundschaft,nähe_ohne_invasion,familienratgeber_pdf,lernolotl_download,neurodivergent_inklusion,grundschule_freundschaft,anderssein_akzeptieren",,https://i.etsystatic.com/64486107/r/il/654097/7876159257/il_fullxfull.7876159257_c6fx.jpg,https://i.etsystatic.com/64486107/r/il/65d0c2/7828207928/il_fullxfull.7828207928_4j0e.jpg,https://i.etsystatic.com/64486107/r/il/8886c4/7876159457/il_fullxfull.7876159457_8zmt.jpg,https://i.etsystatic.com/64486107/r/il/8d7d64/7828207994/il_fullxfull.7828207994_73an.jpg,https://i.etsystatic.com/64486107/r/il/c860ba/7828208054/il_fullxfull.7828208054_o41w.jpg,https://i.etsystatic.com/64486107/r/il/7084a0/7828208106/il_fullxfull.7828208106_haz0.jpg,https://i.etsystatic.com/64486107/r/il/867149/7828208132/il_fullxfull.7828208132_hu6k.jpg,https://i.etsystatic.com/64486107/r/il/13349c/7876159707/il_fullxfull.7876159707_fhh1.jpg,,,,,,,,,,,,
"Alleine sein wollen Kinder PDF Ratgeber Nr 20 | Soziale Erschöpfung Grundschule | Begleitgeschichte Autismus ADHS","Dein Kind zieht sich zurück — und du weißt nicht, ob das normal ist oder ob etwas nicht stimmt.

Dieser Ratgeber erklärt soziale Erschöpfung auf eine Weise, die Kinder und Eltern wirklich versteht: Manchmal ist der Kopf voll. Das ist keine Ablehnung — das ist Selbstfürsorge.

**Was ist drin:**
- Vorlesegeschichte: Lernolotl braucht eine Pause — und erklärt das seinem Freund
- 4 Seiten Elternratgeber: Soziale Erschöpfung, Masking, Erholungsbedarf bei ADHS und Autismus
- Begleitgeschichte (6 Seiten) — Nein sagen ohne Schuldgefühl
- Familien-Spiel: Das Glas-Spiel — wie voll ist mein Kopf?
- 2 Mitmachseiten
- 16 Seiten, A4, sofort druckbar

**Für wen:**
Eltern und Pädagoginnen, die verstehen wollen, warum manche Kinder nach sozialen Situationen Ruhe brauchen — und wie man das kindgerecht erklärt.",3.9,EUR,999,"soziale_erschöpfung_kind,alleine_sein_wollen,autismus_reizüberflutung,adhs_ruhe_brauchen,begleitgeschichte_deutsch,masking_kinder,nein_sagen_kind,selbstfürsorge_kinder,familienratgeber_pdf,lernolotl_download,neurodivergent_alltag,introvertiert_kind,pädagogik_grenzen",,https://i.etsystatic.com/64486107/r/il/4948ed/7876154327/il_fullxfull.7876154327_lfmt.jpg,https://i.etsystatic.com/64486107/r/il/c7d60c/7828202952/il_fullxfull.7828202952_gj4l.jpg,https://i.etsystatic.com/64486107/r/il/e0a1ed/7876154445/il_fullxfull.7876154445_tksh.jpg,https://i.etsystatic.com/64486107/r/il/853bd5/7876154483/il_fullxfull.7876154483_g2j8.jpg,https://i.etsystatic.com/64486107/r/il/a58ef4/7876154529/il_fullxfull.7876154529_1oln.jpg,https://i.etsystatic.com/64486107/r/il/a4a301/7828203160/il_fullxfull.7828203160_23p9.jpg,https://i.etsystatic.com/64486107/r/il/1aa67c/7876154603/il_fullxfull.7876154603_3z6i.jpg,https://i.etsystatic.com/64486107/r/il/7688c1/7828203222/il_fullxfull.7828203222_mjvf.jpg,https://i.etsystatic.com/64486107/r/il/9d746c/7828203270/il_fullxfull.7828203270_7u2y.jpg,,,,,,,,,,,
"Einladung ablehnen Kinder PDF Ratgeber Nr 18| Soziale Angst Grundschule | Begleitgeschichte Autismus ADHS Download","Dein Kind wurde eingeladen — und will jetzt doch nicht hin. Und du weißt nicht, ob du es drängen oder lassen sollst.

Dieser Ratgeber begleitet Eltern und Kinder durch den inneren Konflikt zwischen dem Wollen und dem Können — besonders wenn soziale Angst im Spiel ist.

**Was ist drin:**
- Vorlesegeschichte: Lernolotl will zur Party — und merkt kurz davor, dass er doch nicht kann
- 4 Seiten Elternratgeber: Soziale Angst vs. Unlust, wann drängen hilft und wann nicht
- Begleitgeschichte (6 Seiten)
- Familien-Spiel: Mein Energie-Check vor dem Ausgehen
- 2 Mitmachseiten
- 16 Seiten, A4, sofort druckbar

**Für wen:**
Eltern, die den Unterschied zwischen Vermeidung und echtem Überlastung kennen wollen — und ihr Kind dabei begleiten möchten.",3.9,EUR,999,"einladung_ablehnen_kind,soziale_angst_grundschule,autismus_party,adhs_überstimulation,begleitgeschichte_deutsch,vorlesegeschichte_angst,kind_will_nicht_hin,energiemanagement_kinder,familienratgeber_pdf,lernolotl_download,neurodivergent_sozial,pädagogik_angst,gefühle_kinder",,https://i.etsystatic.com/64486107/r/il/813129/7876148371/il_fullxfull.7876148371_my37.jpg,https://i.etsystatic.com/64486107/r/il/af4aaf/7876148451/il_fullxfull.7876148451_8d38.jpg,https://i.etsystatic.com/64486107/r/il/49e87a/7876148533/il_fullxfull.7876148533_6xex.jpg,https://i.etsystatic.com/64486107/r/il/3e3638/7876148569/il_fullxfull.7876148569_c6lx.jpg,https://i.etsystatic.com/64486107/r/il/dea407/7876148595/il_fullxfull.7876148595_ei62.jpg,https://i.etsystatic.com/64486107/r/il/226fd4/7876148619/il_fullxfull.7876148619_jih8.jpg,https://i.etsystatic.com/64486107/r/il/8ae03c/7828197304/il_fullxfull.7828197304_nskv.jpg,https://i.etsystatic.com/64486107/r/il/95b7c6/7828197336/il_fullxfull.7828197336_ggmb.jpg,https://i.etsystatic.com/64486107/r/il/454967/7828197390/il_fullxfull.7828197390_6o7h.jpg,,,,,,,,,,,
"Empathie Kinder PDF Ratgeber Nr 17| Gefühle anderer erkennen | Begleitgeschichte Autismus ADHS Download","Dein Kind ist nicht gefühlskalt — es kann die Gefühle anderer nur schwer lesen.

Dieser Ratgeber erklärt Empathie auf eine Weise, die für neurodivergente Kinder zugänglich ist: nicht als selbstverständliche Fähigkeit, sondern als etwas, das man lernen und üben kann — Schritt für Schritt.

**Was ist drin:**
- Vorlesegeschichte: Lernolotl merkt, dass sein Freund traurig ist — und weiß nicht warum
- 4 Seiten Elternratgeber: Empathie bei Autismus, Theory of Mind, konkrete Übungen
- Begleitgeschichte (6 Seiten) — Gefühle lesen lernen, praktisch und klar
- Familien-Spiel: Das Gefühle-Detektiv-Spiel
- 2 Mitmachseiten
- 16 Seiten, A4, sofort druckbar

**Für wen:**
Eltern und Fachkräfte, die Kindern helfen wollen, Empathie nicht als Vorwurf, sondern als Werkzeug zu verstehen.",3.9,EUR,999,"empathie_kinder_lernen,gefühle_erkennen_kind,autismus_empathie,theory_of_mind_kinder,adhs_sozial,begleitgeschichte_deutsch,vorlesegeschichte_empathie,gefühlskarte_grundschule,familienratgeber_pdf,lernolotl_download,neurodivergent_gefühle,pädagogik_empathie,gefühle_üben",,https://i.etsystatic.com/64486107/r/il/c0b075/7876138361/il_fullxfull.7876138361_esfv.jpg,https://i.etsystatic.com/64486107/r/il/f01c2e/7876138637/il_fullxfull.7876138637_cdna.jpg,https://i.etsystatic.com/64486107/r/il/aae920/7828187688/il_fullxfull.7828187688_kkes.jpg,https://i.etsystatic.com/64486107/r/il/f297b4/7828187734/il_fullxfull.7828187734_6pal.jpg,https://i.etsystatic.com/64486107/r/il/7c5bbc/7876138819/il_fullxfull.7876138819_b1gs.jpg,https://i.etsystatic.com/64486107/r/il/8ee60a/7876138869/il_fullxfull.7876138869_2xvu.jpg,https://i.etsystatic.com/64486107/r/il/2716db/7828187814/il_fullxfull.7828187814_9soz.jpg,https://i.etsystatic.com/64486107/r/il/c7317c/7828187858/il_fullxfull.7828187858_fxzu.jpg,https://i.etsystatic.com/64486107/r/il/239e1b/7828187886/il_fullxfull.7828187886_5ulr.jpg,,,,,,,,,,,
"Spielregeln Kinder PDF Ratgeber Nr 16|Gemeinsam spielen, aber ich will meine Regeln | Begleitgeschichte Autismus ADHS Download","„Aber SO spielt man das nicht!"" — Dein Kind kennt die Regeln und lässt nicht locker.

Dieser Ratgeber begleitet Kinder durch eines der häufigsten Konflikte beim gemeinsamen Spielen: wenn eigene Regeln auf die Ideen anderer treffen. Wie lernen Kinder, Kompromisse zu schließen — ohne sich zu verbiegen?

**Was ist drin:**
- Vorlesegeschichte: Lernolotl will seine Regeln — und merkt, dass gemeinsam anders sein kann
- 4 Seiten Elternratgeber: Regelverhalten bei Autismus und ADHS, Kompromiss üben
- Begleitgeschichte (6 Seiten)
- Familien-Spiel: Das Regelerfinder-Spiel — gemeinsam neue Regeln bauen
- 2 Mitmachseiten
- 16 Seiten, A4, sofort druckbar

**Für wen:**
Eltern, Erzieherinnen und Grundschullehrerinnen — besonders wertvoll bei rigiden Denkmustern und starkem Gerechtigkeitssinn.",3.9,EUR,999,"spielregeln_kinder,kompromiss_lernen_kind,autismus_regeln,adhs_flexibilität,begleitgeschichte_deutsch,vorlesegeschichte_spiel,rigides_denken_kind,gemeinsam_spielen,familienratgeber_pdf,lernolotl_download,neurodivergent_alltag,pädagogik_koop,gefühle_spielen",,https://i.etsystatic.com/64486107/r/il/265402/7876129811/il_fullxfull.7876129811_1oao.jpg,https://i.etsystatic.com/64486107/r/il/aa1987/7876129893/il_fullxfull.7876129893_nkzl.jpg,https://i.etsystatic.com/64486107/r/il/1f4023/7828179148/il_fullxfull.7828179148_khp1.jpg,https://i.etsystatic.com/64486107/r/il/d8e916/7876130371/il_fullxfull.7876130371_alkq.jpg,https://i.etsystatic.com/64486107/r/il/d183df/7828179304/il_fullxfull.7828179304_8iwc.jpg,https://i.etsystatic.com/64486107/r/il/ac1bd8/7876130603/il_fullxfull.7876130603_m7y4.jpg,https://i.etsystatic.com/64486107/r/il/900ec9/7876130651/il_fullxfull.7876130651_e5ks.jpg,https://i.etsystatic.com/64486107/r/il/e83b07/7828179468/il_fullxfull.7828179468_2jan.jpg,https://i.etsystatic.com/64486107/r/il/fb7afc/7828179494/il_fullxfull.7828179494_7dk0.jpg,,,,,,,,,,,
"Freundschaft endet Kinder PDF Ratgeber Nr 15 | Trauer Verlust Grundschule | Begleitgeschichte Autismus Download","Freundschaften enden manchmal — und für Kinder fühlt sich das an wie ein echter Verlust.

Dieser Ratgeber begleitet Kinder durch das Ende einer Freundschaft: das Schweigen, die Trauer, und die Frage „Was habe ich falsch gemacht?"" Eine ehrliche Geschichte ohne einfache Antworten.

**Was ist drin:**
- Vorlesegeschichte: Lernolotl und eine Freundschaft, die sich aufgelöst hat
- 4 Seiten Elternratgeber: Freundschaftsverlust als echter Trauerprozess, Begleitung ohne Herunterspielen
- Begleitgeschichte (6 Seiten) — für Kinder, die Verlust schwer verarbeiten
- Familien-Spiel: Freundschaft zeichnen — was war, was bleibt
- 2 Mitmachseiten
- 16 Seiten, A4, sofort druckbar

**Für wen:**
Eltern und Pädagoginnen, die einem Kind helfen, eine verlorene Freundschaft zu verarbeiten.",3.9,EUR,999,"freundschaft_endet_kind,trauer_kinder_verlust,autismus_verlust,begleitgeschichte_deutsch,adhs_freundschaft,vorlesegeschichte_verlust,kind_verarbeiten_trauer,grundschule_freunde,familienratgeber_pdf,lernolotl_download,neurodivergent_gefühle,pädagogik_trauer,gefühlsbegleitung",,https://i.etsystatic.com/64486107/r/il/206370/7876124017/il_fullxfull.7876124017_alvv.jpg,https://i.etsystatic.com/64486107/r/il/f1b42a/7828173094/il_fullxfull.7828173094_w5s0.jpg,https://i.etsystatic.com/64486107/r/il/3b8c8e/7828173312/il_fullxfull.7828173312_rgh8.jpg,https://i.etsystatic.com/64486107/r/il/4d8c67/7876124349/il_fullxfull.7876124349_2qz2.jpg,https://i.etsystatic.com/64486107/r/il/c86a83/7876124401/il_fullxfull.7876124401_tnvp.jpg,https://i.etsystatic.com/64486107/r/il/f8d298/7876124421/il_fullxfull.7876124421_fdo5.jpg,https://i.etsystatic.com/64486107/r/il/27dc21/7876124443/il_fullxfull.7876124443_h0i3.jpg,https://i.etsystatic.com/64486107/r/il/96a7a5/7876124477/il_fullxfull.7876124477_o1dk.jpg,https://i.etsystatic.com/64486107/r/il/59f732/7876124527/il_fullxfull.7876124527_g8v1.jpg,,,,,,,,,,,
"Ablehnung durch Freunde Kinder PDF Ratgeber Nr 14| Soziale Unsicherheit Grundschule | Begleitgeschichte Autismus ADHS","Dein Kind kommt aus der Schule und sagt: „Jonas will heute nicht mit mir spielen."" Und versteht nicht, warum.

Dieser Ratgeber begleitet Kinder durch eine der verwirrendsten sozialen Erfahrungen: wenn der beste Freund plötzlich distanziert ist — ohne Erklärung. Warum das passiert, und was es nicht bedeutet.

**Was ist drin:**
- Vorlesegeschichte: Lernolotl und Jonas — ein schlechter Tag, der keiner Erklärung bedarf
- 4 Seiten Elternratgeber: Soziale Unsicherheit, Freundschaftsdynamiken, Gesprächsbegleitung
- Begleitgeschichte (6 Seiten) — besonders geeignet für Kinder, die soziale Signale schwer einordnen
- Familien-Spiel: Was bedeutet Freundschaft?
- 2 Mitmachseiten
- 16 Seiten, A4, sofort druckbar

**Für wen:**
Eltern und Lehrerinnen, die Kindern helfen, soziale Zurückweisung einzuordnen — ohne Panik und ohne Drama.",3.9,EUR,999,"ablehnung_kind_freund,soziale_unsicherheit,autismus_freundschaft,adhs_soziale_probleme,begleitgeschichte_deutsch,vorlesegeschichte_freunde,bester_freund_kinder,gefühle_einordnen,familienratgeber_pdf,lernolotl_download,grundschule_sozial,neurodivergent_kinder,pädagogik_tipps",,https://i.etsystatic.com/64486107/r/il/89cdfe/7876118339/il_fullxfull.7876118339_9lsv.jpg,https://i.etsystatic.com/64486107/r/il/919981/7828167832/il_fullxfull.7828167832_at4r.jpg,https://i.etsystatic.com/64486107/r/il/74b753/7828168008/il_fullxfull.7828168008_u4zs.jpg,https://i.etsystatic.com/64486107/r/il/dd1305/7828168064/il_fullxfull.7828168064_godp.jpg,https://i.etsystatic.com/64486107/r/il/fce552/7876118713/il_fullxfull.7876118713_mu65.jpg,https://i.etsystatic.com/64486107/r/il/8870a1/7876118801/il_fullxfull.7876118801_1b8o.jpg,https://i.etsystatic.com/64486107/r/il/853536/7828168210/il_fullxfull.7828168210_ntf6.jpg,https://i.etsystatic.com/64486107/r/il/5f7741/7876118915/il_fullxfull.7876118915_ag1k.jpg,https://i.etsystatic.com/64486107/r/il/980364/7876119067/il_fullxfull.7876119067_2org.jpg,,,,,,,,,,,
"Wut bei Kindern PDF Ratgeber Nr 12| Freunde — Streiten und Verstehen | Begleitgeschichte Autismus ADHS Download","Wut ist erlaubt — aber wie erkläre ich das meinem Kind, wenn alles eskaliert?

Dieser Ratgeber begleitet Kinder und Eltern durch das Thema Wut: Warum sie kommt, was sie bedeutet, und was man tun kann, wenn der Körper kocht. Mit einer ehrlichen Geschichte über Sofia und den Lernolotl.

**Was ist drin:**
- Vorlesegeschichte: Sofia explodiert — und versteht hinterher, was passiert ist
- 4 Seiten Elternratgeber: Wut als Signal, Regulierungsstrategien, Gesprächsleitfaden
- Begleitgeschichte (6 Seiten) — bewährt bei Autismus und ADHS
- Familien-Spiel: Mein Wut-Thermometer
- 2 Mitmachseiten: Was hilft mir wenn ich wütend bin?
- 16 Seiten, A4, sofort druckbar

**Für wen:**
Eltern und Pädagoginnen, die Kindern helfen wollen, Wut zu verstehen — ohne sie zu unterdrücken.",3.9,EUR,999,"wut_kinder_regulieren,gefühle_grundschule,autismus_emotion,begleitgeschichte_wut,adhs_impulskontrolle,vorlesegeschichte_wut,wutanfall_kind_tipps,gefühlskarte_kinder,familienratgeber_pdf,lernolotl_pdf,pädagogik_download,emotionskarte_kind,neurodivergent_alltag",,https://i.etsystatic.com/64486107/r/il/58e88c/7876108277/il_fullxfull.7876108277_2kpd.jpg,https://i.etsystatic.com/64486107/r/il/8a9371/7876108331/il_fullxfull.7876108331_bb8m.jpg,https://i.etsystatic.com/64486107/r/il/b81384/7828157912/il_fullxfull.7828157912_ayog.jpg,https://i.etsystatic.com/64486107/r/il/6849d6/7876108485/il_fullxfull.7876108485_s6ng.jpg,https://i.etsystatic.com/64486107/r/il/fd80a9/7828158014/il_fullxfull.7828158014_oh4t.jpg,https://i.etsystatic.com/64486107/r/il/aa9983/7876108587/il_fullxfull.7876108587_1yuq.jpg,https://i.etsystatic.com/64486107/r/il/ad1c8b/7876108643/il_fullxfull.7876108643_ts7e.jpg,https://i.etsystatic.com/64486107/r/il/af4fe5/7876108691/il_fullxfull.7876108691_152z.jpg,https://i.etsystatic.com/64486107/r/il/a32fe8/7876108897/il_fullxfull.7876108897_obte.jpg,,,,,,,,,,,
"Besuch von Oma PDF Ratgeber Nr 13| Körperkontakt ablehnen Kinder | Begleitgeschichte Autismus Download","„Gib Oma einen Kuss!"" — und dein Kind weicht zurück. Wie erkläre ich Kindern, dass sie Nein sagen dürfen?

Dieser Ratgeber behandelt ein feinfühliges Alltagsthema: Körperkontakt und das Recht von Kindern, selbst zu entscheiden — ohne dass es unhöflich ist. Mit viel Feingefühl für Familiendynamiken.

**Was ist drin:**
- Vorlesegeschichte: Oma Hilde kommt — und der Lernolotl möchte nicht umarmt werden
- 4 Seiten Elternratgeber: Körperautonomie, Grenzen bei Familie, Gesprächshilfen für Oma und Opa
- Begleitgeschichte (6 Seiten) — für neurodivergente Kinder besonders wertvoll
- Familien-Spiel: Meine Komfortzone
- 2 Mitmachseiten
- 16 Seiten, A4, sofort druckbar

**Für wen:**
Eltern, die ihren Kindern Körperautonomie erklären wollen — und die schwierige Familiendynamik dabei navigieren müssen.",3.9,EUR,999,"körperautonomie_kinder,kuss_verweigern_kind,autismus_berührung,begleitgeschichte_deutsch,oma_besuch_kinder,grenzen_setzen_kind,nein_sagen_erlaubt,adhs_sensorik,familienratgeber_pdf,lernolotl_download,erzieher_tipps,neurodivergent_familie,pädagogik_pdf",,https://i.etsystatic.com/64486107/r/il/67bba3/7828162306/il_fullxfull.7828162306_nrma.jpg,https://i.etsystatic.com/64486107/r/il/51326b/7876113043/il_fullxfull.7876113043_6dx4.jpg,https://i.etsystatic.com/64486107/r/il/801092/7876113097/il_fullxfull.7876113097_ryt9.jpg,https://i.etsystatic.com/64486107/r/il/749b98/7876113147/il_fullxfull.7876113147_b2sq.jpg,https://i.etsystatic.com/64486107/r/il/e00e04/7828162490/il_fullxfull.7828162490_b10b.jpg,https://i.etsystatic.com/64486107/r/il/dccf5f/7876113265/il_fullxfull.7876113265_6d9i.jpg,https://i.etsystatic.com/64486107/r/il/b41e1a/7828163120/il_fullxfull.7828163120_ibpn.jpg,https://i.etsystatic.com/64486107/r/il/98078b/7828163168/il_fullxfull.7828163168_94i4.jpg,https://i.etsystatic.com/64486107/r/il/efe522/7876114079/il_fullxfull.7876114079_gz3w.jpg,,,,,,,,,,,
"Kinder PDF Ratgeber Nr.11: Zum ersten Mal bei Freunden  | Begleitgeschichten Autismus ADHS","Dein Kind schläft das erste Mal bei einem Freund — und du weißt nicht, wie du es vorbereiten sollst?

Dieser Familienratgeber begleitet Kinder ab 5 Jahren durch eine der aufregendsten und ungewohntesten Situationen im Grundschulalter: die erste Übernachtung bei einem Freund. Mit dem Lernolotl als Begleiter.

**Was ist drin:**
- Vorlesegeschichte: Lernolotl bei Jonas — Aufregung, Heimweh, und der Moment, in dem es gut wird
- 4 Seiten Elternratgeber mit Fachinput und Gesprächsleitfaden
- Begleitgeschichte (6 Seiten) — für Kinder mit Autismus und ADHS besonders geeignet
- Familien-Spiel: Was packe ich ein? Was hilft mir?
- 2 Mitmachseiten zum Ausfüllen und Malen
- 16 Seiten, A4, sofort druckbar

**Für wen:**
Eltern, Erzieherinnen, Grundschullehrerinnen — besonders empfohlen für neurodivergente Kinder.",3.9,EUR,999,"soziale_geschichte_kind,autismus_grundschule,adhs_kinder_tipps,vorlesegeschichte_pdf,übernachtung_kind,familienratgeber_pdf,begleitgeschichte_deutsch,heimweh_kinder,neurodivergent_kita,lernolotl_download,gefühle_kinder_buch,erstes_schlafen_weg,pädagogik_download",,https://i.etsystatic.com/64486107/r/il/bda22c/7876101301/il_fullxfull.7876101301_3twn.jpg,https://i.etsystatic.com/64486107/r/il/362734/7828150676/il_fullxfull.7828150676_5i7j.jpg,https://i.etsystatic.com/64486107/r/il/d3255d/7828150866/il_fullxfull.7828150866_favk.jpg,https://i.etsystatic.com/64486107/r/il/959036/7876101569/il_fullxfull.7876101569_fu74.jpg,https://i.etsystatic.com/64486107/r/il/8bcc38/7876101627/il_fullxfull.7876101627_5iap.jpg,https://i.etsystatic.com/64486107/r/il/191cd1/7828150968/il_fullxfull.7828150968_mq1m.jpg,https://i.etsystatic.com/64486107/r/il/05f1ca/7876101689/il_fullxfull.7876101689_q5c5.jpg,https://i.etsystatic.com/64486107/r/il/646374/7828151032/il_fullxfull.7828151032_mlq9.jpg,https://i.etsystatic.com/64486107/r/il/96483e/7828151064/il_fullxfull.7828151064_rr36.jpg,,,,,,,,,,,
"Lernolotl Kita-Ratgeber KOMPLETT – Alle 10 Ausgaben | Begleitgeschichten + Elternratgeber | PDF Bundle","**10 Themen. 10 Ratgeber. Ein ganzes Kita-Jahr.**

Von der Eingewöhnung bis zum Schulübergang – der Lernolotl begleitet Kinder durch die echten Herausforderungen des Kita-Alltags. Jede Ausgabe enthält eine Vorlese-Geschichte, Fachinput für Eltern und Fachkräfte, eine Begleitgeschichte und Mitmachseiten zum Ausdrucken.

**Themen im Bundle:**
1. Wenn es zu laut wird (Sensorik)
2. Darf ich mitspielen? (Soziale Hemmschwelle)
3. Wenn Mama geht (Trennungsangst)
4. Wenn der Plan sich ändert (Flexibilität & Wut)
5. Das gehört doch mir! (Teilen)
6. Wie sagt man Hallo? (Soziale Kontakte)
7. Ich esse das nicht! (Sensorik & Essen)
8. Ich weine und weiß nicht warum (Emotionale Regulation)
9. Ich will nicht schlafen! (Schlaf & ADHS)
10. Tschüss Kita (Schulübergang)

---
*Erstellt mit echten Erfahrungen. Fachlich begleitet. Für das echte Kita-Leben.*
*lernolotl.de*",23.4,EUR,999,"Begleitgeschichte_Kita,Lernolotl,neurodiverses_Kind,Axolotl_Kinder,Begleitgeschichte_Deutsch,Kita_Ratgeber_Eltern,emotionale_Entwicklung_Kind,Erzieherinnen_Material,hochsensibles_Kind_Tipps,Kita_Eingewöhnung,Druckvorlage_Kinder,PDF_Download_Kita,bundle",,https://i.etsystatic.com/64486107/r/il/cb52fc/7823559426/il_fullxfull.7823559426_56u1.jpg,https://i.etsystatic.com/64486107/r/il/d0b649/7871507869/il_fullxfull.7871507869_7gnv.jpg,https://i.etsystatic.com/64486107/r/il/7a37d7/7823559550/il_fullxfull.7823559550_lmop.jpg,https://i.etsystatic.com/64486107/r/il/40be55/7823559614/il_fullxfull.7823559614_csup.jpg,https://i.etsystatic.com/64486107/r/il/be28b2/7871508043/il_fullxfull.7871508043_qrvz.jpg,https://i.etsystatic.com/64486107/r/il/bad7bf/7871508079/il_fullxfull.7871508079_igms.jpg,https://i.etsystatic.com/64486107/r/il/fc6c35/7871508153/il_fullxfull.7871508153_qspp.jpg,https://i.etsystatic.com/64486107/r/il/60604b/7823559816/il_fullxfull.7823559816_ro5b.jpg,,,,,,,,,,,,
"Lernolotl Ratgeber #10 – Tschüss Kita | Schulübergang & Abschied | Begleitgeschichte PDF","Gemischte Gefühle beim Kita-Abschluss begleiten – für neurodivergente Kinder & alle, die Abschiede schwer nehmen. Ab 5 Jahren.

**Freude und Traurigkeit gleichzeitig. Wie kann man beides gleichzeitig sein? Das ergibt keinen Sinn.**

Doch. Das ist emotionale Reife.

Der letzte Kita-Tag ist für viele Kinder überwältigend – besonders für neurodivergente Kinder, die Übergänge besonders intensiv erleben. Dieser Ratgeber begleitet den **Abschluss würdevoll** – und hilft Kindern zu verstehen, was sie mitnehmen. Nicht in der Tasche.

---

**📖 Was ist drin?**

- Vorlese-Geschichte: „Tschüss Kita – die große Schule kommt"" – wie der Lernolotl lernt, was man im Herzen trägt
- Elternratgeber: Emotionale Ambivalenz beim Schulübergang – was gemischte Gefühle bedeuten und warum sie Stärke sind
- Praxis: Was neurodivergente Kinder beim Schulübergang wirklich brauchen
- Begleitgeschichte: „Was ich mitnehme – nicht in der Tasche""
- Mitmachseiten: Was ich mitnehme, Malen

---

**Für wen?**
✔ Eltern von Vorschulkindern kurz vor dem Schulstart
✔ Erzieherinnen in der Abschlussphase des Kita-Jahres
✔ Alle, die einen würdevollen Abschluss gestalten wollen

---

**📥 Sofortiger Download nach Kauf**
Format: PDF | Druckfertig | ~15 Seiten",3.9,EUR,999,"Kita_Abschluss_Schulübergang,Schulstart_neurodiverses_Kind,gemischte_Gefühle_Kinder,Kita_letzter_Tag,Axolotl_Kinderbuch_Schule,PDF_Schulübergang_Kind,Lernolotl,neurodiverses_Kind,PDF_Download_Kita,hochsensibles_Kind_Tipps,Kita_Ratgeber_Eltern,Druckvorlage_Kinder,emotionale_Entwicklung_Kind",,https://i.etsystatic.com/64486107/r/il/409de7/7823552790/il_fullxfull.7823552790_8vv6.jpg,https://i.etsystatic.com/64486107/r/il/6f5c95/7871501041/il_fullxfull.7871501041_anhp.jpg,https://i.etsystatic.com/64486107/r/il/742f63/7871501079/il_fullxfull.7871501079_d6d5.jpg,https://i.etsystatic.com/64486107/r/il/d801d9/7823552948/il_fullxfull.7823552948_a77g.jpg,https://i.etsystatic.com/64486107/r/il/bfa0b7/7871501143/il_fullxfull.7871501143_n3z4.jpg,https://i.etsystatic.com/64486107/r/il/76a455/7823553070/il_fullxfull.7823553070_h0m2.jpg,https://i.etsystatic.com/64486107/r/il/da63e9/7823553134/il_fullxfull.7823553134_ehnw.jpg,https://i.etsystatic.com/64486107/r/il/1bd6b5/7871501411/il_fullxfull.7871501411_t1h5.jpg,,,,,,,,,,,,
"Lernolotl Ratgeber #9 – Ich will nicht schlafen! | Schlaf & ADHS | Begleitgeschichte PDF","Wenn der Kopf nicht aufhört zu denken – Einschlafschwierigkeiten bei Kindern mit ADHS & Hochsensibilität. Ab 3 Jahren.

**Der Kopf denkt: Warum haben Würmer keine Beine? Wie viele Kacheln sind an der Decke? Rückwärts von hundert…**

Neben ihm schläft Mia schon. Er dreht sich. Und dreht sich. Und dreht sich.

Einschlafschwierigkeiten bei Kindern mit ADHS oder Hochsensibilität sind neurobiologisch erklärbar – und lösbar. Mit einem Satz, der alles verändert.

---

**📖 Was ist drin?**

- Vorlese-Geschichte: „Ich will nicht schlafen!"" – wie der Lernolotl lernt, Australien mit geschlossenen Augen zu sehen
- Elternratgeber: Warum das Gehirn bei ADHS nicht einfach abschaltet – neurobiologische Erklärung
- Der entscheidende Satz: **„Du musst nicht schlafen – nur ruhen""**
- Mentale Bilder als Einschlafhilfe: eine Technik, die Kinder selbst anwenden können
- Begleitgeschichte & Mitmachseiten

---

**Für wen?**
✔ Eltern von Kindern mit Einschlafschwierigkeiten, ADHS oder Hochsensibilität
✔ Erzieherinnen beim Mittagsschlaf / Ruhepause in der Kita
✔ Alle, die den ewigen Kampf ums Einschlafen kennen

---

**📥 Sofortiger Download nach Kauf**
Format: PDF | Druckfertig | ~15 Seiten",3.9,EUR,999,"Kind_schläft_nicht_ein_ADHS,Mittagsschlaf_Kita_Tipps,Begleitgeschichte_Schlafen,Ruhen_statt_Schlafen_Kind,hochsensibles_Kind_Schlaf,Erzieherinnen_Ruhephase,PDF_Kita_Schlaf_ADHS,Lernolotl,neurodiverses_Kind,emotionale_Entwicklung_Kind,Kita_Ratgeber_Eltern,PDF_Download_Kita,hochsensibles_Kind_Tipps",,https://i.etsystatic.com/64486107/r/il/df1356/7823546378/il_fullxfull.7823546378_qp35.jpg,https://i.etsystatic.com/64486107/r/il/d04701/7871494669/il_fullxfull.7871494669_8c0r.jpg,https://i.etsystatic.com/64486107/r/il/b678ba/7871495073/il_fullxfull.7871495073_scsk.jpg,https://i.etsystatic.com/64486107/r/il/b42606/7823546924/il_fullxfull.7823546924_8x3o.jpg,https://i.etsystatic.com/64486107/r/il/21cb19/7871495183/il_fullxfull.7871495183_s638.jpg,https://i.etsystatic.com/64486107/r/il/3ff3f2/7871495215/il_fullxfull.7871495215_lww9.jpg,https://i.etsystatic.com/64486107/r/il/02d9c9/7823547438/il_fullxfull.7823547438_j3o6.jpg,https://i.etsystatic.com/64486107/r/il/27089f/7871495691/il_fullxfull.7871495691_955z.jpg,https://i.etsystatic.com/64486107/r/il/33d7c5/7823547558/il_fullxfull.7823547558_60kf.jpg,,,,,,,,,,,
"Lernolotl Ratgeber #8 – Ich weine und weiß nicht warum | Gefühle & Regulation | PDF","Wenn Tränen ohne Grund kommen – emotionale Dysregulation bei Kindern verstehen & begleiten. Ab 3 Jahren. Begleitgeschichte + Ratgeber.
**Es war ein ganz normaler Dienstag. Nichts war passiert. Und trotzdem kamen die Tränen.**

Euer Kind weint – und versteht selbst nicht warum. Ihr fragt: „Was ist passiert?"" – und das macht es schlimmer.

Dieser Ratgeber erklärt, was bei **emotionaler Dysregulation** im Gehirn passiert – und warum eine andere Frage alles verändert.

---

**📖 Was ist drin?**

- Vorlese-Geschichte: „Ich weine und weiß nicht warum"" – wie der Lernolotl das Wort „überwältigt"" findet
- Elternratgeber: Emotionale Dysregulation – was im präfrontalen Kortex passiert, verständlich erklärt
- Die entscheidende Frage: **„Wo spürst du das?""** statt „Warum weinst du?""
- Begleitgeschichte: „Überwältigt"" – ein Wort, das wirklich passt
- Mitmachseiten & Arbeitsblätter

---

**Für wen?**
✔ Eltern von Kindern, die häufig ohne erkennbaren Grund weinen
✔ Erzieherinnen, die Kinder bei emotionalen Ausbrüchen begleiten
✔ Alle, die einem Kind helfen wollen, seine Gefühle zu benennen

---

**📥 Sofortiger Download nach Kauf**
Format: PDF | Druckfertig | ~15 Seiten",3.9,EUR,999,"Kind_weint_ohne_Grund,Gefühle_benennen_Kinder,Begleitgeschichte_Weinen,überwältigt_Kind_Kita,neurodiverses_Kind_Gefühle,PDF_Kita_emotionale_Bildung,Lernolotl,neurodiverses_Kind,PDF_Download_Kita,Erzieherinnen_Material,Kita_Eingewöhnung,emotionale_Entwicklung_Kind,Kita_Ratgeber_Eltern",,https://i.etsystatic.com/64486107/r/il/a1e026/7871487333/il_fullxfull.7871487333_j8v6.jpg,https://i.etsystatic.com/64486107/r/il/0925df/7823539546/il_fullxfull.7823539546_r0wj.jpg,https://i.etsystatic.com/64486107/r/il/46fcf3/7871469145/il_fullxfull.7871469145_n06n.jpg,https://i.etsystatic.com/64486107/r/il/f90b0d/7823521042/il_fullxfull.7823521042_9cv6.jpg,https://i.etsystatic.com/64486107/r/il/270452/7823521118/il_fullxfull.7823521118_jofo.jpg,https://i.etsystatic.com/64486107/r/il/12bbeb/7871469393/il_fullxfull.7871469393_54n5.jpg,https://i.etsystatic.com/64486107/r/il/b1e9b5/7871469473/il_fullxfull.7871469473_gu07.jpg,https://i.etsystatic.com/64486107/r/il/4d3fb0/7823521352/il_fullxfull.7823521352_dp4j.jpg,https://i.etsystatic.com/64486107/r/il/19caaa/7871469649/il_fullxfull.7871469649_le5c.jpg,,,,,,,,,,,
"Lernolotl Ratgeber #7 – Ich esse das nicht! | Sensorik & Essen | Begleitgeschichte PDF","Wenn Essen sich falsch anfühlt – ARFID, sensorische Überempfindlichkeit & die Drei-Löffel-Methode. Ab 3 Jahren. Sofort-Download.

**„Sei nicht so wählerisch!"" – das Falsche, was man sagen kann.**

Wenn ein Kind nicht isst, ist das kein Trotz. Der Körper sendet echten Alarm. Sensorische Überempfindlichkeit beim Essen – Fachbegriff ARFID – ist real, häufig und vollständig missverstanden.

Dieser Ratgeber erklärt, was wirklich passiert – und zeigt, wie **kleine Schritte** mehr bewirken als jeder Druck.

---

**📖 Was ist drin?**

- Vorlese-Geschichte: „Ich esse das nicht!"" – wie der Lernolotl die Linsensuppe ausprobiert. Drei Löffel. Das war mehr als gar nichts.
- Elternratgeber: Was ARFID bedeutet und wie das Gehirn bei Essensabwehr reagiert
- Die richtige Frage: „Was ist komisch daran?"" statt „Iss jetzt!""
- Begleitgeschichte & Mitmachseiten

---

**Für wen?**
✔ Eltern von wählerischen Essern oder Kindern mit Essensproblemen
✔ Erzieherinnen am Mittagstisch
✔ Alle, die verstehen wollen, warum Druck beim Essen nie funktioniert

---

**📥 Sofortiger Download nach Kauf**
Format: PDF | Druckfertig | ~15 Seiten",3.9,EUR,999,"ARFID_Kind_Kita,wählerischer_Esser_Kleinkind,sensorische_Essensabwehr_Kind,Begleitgeschichte_Essen_Kinder,neurodiverses_Kind_Essen,Vorlesen_Kinder_Gefühle_Essen,PDF_Kita_Sensorik,PDF_Download_Kita,Lernolotl,hochsensibles_Kind_Tipps,Kita_Ratgeber_Eltern,emotionale_Entwicklung_Kind,Druckvorlage_Kinder",,https://i.etsystatic.com/64486107/r/il/a5c21c/7870868209/il_fullxfull.7870868209_bjgd.jpg,https://i.etsystatic.com/64486107/r/il/05f24f/7822920092/il_fullxfull.7822920092_a8c6.jpg,https://i.etsystatic.com/64486107/r/il/15cb5d/7870868453/il_fullxfull.7870868453_rst3.jpg,https://i.etsystatic.com/64486107/r/il/13e127/7870868539/il_fullxfull.7870868539_jfby.jpg,https://i.etsystatic.com/64486107/r/il/5d7385/7870868631/il_fullxfull.7870868631_8r2b.jpg,https://i.etsystatic.com/64486107/r/il/5ab6c7/7822920514/il_fullxfull.7822920514_g4pj.jpg,https://i.etsystatic.com/64486107/r/il/54981e/7822920584/il_fullxfull.7822920584_ln6h.jpg,https://i.etsystatic.com/64486107/r/il/4b6e63/7870868831/il_fullxfull.7870868831_evfb.jpg,https://i.etsystatic.com/64486107/r/il/1128f5/7870868883/il_fullxfull.7870868883_32xn.jpg,,,,,,,,,,,
"Lernolotl Ratgeber #5 – Das gehört doch mir! | Teilen lernen | Begleitgeschichte PDF Download","Warum Kinder unter 4 Jahren nicht wirklich teilen können – und wie Mitmachen besser funktioniert als Abgeben. Ab 3 Jahren.

**„Das ist MEINS!"" – und euer Kind versteht nicht, warum es abgeben soll.**

Gute Nachrichten: Echtes Teilen ist vor dem 4. Lebensjahr neurobiologisch kaum möglich. Schlechte Nachrichten für die Erziehungsratgeber von gestern.

Dieser Ratgeber zeigt den besseren Weg: **Mitmachen statt Abgeben** – und warum das für alle funktioniert.

---

**📖 Was ist drin?**

- Vorlese-Geschichte: „Das gehört doch mir!"" – wie der Lernolotl das Weltatlaspuzzle teilt und dabei etwas Unerwartetes entdeckt
- Elternratgeber: Was das Gehirn wirklich kann – und was noch nicht
- Der Schlüsselsatz: „Darf ich mitmachen?"" – warum er Teilen umgeht und trotzdem Gemeinschaft schafft
- Begleitgeschichte: „Zusammen ist manchmal einfach mehr""
- Mitmachseiten & Arbeitsblätter

---

**Für wen?**
✔ Eltern von Kindern im Kindergartenalter, die Konflikte ums Spielzeug kennen
✔ Erzieherinnen, die täglich Teilen-Konflikte moderieren
✔ Alle, die verstehen wollen, was hinter Besitzdenken steckt

---

**📥 Sofortiger Download nach Kauf**
Format: PDF | Druckfertig | ~15 Seiten",3.9,EUR,999,"Teilen_lernen_Kinder,Kind_gibt_nichts_ab_Kita,Begleitgeschichte_Teilen,Kita_Konflikt_Spielzeug,Axolotl_Lernhilfe,Vorlesen_Kinder_sozial,Lernolotl,neurodiverses_Kind,PDF_Download_Kita,Kita_Eingewöhnung,hochsensibles_Kind_Tipps,emotionale_Entwicklung_Kind,Kita_Ratgeber_Eltern",,https://i.etsystatic.com/64486107/r/il/ce4767/7822900030/il_fullxfull.7822900030_e1he.jpg,https://i.etsystatic.com/64486107/r/il/211109/7822900172/il_fullxfull.7822900172_pg4l.jpg,https://i.etsystatic.com/64486107/r/il/52305b/7822900388/il_fullxfull.7822900388_61wb.jpg,https://i.etsystatic.com/64486107/r/il/45d5d5/7870848459/il_fullxfull.7870848459_pqqb.jpg,https://i.etsystatic.com/64486107/r/il/d97568/7822900548/il_fullxfull.7822900548_suzw.jpg,https://i.etsystatic.com/64486107/r/il/9ae559/7822900630/il_fullxfull.7822900630_8niw.jpg,https://i.etsystatic.com/64486107/r/il/3a7a81/7870848729/il_fullxfull.7870848729_cug2.jpg,https://i.etsystatic.com/64486107/r/il/145dd1/7870849029/il_fullxfull.7870849029_ern1.jpg,https://i.etsystatic.com/64486107/r/il/6b8b8a/7822901058/il_fullxfull.7822901058_lfbt.jpg,,,,,,,,,,,
"Lernolotl Ratgeber #6 – Wie sagt man Hallo? | Soziale Kontakte | Begleitgeschichte PDF","Wenn Kinder wissen, wie man Hallo sagt – und es trotzdem nicht können. Mit nonverbalen Strategien & Vorlese-Geschichte. Ab 3 Jahren.
**Euer Kind kennt die Regel. Es weiß, was man sagt. Aber wenn es so weit ist – kommt nichts.**

Das ist nicht Unhöflichkeit. Das ist die **Lücke zwischen Wissen und Handeln** – und sie trifft vor allem neurodivergente Kinder.

Dieser Ratgeber zeigt, wie Kinder lernen, Kontakt aufzunehmen – auch **ohne das Wort „Hallo""**.

---

**📖 Was ist drin?**

- Vorlese-Geschichte: „Wie sagt man Hallo?"" – wie der Lernolotl Leon kennenlernt, ohne einmal Hallo zu sagen (eine aufgehobene Flasche, vier Bausteine, ein Turm)
- Elternratgeber: Warum manche Kinder die Regel kennen – und sie trotzdem nicht abrufen können
- Nonverbale Kontaktangebote: Strategien, die genauso verstanden werden
- Begleitgeschichte & Mitmachseiten

---

**Für wen?**
✔ Eltern von Kindern mit sozialer Angst, Autismus oder selektivem Mutismus
✔ Erzieherinnen bei Gruppenneuzugängen und Eingewöhnung
✔ Alle, die einem Kind helfen wollen, auf seine Art in Kontakt zu treten

---

**📥 Sofortiger Download nach Kauf**
Format: PDF | Druckfertig | ~15 Seiten",3.9,EUR,999,"Kind_kann_nicht_Hallo_sagen,sozialer_Kontakt_Kleinkind,selektiver_Mutismus_Kita,Begleitgeschichte_Begrüßung,nonverbale_Kommunikation_Kind,Autismus_Kita_Alltagshilfe,PDF_soziale_Kompetenz,neurodiverses_Kind,Kita_Eingewöhnung,Lernolotl,PDF_Download_Kita,Begleitgeschichte_Kita,Erzieherinnen_Material",,https://i.etsystatic.com/64486107/r/il/c2f85a/7870859843/il_fullxfull.7870859843_m588.jpg,https://i.etsystatic.com/64486107/r/il/c83a29/7822911710/il_fullxfull.7822911710_ayzh.jpg,https://i.etsystatic.com/64486107/r/il/809c47/7822911926/il_fullxfull.7822911926_i704.jpg,https://i.etsystatic.com/64486107/r/il/3e6be4/7822912082/il_fullxfull.7822912082_6pvi.jpg,https://i.etsystatic.com/64486107/r/il/90611f/7870860443/il_fullxfull.7870860443_efqr.jpg,https://i.etsystatic.com/64486107/r/il/e12db6/7870860549/il_fullxfull.7870860549_a2if.jpg,https://i.etsystatic.com/64486107/r/il/2e9823/7822912408/il_fullxfull.7822912408_i6lw.jpg,https://i.etsystatic.com/64486107/r/il/1acf4a/7822912504/il_fullxfull.7822912504_6p1v.jpg,https://i.etsystatic.com/64486107/r/il/88a250/7822912594/il_fullxfull.7822912594_sb5l.jpg,,,,,,,,,,,
"Lernolotl Ratgeber #4 – Wenn der Plan sich ändert | Wut & Flexibilität | Begleitgeschichte PDF","Für Kinder, die bei Planänderungen ausrasten – Vorlese-Geschichte + Plan-B-Strategie + Körpertechnik. Ab 3 Jahren.
**Der Ausflug wird abgesagt. Der Rucksack war schon gepackt. Und jetzt bricht die Welt zusammen.**

Wut bei Planänderungen ist kein Aufführen. Im Gehirn passiert gerade echter Alarm – weil der **vorberechnete Zustand** nicht eingetreten ist.

Dieser Ratgeber erklärt, was wirklich dahintersteckt – und gibt Kindern (und Eltern!) konkrete Werkzeuge an die Hand.

---

**📖 Was ist drin?**

- Vorlese-Geschichte: „Wenn der Plan sich ändert"" – wie der Lernolotl siebenundzwanzig Bäume malt, statt sie zu zählen
- Elternratgeber: Was im Gehirn passiert, wenn der Plan wegbricht – neurobiologisch erklärt, verständlich formuliert
- Die **Plan-B-Methode**: Warum Kinder selbst mitentscheiden müssen
- Körpertechnik: „Das heiße Gefühl rausblasen"" – funktioniert sofort, ab 3 Jahren anwendbar
- Mitmachseiten & Arbeitsblätter

---

**Für wen?**
✔ Eltern von Kindern mit ADHS, Autismus oder hoher Rigidität
✔ Erzieherinnen, die mit emotionalen Ausbrüchen bei Übergängen umgehen
✔ Alle, die einem Kind helfen wollen, flexibler zu werden – ohne Druck

---

**📥 Sofortiger Download nach Kauf**
Format: PDF | Druckfertig | ~15 Seiten

🎁 Bundle: Alle 10 Ausgaben im Shop!",3.9,EUR,999,"Kind_rastet_aus_Planänderung,Rigidität_Kind_ADHS_Autismus,Wut_Kita_Strategie,Begleitgeschichte_Flexibilität,Plan_B_Kinder_Erziehung,Erzieherinnen_Ausraster_Hilfe,neurodiverses_Kind_Alltag,PDF_Kita_Gefühle,Lernolotl,neurodiverses_Kind,Axolotl_Kinder,PDF_Download_Kita,Kita_Ratgeber_Eltern",,https://i.etsystatic.com/64486107/r/il/e7b4f8/7822888548/il_fullxfull.7822888548_akqi.jpg,https://i.etsystatic.com/64486107/r/il/928b97/7822888722/il_fullxfull.7822888722_84wa.jpg,https://i.etsystatic.com/64486107/r/il/d1ef17/7870837377/il_fullxfull.7870837377_porj.jpg,https://i.etsystatic.com/64486107/r/il/fc78fd/7822889064/il_fullxfull.7822889064_8ltn.jpg,https://i.etsystatic.com/64486107/r/il/250d3a/7870837535/il_fullxfull.7870837535_jbzs.jpg,https://i.etsystatic.com/64486107/r/il/a6f9fc/7870837611/il_fullxfull.7870837611_2sc2.jpg,https://i.etsystatic.com/64486107/r/il/43f38e/7822889328/il_fullxfull.7822889328_dbl5.jpg,https://i.etsystatic.com/64486107/r/il/afe6b3/7822889402/il_fullxfull.7822889402_jovx.jpg,https://i.etsystatic.com/64486107/r/il/83d821/7870838033/il_fullxfull.7870838033_kijb.jpg,,,,,,,,,,,
"Lernolotl Ratgeber #3 – Wenn Mama geht | Trennungsangst Kita | Begleitgeschichte PDF Download","Für Kinder mit Trennungsangst – Vorlese-Geschichte + Elternratgeber + die Warteglas-Methode. Ab 3 Jahren. Sofort-Download.

**Die Tür fällt zu. Und euer Kind bleibt zurück.**

Jeden Morgen dasselbe. Die Tränen kommen – obwohl es weiß, dass Mama wiederkommt.

Trennungsangst ist kein Trotz. Es ist normaler **Bindungsschutz** – und es gibt Wege, die wirklich helfen.

---

**📖 Was ist drin?**

- Vorlese-Geschichte: „Wenn Mama geht"" – und wie ein kleines Glas mit Glitzer Sicherheit schenkt
- Elternratgeber: Warum das Weinen am Morgen kein schlechtes Zeichen ist
- Die **Warteglas-Methode**: Wie ein einfaches Objekt große Sicherheit geben kann
- Begleitgeschichte: „Mama kommt immer wieder"" – ein Satz, der verankert
- Mitmachseiten & Arbeitsblätter

---

**Für wen?**
✔ Eltern von Kindern in der Kita-Eingewöhnung oder bei Übergängen
✔ Erzieherinnen, die täglich weinende Abschiede begleiten
✔ Alle, die einem Kind helfen wollen, Abschiede leichter zu tragen

---

**📥 Sofortiger Download nach Kauf**
Format: PDF | Druckfertig | ~20 Seiten

🎁 Bundle: Alle 10 Ausgaben im Shop!",3.9,EUR,999,"Trennungsangst_Kita_Kind,Eingewöhnung_Kita_Tipps_Eltern,Begleitgeschichte_Abschied,Mama_geht_Kita_weinen,Warteglas_Methode_Kinder,Bindungsangst_Kleinkind,PDF_Kita_Eingewöhnung,Vorlesen_Abschied_Kinder,hochsensibles_Kind_Tipps,Kita_Eingewöhnung,PDF_Download_Kita,Lernolotl,neurodiverses_Kind",,https://i.etsystatic.com/64486107/r/il/1b2f7c/7870827557/il_fullxfull.7870827557_g7bt.jpg,https://i.etsystatic.com/64486107/r/il/09a667/7870827669/il_fullxfull.7870827669_o3o0.jpg,https://i.etsystatic.com/64486107/r/il/ab1a0f/7822879226/il_fullxfull.7822879226_glxk.jpg,https://i.etsystatic.com/64486107/r/il/f8e41b/7870828009/il_fullxfull.7870828009_p6t6.jpg,https://i.etsystatic.com/64486107/r/il/133c18/7822879362/il_fullxfull.7822879362_5ikk.jpg,https://i.etsystatic.com/64486107/r/il/06baf9/7822879448/il_fullxfull.7822879448_nkig.jpg,https://i.etsystatic.com/64486107/r/il/bd63a2/7870828231/il_fullxfull.7870828231_svjg.jpg,https://i.etsystatic.com/64486107/r/il/55d6e4/7822879578/il_fullxfull.7822879578_19m2.jpg,https://i.etsystatic.com/64486107/r/il/6549a6/7822879624/il_fullxfull.7822879624_b0g4.jpg,,,,,,,,,,,
"Lernolotl Ratgeber #2 – Darf ich mitspielen? | Begleitgeschichte + Elternratgeber | PDF Download","Wenn Kinder nicht wissen, wie sie anfangen sollen – Vorlese-Geschichte + Strategien gegen soziale Hemmschwelle, ab 3 Jahren.

**Euer Kind steht am Rand des Spielplatzes und schaut zu. Es will mitspielen – aber die Worte kommen nicht.**

Das ist keine Schüchternheit. Das ist soziale Hemmschwelle – und die ist trainierbar.

Dieser Ratgeber zeigt, wie Kinder lernen, **den ersten Schritt zu wagen** – auf ihre eigene Art. Denn manchmal reicht es, der Navigator zu sein.

---

**📖 Was ist drin?**

- Vorlese-Geschichte: „Darf ich mitspielen?"" – wie der Lernolotl seinen Einstieg findet (Spoiler: über Kepler-442b)
- Elternratgeber: Der Unterschied zwischen Schüchternheit und sozialer Hemmschwelle – und warum er wichtig ist
- 5 Strategien, die wirklich funktionieren – ohne Druck
- Begleitgeschichte: „Meine Stärke ist mein Einstieg"" – wie Kinder ihre eigene Rolle finden
- Mitmachseiten & Arbeitsblätter

---

**Für wen?**
✔ Eltern von Kindern, die sich schwer tun anzufangen
✔ Erzieherinnen in inklusiven Kita-Gruppen
✔ Alle, die ein Kind begleiten, das lieber beobachtet als mitmacht

---

**📥 Sofortiger Download nach Kauf**
Format: PDF | Druckfertig | ~20 Seiten

🎁 Alle 10 Ausgaben auch als Bundle erhältlich!",3.9,EUR,999,"soziale_Hemmschwelle_Kind,Spielplatz_Kinder_Mitspielen,Kita_Inklusion_Strategie,Begleitgeschichte_Freundschaft,Kind_traut_sich_nicht,neurodiverses_Kind_Freunde,Axolotl_Lernhilfe_Kita,PDF_Erzieherinnen_Kinder,Kita_Ratgeber_Eltern,Kita_Eingewöhnung,Druckvorlage_Kinder,PDF_Download_Kita,eurodiverses_Kind",,https://i.etsystatic.com/64486107/r/il/8d76c9/7822863580/il_fullxfull.7822863580_duhb.jpg,https://i.etsystatic.com/64486107/r/il/e7b1cf/7822863774/il_fullxfull.7822863774_85jq.jpg,https://i.etsystatic.com/64486107/r/il/e8d2d7/7870812953/il_fullxfull.7870812953_8msk.jpg,https://i.etsystatic.com/64486107/r/il/444342/7870813035/il_fullxfull.7870813035_7eil.jpg,https://i.etsystatic.com/64486107/r/il/1bdef0/7870813173/il_fullxfull.7870813173_cgd6.jpg,https://i.etsystatic.com/64486107/r/il/0bc1ab/7870813275/il_fullxfull.7870813275_f4s2.jpg,https://i.etsystatic.com/64486107/r/il/714ed4/7822865796/il_fullxfull.7822865796_rj8v.jpg,https://i.etsystatic.com/64486107/r/il/285582/7870814631/il_fullxfull.7870814631_t2ku.jpg,https://i.etsystatic.com/64486107/r/il/3c2232/7822865972/il_fullxfull.7822865972_90k5.jpg,,,,,,,,,,,
"Lernolotl Ratgeber #1 – Wenn es zu laut wird | Begleitgeschichte + Elternratgeber | PDF Download","Für hochsensible Kinder & Kinder mit sensorischer Überlastung – Vorlese-Geschichte + Fachinput + Mitmachseiten ab 3 Jahren.

**Kennt ihr das? Morgenkreis, alle singen – und euer Kind hält sich die Ohren zu.**

Nicht weil es stört. Sondern weil die Welt gerade zu laut ist.

Dieser Ratgeber begleitet Familien und Fachkräfte beim Thema **sensorische Überlastung bei Kindern** – mit einer Vorlese-Geschichte über den Lernolotl, Fachinput für Eltern und konkreten Strategien für den Alltag.

---

**📖 Was ist drin?**

- Vorlese-Geschichte: „Der laute Morgenkreis"" – wie der Lernolotl seinen Weg findet
- Elternratgeber: Was Hochsensibilität wirklich bedeutet (15–20 % aller Kinder!) und warum es eine Stärke ist
- Gesprächsleitfaden: 6 Fragen, die wirklich öffnen – ohne Druck
- Begleitgeschichte für Kinder: „Mein Plan für laute Momente"" – 4 Schritte, die Kinder selbst anwenden können
- Mitmachseiten & Arbeitsblätter zum Ausdrucken

---

**Für wen ist dieser Ratgeber?**

✔ Eltern hochsensibler oder neurodiverser Kinder (ab 3 Jahren)
✔ Erzieherinnen & pädagogische Fachkräfte
✔ Grundschullehrerinnen mit inklusiver Ausrichtung
✔ Alle, die ein Kind begleiten, das sich manchmal „zu voll"" fühlt

---

**💡 Warum der Lernolotl?**

Der Lernolotl ist ein Axolotl – und wie echte Axolotl trägt er Dinge anders, nicht weniger. Die Geschichten entstanden aus echten Erfahrungen mit einem neurodivers denkenden Kind und werden von einer ausgebildeten Grundschullehrerin mit Inklusionserfahrung fachlich begleitet.

**Keine Ratschläge von oben. Kein erhobener Zeigefinger. Nur echte Situationen – und Wege, die wirklich helfen.**

---

**📥 Sofortiger Download nach Kauf**
Format: PDF | Druckfertig | ~20 Seiten | Nur für privaten & pädagogischen Gebrauch

🎁 **Alle 10 Ausgaben gibt es auch als Bundle – schau in meinen Shop!**",3.9,EUR,999,"Kita_Ratgeber,ADHS_Kinder,Autismus_Alltag,Eltern_Ratgeber,digitaler_Download,Druckvorlage,neurodivergente_Kinder,Vorschule,Begleitgeschichte,Erzieher_Material,Kindergarten,Familienratgeber,Lernolotl",,https://i.etsystatic.com/64486107/r/il/71e665/7870797399/il_fullxfull.7870797399_au0k.jpg,https://i.etsystatic.com/64486107/r/il/f03890/7822849216/il_fullxfull.7822849216_tltc.jpg,https://i.etsystatic.com/64486107/r/il/25def1/7870799193/il_fullxfull.7870799193_8i7n.jpg,https://i.etsystatic.com/64486107/r/il/c689b2/7822850610/il_fullxfull.7822850610_3zjh.jpg,https://i.etsystatic.com/64486107/r/il/de1837/7822850612/il_fullxfull.7822850612_1zem.jpg,https://i.etsystatic.com/64486107/r/il/a19597/7822850666/il_fullxfull.7822850666_oqwb.jpg,https://i.etsystatic.com/64486107/r/il/b446d8/7870799187/il_fullxfull.7870799187_8r85.jpg,https://i.etsystatic.com/64486107/r/il/8a6cf5/7870799191/il_fullxfull.7870799191_rwg1.jpg,https://i.etsystatic.com/64486107/r/il/b0f7ac/7870799183/il_fullxfull.7870799183_o5g9.jpg,,,,,,,,,,,
"Parent Teacher Conference ADHD Guide - Communication Templates Elementary School - Special Education Parent Meeting Resources PDF","Parent-teacher conferences are hard. Parent-teacher conferences about ADHD are harder.

You need to discuss behavior challenges, academic struggles, and intervention strategies—without triggering defensiveness, blame, or conflict. One wrong phrase and the parent shuts down. Partnership becomes impossible.

**This guide gives you the exact language, frameworks, and templates to make ADHD parent conferences productive instead of painful.**

✅ **What you'll master:**
• **Strength-Based Opening** - Start with what's working (this changes everything)
• **Data-Driven Discussion** - Present concerns with evidence, not emotion
• **Collaborative Problem-Solving** - Make parents partners, not adversaries
• **Difficult Topics Framework** - Medication, diagnosis, behavioral interventions
• **Documentation Templates** - Track progress and communication (CYA legally)
• **Accommodation Planning** - What the school can do, what home can do
• **Follow-Up Systems** - Maintain partnership beyond the 15-minute meeting

💡 **The language shift:**
❌ ""Your child is disruptive and won't focus""
✅ ""I've noticed focus challenges during independent work. Let's discuss strategies that help at home and how we can adapt those at school.""

**Same concern. Completely different reception.**

🎯 **Templates you get:**
• Pre-conference parent questionnaire
• Conference agenda template
• Strengths & challenges documentation
• Intervention planning worksheet
• Follow-up communication log
• Accommodation request form
• Progress tracking sheet

**This unique dual perspective changes everything.**

📚 **Communication science-based** - combining education best practices with conflict resolution research

📥 **What you download:**
• PDF guide (instant download after purchase)
• Print-optimized for US Letter size
• 7+ ready-to-use templates
• Communication scripts for difficult topics
• Email templates for follow-up
• Conference preparation checklist
• **Free preview available:** https://autismfamilyguide.com/preview/preview_adhd_conferences.html

💵 **Price:** $7.99 (one-time purchase)

🔒 **Usage Rights:** Personal + School Use Allowed | No Commercial Resale

**Turn defensive parents into collaborative partners. The right communication framework makes all the difference.**

---

**Legal Information:**
Seller: Paul Rawe (Small Business)
• Imprint/About: https://autismus-adhs-alltag.de/rechtliches/etsy-impressum.html
• Terms & Conditions: https://autismus-adhs-alltag.de/rechtliches/etsy-agb.html
• Privacy Policy: https://autismus-adhs-alltag.de/rechtliches/etsy-datenschutz.html",5.49,EUR,998,"conference_guide,school_communication,parent_partnership,difficult_conversations,teacher_resources,adhd_advocacy,parent_collaboration,elementary_teacher,special_education,conference_templates,teacher_communication,adhd_parent_meeting,parent_teacher_conference",,https://i.etsystatic.com/64486107/r/il/ae9f7c/7744359567/il_fullxfull.7744359567_56fq.jpg,https://i.etsystatic.com/64486107/r/il/37260a/7744359803/il_fullxfull.7744359803_iysb.jpg,https://i.etsystatic.com/64486107/r/il/79906e/7696412940/il_fullxfull.7696412940_s8as.jpg,https://i.etsystatic.com/64486107/r/il/6a3593/7744360151/il_fullxfull.7744360151_qnfn.jpg,https://i.etsystatic.com/64486107/r/il/2c6d1d/7744360273/il_fullxfull.7744360273_mbaa.jpg,https://i.etsystatic.com/64486107/r/il/5f9092/7696413378/il_fullxfull.7696413378_la9z.jpg,https://i.etsystatic.com/64486107/r/il/35d638/7744360605/il_fullxfull.7744360605_g4mo.jpg,https://i.etsystatic.com/64486107/r/il/b047eb/7696413730/il_fullxfull.7696413730_7142.jpg,,,,,,,,,,,,
"Gefühlsgeschichte Wut · Grundschule Klasse 3–4 · Arbeitsblätter PDF · Leo Löwe und das Feuer im Bauch · Der Lernolotl**","Ist Wut immer falsch? Oder kann sie manchmal sogar Recht haben? Leo lernt, dass das Feuer in ihm eine Botschaft trägt – wenn man nur lernt, es zu lesen.

„Leo Löwe und das Feuer im Bauch"" lädt Kinder ein, Wut als Signal zu verstehen und eigene Regulationsstrategien zu entwickeln. Die Geschichte ist **kostenlos auf lernolotl.de** zu lesen – hier kaufst du das Begleitmaterial für Grundschule Klasse 3/4 (8–10 Jahre).

**📦 Das ist im Paket enthalten:**
✔ Aufgabe 1 – Was ist Wut – und wann ist sie berechtigt? (3–4 Sätze)
✔ Aufgabe 2 – Wut als Botschaft: Was will sie uns sagen?
✔ Aufgabe 3 – Konstruktive Wut vs. destruktive Wut: Wo liegt der Unterschied?
✔ Aufgabe 4 – Eigene Strategien: Mein persönlicher Wut-Notfallplan
⭐ Extraklug-Aufgabe: Ratgebertext über Wut für Kinder (8+ Sätze)
🎨 Ganzseitiges Ausmalbild zur Geschichte
📖 Geschichte als druckfertiges PDF (die vollständige Erzählung)
✅ Lösungsblatt mit Bewertungskriterien für Lehrkräfte
💡 Hinweis mit Lernzielen, Lehrplanbezug & Zeitaufwand

**🎯 Lernziele:**
Wut als Information · Impulskontrolle · konstruktiver Ausdruck · Selbstwirksamkeit

**💬 Ideal für:**
Lehrkräfte (Ethik, Deutsch, Sachunterricht) · Gewaltprävention · Schulsozialpädagogik · Konflikttraining

**📖 Die Geschichte zuerst lesen:** lernolotl.de
**🛒 Sofort-Download** nach dem Kauf · Druckfertig auf A4 · PDF-Format

© Der Lernolotl · Erstellt von Katharina R., Grundschullehrerin",1.99,EUR,999,"Gefuehlsgeschichte,Sozial_emotional,Arbeitsblatt_PDF,Lernolotl,Grundschule_Klasse_3,Grundschule_Klasse_4,Lehrkraft_Material,Wut_Kinder,Wutanfall_Kind,Wut_Geschichte,Impulskontrolle_Kind,Wut_bewaeltigen,Leo_Loewe",,https://i.etsystatic.com/64486107/r/il/ca59e7/7808442770/il_fullxfull.7808442770_1ff6.jpg,https://i.etsystatic.com/64486107/r/il/e9eaa0/7856383159/il_fullxfull.7856383159_izgd.jpg,https://i.etsystatic.com/64486107/r/il/6e1439/7856383151/il_fullxfull.7856383151_1sr3.jpg,https://i.etsystatic.com/64486107/r/il/6e666a/7808441950/il_fullxfull.7808441950_d94c.jpg,https://i.etsystatic.com/64486107/r/il/ebd136/7808441962/il_fullxfull.7808441962_2pxl.jpg,https://i.etsystatic.com/64486107/r/il/416150/7808442018/il_fullxfull.7808442018_pd12.jpg,https://i.etsystatic.com/64486107/r/il/614b40/7808442554/il_fullxfull.7808442554_ploy.jpg,https://i.etsystatic.com/64486107/r/il/169c1d/7808442562/il_fullxfull.7808442562_lpok.jpg,https://i.etsystatic.com/64486107/r/il/0227b6/7856383771/il_fullxfull.7856383771_ivha.jpg,https://i.etsystatic.com/64486107/r/il/baf80e/7808442580/il_fullxfull.7808442580_epec.jpg,,,,,,,,,,
"Gefühlsgeschichte Wut · Grundschule Klasse 1–2 · Arbeitsblätter PDF · Leo Löwe und das Feuer im Bauch · Der Lernolotl**","Das Feuer in Leos Bauch will brüllen und stampfen. Aber Mama zeigt ihm: Wut darf sein – sie muss nur den richtigen Weg finden.

„Leo Löwe und das Feuer im Bauch"" hilft Kindern, Wut zu verstehen und konstruktiv damit umzugehen. Die Geschichte ist **kostenlos auf lernolotl.de** zu lesen – hier kaufst du das Begleitmaterial für Grundschule Klasse 1/2 (6–8 Jahre).

**📦 Das ist im Paket enthalten:**
✔ Aufgabe 1 – Richtig oder Falsch? (Textverständnis)
✔ Aufgabe 2 – Wut im Körper: Was spürt Leo genau?
✔ Aufgabe 3 – Was ist der Unterschied zwischen Wut fühlen und Wut ausleben?
✔ Aufgabe 4 – Was hilft mir, wenn das Feuer kommt?
⭐ Extraklug-Aufgabe: Mein persönlicher Wut-Plan (3+ Sätze)
🎨 Ganzseitiges Ausmalbild zur Geschichte
📖 Geschichte als druckfertiges PDF (die vollständige Erzählung)
✅ Lösungsblatt für Eltern & Lehrkräfte
💡 Hinweis mit Lernzielen, Gesprächsanregungen & Zeitaufwand

**🎯 Lernziele:**
Wut regulieren · Körperwahrnehmung · konstruktiver Ausdruck · Selbstkontrolle

**💬 Ideal für:**
Grundschullehrkräfte (Ethik, Sachunterricht) · Gewaltprävention · Eltern mit impulsiven Kindern

**📖 Die Geschichte zuerst lesen:** lernolotl.de
**🛒 Sofort-Download** nach dem Kauf · Druckfertig auf A4 · PDF-Format

© Der Lernolotl · Erstellt von Katharina R., Grundschullehrerin",1.99,EUR,999,"Gefuehlsgeschichte,Sozial_emotional,Arbeitsblatt_PDF,Lernolotl,Grundschule_Klasse_1,Grundschule_Klasse_2,Ethik_Grundschule,Wut_Kinder,Wutanfall_Kind,Wut_Geschichte,Impulskontrolle_Kind,Wut_bewaeltigen,Leo_Loewe",,https://i.etsystatic.com/64486107/r/il/b62a69/7808433470/il_fullxfull.7808433470_iky5.jpg,https://i.etsystatic.com/64486107/r/il/1b92d4/7808433660/il_fullxfull.7808433660_aeyi.jpg,https://i.etsystatic.com/64486107/r/il/d26e42/7808433646/il_fullxfull.7808433646_tapb.jpg,https://i.etsystatic.com/64486107/r/il/656c8b/7856374863/il_fullxfull.7856374863_ch0r.jpg,https://i.etsystatic.com/64486107/r/il/cb4cf8/7856374873/il_fullxfull.7856374873_9l00.jpg,https://i.etsystatic.com/64486107/r/il/3e80de/7856374943/il_fullxfull.7856374943_e6lg.jpg,https://i.etsystatic.com/64486107/r/il/18b94b/7856375321/il_fullxfull.7856375321_9ejj.jpg,https://i.etsystatic.com/64486107/r/il/42396e/7856375323/il_fullxfull.7856375323_jmhz.jpg,https://i.etsystatic.com/64486107/r/il/da12d1/7808434050/il_fullxfull.7808434050_9ajq.jpg,https://i.etsystatic.com/64486107/r/il/d19c78/7808434060/il_fullxfull.7808434060_fswz.jpg,,,,,,,,,,
"Gefühlsgeschichte Wut · Kita-Paket 3–6 Jahre · Arbeitsblätter PDF · Leo Löwe und das Feuer im Bauch · Der Lernolotl**","Leo ist meistens fröhlich. Aber manchmal lodert ein Feuer in ihm – heiß und stark. Als seine Steinburg zerstört wird, lernt er: Wut ist kein Monster. Man kann ihr Platz geben.

„Leo Löwe und das Feuer im Bauch"" zeigt Kindern, dass Wut normal ist – und dass man lernen kann, mit ihr umzugehen ohne andere zu verletzen. Die Geschichte ist **kostenlos auf lernolotl.de** zu lesen – hier kaufst du das Begleitmaterial für Kita-Kinder (3–6 Jahre).

**📦 Das ist im Paket enthalten:**
✔ Aufgabe 1 – Emoji-Aufgabe: Wie fühlt sich Leo, als die Burg zerstört wird?
✔ Aufgabe 2 – Ankreuzaufgabe: Was hat Leos Mama ihm gezeigt?
✔ Aufgabe 3 – Malaufgabe: Leo, wenn das Feuer kleiner wird
🎨 Ganzseitiges Ausmalbild zur Geschichte
📖 Geschichte als druckfertiges PDF (die vollständige Erzählung)
✅ Lösungsblatt für Eltern & Erzieher:innen
💡 Hinweis mit Lernzielen, Gesprächsanregung & Zeitaufwand

**🎯 Lernziele:**
Wut benennen und normalisieren · Wut ausdrücken ohne zu verletzen · erste Regulationsstrategien

**💬 Ideal für:**
Eltern, deren Kinder Wutausbrüche haben · Erzieher:innen · Gewaltprävention in der Kita

**📖 Die Geschichte zuerst lesen:** lernolotl.de
**🛒 Sofort-Download** nach dem Kauf · Druckfertig auf A4 · PDF-Format

© Der Lernolotl · Erstellt von Katharina R., Grundschullehrerin",1.99,EUR,999,"Gefuehlsgeschichte,Sozial_emotional,Arbeitsblatt_PDF,Lernolotl,Kita_Material,Vorschule_Printable,Erzieher_Material,Wut_Kinder,Wutanfall_Kind,Wut_Geschichte,Impulskontrolle_Kind,Wut_bewaeltigen,Leo_Loewe",,https://i.etsystatic.com/64486107/r/il/639fd7/7808425098/il_fullxfull.7808425098_cp2f.jpg,https://i.etsystatic.com/64486107/r/il/daaf8c/7856365831/il_fullxfull.7856365831_pren.jpg,https://i.etsystatic.com/64486107/r/il/e4f26f/7856365823/il_fullxfull.7856365823_b7md.jpg,https://i.etsystatic.com/64486107/r/il/ea6c70/7808424748/il_fullxfull.7808424748_7afy.jpg,https://i.etsystatic.com/64486107/r/il/754bf3/7856365839/il_fullxfull.7856365839_rrw9.jpg,https://i.etsystatic.com/64486107/r/il/0aa3c2/7808424932/il_fullxfull.7808424932_tqzb.jpg,https://i.etsystatic.com/64486107/r/il/356878/7808424936/il_fullxfull.7808424936_q00l.jpg,https://i.etsystatic.com/64486107/r/il/05745e/7808424934/il_fullxfull.7808424934_dils.jpg,https://i.etsystatic.com/64486107/r/il/71a059/7808424952/il_fullxfull.7808424952_699s.jpg,,,,,,,,,,,
"Gefühlsgeschichte Traurigkeit · Grundschule Klasse 3–4 · Arbeitsblätter PDF · Leni und das leise Gefühl · Der Lernolotl**","Muss man immer einen Grund für Traurigkeit haben? Und was macht jemand zur wirklichen Stütze – Worte oder einfach Dasein? Lenis Geschichte öffnet diese Fragen.

„Leni und das leise Gefühl"" lädt Kinder ein, Traurigkeit als normalen Teil des Lebens zu begreifen und Empathie zu vertiefen. Die Geschichte ist **kostenlos auf lernolotl.de** zu lesen – hier kaufst du das Begleitmaterial für Grundschule Klasse 3/4 (8–10 Jahre).

**📦 Das ist im Paket enthalten:**
✔ Aufgabe 1 – Was ist Traurigkeit – auch ohne erkennbaren Grund? (3–4 Sätze)
✔ Aufgabe 2 – Was hilft wirklich, wenn jemand traurig ist?
✔ Aufgabe 3 – Stille Unterstützung vs. Ratschläge: Was ist wann besser?
✔ Aufgabe 4 – Eigene Erfahrung: Wer war für mich da?
⭐ Extraklug-Aufgabe: Ratgebertext über Traurigkeit für Kinder (8+ Sätze)
🎨 Ganzseitiges Ausmalbild zur Geschichte
📖 Geschichte als druckfertiges PDF (die vollständige Erzählung)
✅ Lösungsblatt mit Bewertungskriterien für Lehrkräfte
💡 Hinweis mit Lernzielen, Lehrplanbezug & Zeitaufwand

**🎯 Lernziele:**
Traurigkeit als normale Emotion · Empathie vertiefen · stille Unterstützung · Selbstfürsorge

**💬 Ideal für:**
Lehrkräfte (Ethik, Deutsch) · Trauerbegleitung in der Schule · Schulsozialpädagogik

**📖 Die Geschichte zuerst lesen:** lernolotl.de
**🛒 Sofort-Download** nach dem Kauf · Druckfertig auf A4 · PDF-Format

© Der Lernolotl · Erstellt von Katharina R., Grundschullehrerin",1.99,EUR,999,"Gefuehlsgeschichte,Sozial_emotional,Arbeitsblatt_PDF,Lernolotl,Grundschule_Klasse_3,Grundschule_Klasse_4,Lehrkraft_Material,Traurigkeit_Kinder,Traurigkeit_Geschichte,Trauer_Kinder,Trost_Kinder,Trauerbegleitung,Gefuehl_Traurigkeit",,https://i.etsystatic.com/64486107/r/il/25a240/7808410054/il_fullxfull.7808410054_b854.jpg,https://i.etsystatic.com/64486107/r/il/91439b/7856351081/il_fullxfull.7856351081_jbv7.jpg,https://i.etsystatic.com/64486107/r/il/4f8cc9/7856351085/il_fullxfull.7856351085_iqg4.jpg,https://i.etsystatic.com/64486107/r/il/d162bf/7808409590/il_fullxfull.7808409590_n57g.jpg,https://i.etsystatic.com/64486107/r/il/21c168/7808409598/il_fullxfull.7808409598_mwom.jpg,https://i.etsystatic.com/64486107/r/il/b74466/7856351295/il_fullxfull.7856351295_dp2h.jpg,https://i.etsystatic.com/64486107/r/il/ddb0dc/7808409828/il_fullxfull.7808409828_6dzs.jpg,https://i.etsystatic.com/64486107/r/il/ba3004/7808409842/il_fullxfull.7808409842_5t7j.jpg,https://i.etsystatic.com/64486107/r/il/5561f0/7856351317/il_fullxfull.7856351317_4j9v.jpg,,,,,,,,,,,
"Gefühlsgeschichte Traurigkeit · Grundschule Klasse 1–2 · Arbeitsblätter PDF · Leni und das leise Gefühl · Der Lernolotl**","Manchmal ist da ein Gefühl, für das man kein Wort hat. Leni kennt das – und lernt, dass sie nicht allein damit sein muss.

„Leni und das leise Gefühl"" begleitet Kinder dabei, Traurigkeit anzunehmen statt zu verdrängen. Die Geschichte ist **kostenlos auf lernolotl.de** zu lesen – hier kaufst du das Begleitmaterial für Grundschule Klasse 1/2 (6–8 Jahre).

**📦 Das ist im Paket enthalten:**
✔ Aufgabe 1 – Richtig oder Falsch? (Textverständnis)
✔ Aufgabe 2 – Was ist Traurigkeit – und warum ist sie normal?
✔ Aufgabe 3 – Was hilft mir, wenn ich traurig bin?
✔ Aufgabe 4 – Wie kann ich merken, dass jemand traurig ist?
⭐ Extraklug-Aufgabe: Brief an Leni schreiben (3+ Sätze)
🎨 Ganzseitiges Ausmalbild zur Geschichte
📖 Geschichte als druckfertiges PDF (die vollständige Erzählung)
✅ Lösungsblatt für Eltern & Lehrkräfte
💡 Hinweis mit Lernzielen, Gesprächsanregungen & Zeitaufwand

**🎯 Lernziele:**
Traurigkeit normalisieren · Trost geben und annehmen · Empathie · Selbstfürsorge

**💬 Ideal für:**
Grundschullehrkräfte (Ethik, Sachunterricht) · Trauerbegleitung · Eltern in herausfordernden Lebensphasen

**📖 Die Geschichte zuerst lesen:** lernolotl.de
**🛒 Sofort-Download** nach dem Kauf · Druckfertig auf A4 · PDF-Format

© Der Lernolotl · Erstellt von Katharina R., Grundschullehrerin",1.99,EUR,999,"Gefuehlsgeschichte,Sozial_emotional,Arbeitsblatt_PDF,Lernolotl,Grundschule_Klasse_1,Grundschule_Klasse_2,Ethik_Grundschule,Traurigkeit_Kinder,Traurigkeit_Geschichte,Trauer_Kinder,Trost_Kinder,Trauerbegleitung,Gefuehl_Traurigkeit",,https://i.etsystatic.com/64486107/r/il/2c06f4/7808400180/il_fullxfull.7808400180_gbdv.jpg,https://i.etsystatic.com/64486107/r/il/c89c92/7856341223/il_fullxfull.7856341223_s2hq.jpg,https://i.etsystatic.com/64486107/r/il/abc9c9/7808399748/il_fullxfull.7808399748_6nc2.jpg,https://i.etsystatic.com/64486107/r/il/c554f0/7808399744/il_fullxfull.7808399744_2jhf.jpg,https://i.etsystatic.com/64486107/r/il/16b40d/7808399750/il_fullxfull.7808399750_hu3h.jpg,https://i.etsystatic.com/64486107/r/il/aefa2b/7808399952/il_fullxfull.7808399952_qalh.jpg,https://i.etsystatic.com/64486107/r/il/0e969d/7856341467/il_fullxfull.7856341467_o057.jpg,https://i.etsystatic.com/64486107/r/il/aeaefb/7808399956/il_fullxfull.7808399956_kqx2.jpg,https://i.etsystatic.com/64486107/r/il/c4df70/7808399986/il_fullxfull.7808399986_f5ij.jpg,https://i.etsystatic.com/64486107/r/il/a17c84/7856341471/il_fullxfull.7856341471_4uy0.jpg,,,,,,,,,,
"Gefühlsgeschichte Traurigkeit · Kita-Paket 3–6 Jahre · Arbeitsblätter PDF · Leni und das leise Gefühl · Der Lernolotl**","Leni hat ein schweres, leises Gefühl in der Brust. Sie weiß nicht mal, warum. Die Erzieherin setzt sich zu ihr – und bleibt einfach da.

„Leni und das leise Gefühl"" ist eine behutsame Geschichte darüber, dass Traurigkeit manchmal keine Worte braucht. Nur Zeit. Und jemanden, der bleibt. Die Geschichte ist **kostenlos auf lernolotl.de** zu lesen – hier kaufst du das Begleitmaterial für Kita-Kinder (3–6 Jahre).

**📦 Das ist im Paket enthalten:**
✔ Aufgabe 1 – Emoji-Aufgabe: Wie fühlt sich Leni?
✔ Aufgabe 2 – Ankreuzaufgabe: Was hat die Erzieherin gemacht?
✔ Aufgabe 3 – Malaufgabe: Jemanden malen, der bei mir bleibt
🎨 Ganzseitiges Ausmalbild zur Geschichte
📖 Geschichte als druckfertiges PDF (die vollständige Erzählung)
✅ Lösungsblatt für Eltern & Erzieher:innen
💡 Hinweis mit Lernzielen, Gesprächsanregung & Zeitaufwand

**🎯 Lernziele:**
Traurigkeit zulassen und benennen · Trost annehmen · Stille als Unterstützung erleben

**💬 Ideal für:**
Eltern in schwierigen Familienphasen · Erzieher:innen · Trauerbegleitung im Kita-Alltag

**📖 Die Geschichte zuerst lesen:** lernolotl.de
**🛒 Sofort-Download** nach dem Kauf · Druckfertig auf A4 · PDF-Format

© Der Lernolotl · Erstellt von Katharina R., Grundschullehrerin",1.99,EUR,999,"Gefuehlsgeschichte,Sozial_emotional,Arbeitsblatt_PDF,Lernolotl,Kita_Material,Vorschule_Printable,Erzieher_Material,Traurigkeit_Kinder,Traurigkeit_Geschichte,Trauer_Kinder,Trost_Kinder,Trauerbegleitung,Gefuehl_Traurigkeit",,https://i.etsystatic.com/64486107/r/il/45e42f/7808391368/il_fullxfull.7808391368_mygt.jpg,https://i.etsystatic.com/64486107/r/il/80ebbc/7856331287/il_fullxfull.7856331287_fny6.jpg,https://i.etsystatic.com/64486107/r/il/f6ecc7/7856331283/il_fullxfull.7856331283_48d0.jpg,https://i.etsystatic.com/64486107/r/il/9d1819/7808390384/il_fullxfull.7808390384_71hx.jpg,https://i.etsystatic.com/64486107/r/il/87b92b/7856331289/il_fullxfull.7856331289_go2y.jpg,https://i.etsystatic.com/64486107/r/il/24811a/7856331999/il_fullxfull.7856331999_mxji.jpg,https://i.etsystatic.com/64486107/r/il/f3b31d/7808391048/il_fullxfull.7808391048_r0yi.jpg,https://i.etsystatic.com/64486107/r/il/01540f/7856331995/il_fullxfull.7856331995_diet.jpg,https://i.etsystatic.com/64486107/r/il/137f51/7856331997/il_fullxfull.7856331997_l3af.jpg,,,,,,,,,,,
"Gefühlsgeschichte Mut · Grundschule Klasse 3–4 · Arbeitsblätter PDF · Emma und die mutige Frage · Der Lernolotl**","Ist jemand mutiger, der laut protestiert – oder wer leise aufzeigt, obwohl das Herz rast? Emma stellt diese Frage auf ihre eigene Weise.

„Emma und die mutige Frage"" lädt Kinder ein, Mut neu zu definieren und ihre eigene stille Stärke zu erkennen. Die Geschichte ist **kostenlos auf lernolotl.de** zu lesen – hier kaufst du das Begleitmaterial für Grundschule Klasse 3/4 (8–10 Jahre).

**📦 Das ist im Paket enthalten:**
✔ Aufgabe 1 – Was ist Mut? Eigene Definition mit Beispiel (3–4 Sätze)
✔ Aufgabe 2 – Lauter vs. stiller Mut: Was ist der Unterschied?
✔ Aufgabe 3 – Wann ist Schweigen mutig – und wann nicht?
✔ Aufgabe 4 – Selbstvertrauen stärken: Was hilft mir persönlich?
⭐ Extraklug-Aufgabe: Ratgebertext über stille Stärke für Kinder (8+ Sätze)
🎨 Ganzseitiges Ausmalbild zur Geschichte
📖 Geschichte als druckfertiges PDF (die vollständige Erzählung)
✅ Lösungsblatt mit Bewertungskriterien für Lehrkräfte
💡 Hinweis mit Lernzielen, Lehrplanbezug & Zeitaufwand

**🎯 Lernziele:**
Mut als Haltung · stilles Selbstvertrauen · Introversion als Stärke · reflektierendes Schreiben

**💬 Ideal für:**
Lehrkräfte (Ethik, Deutsch) · Begabtenförderung · Stärkung introvertierter Schüler:innen

**📖 Die Geschichte zuerst lesen:** lernolotl.de
**🛒 Sofort-Download** nach dem Kauf · Druckfertig auf A4 · PDF-Format

© Der Lernolotl · Erstellt von Katharina R., Grundschullehrerin",1.99,EUR,999,"Gefuehlsgeschichte,Sozial_emotional,Arbeitsblatt_PDF,Lernolotl,Grundschule_Klasse_3,Grundschule_Klasse_4,Lehrkraft_Material,Mut_Kinder,Selbstvertrauen_Kind,Mut_Geschichte,Schüchternheit_Kind,Introversion_Staerke,Selbstwirksamkeit",,https://i.etsystatic.com/64486107/r/il/98a305/7856314743/il_fullxfull.7856314743_cgww.jpg,https://i.etsystatic.com/64486107/r/il/f2641c/7808373698/il_fullxfull.7808373698_5so9.jpg,https://i.etsystatic.com/64486107/r/il/be7e20/7856314213/il_fullxfull.7856314213_4sil.jpg,https://i.etsystatic.com/64486107/r/il/e160b2/7808373696/il_fullxfull.7808373696_hrvf.jpg,https://i.etsystatic.com/64486107/r/il/a5d3a5/7808373700/il_fullxfull.7808373700_rt2l.jpg,https://i.etsystatic.com/64486107/r/il/912cc0/7856314483/il_fullxfull.7856314483_grki.jpg,https://i.etsystatic.com/64486107/r/il/30e929/7808373896/il_fullxfull.7808373896_vdn6.jpg,https://i.etsystatic.com/64486107/r/il/e30630/7808373898/il_fullxfull.7808373898_vkyp.jpg,https://i.etsystatic.com/64486107/r/il/9b3a0a/7808373910/il_fullxfull.7808373910_3zr9.jpg,,,,,,,,,,,
"Gefühlsgeschichte Mut · Grundschule Klasse 1–2 · Arbeitsblätter PDF · Emma und die mutige Frage · Der Lernolotl**","Emma versteht vieles gut – aber manchmal fehlt ihr ein kleines Stück. Und heute traut sie sich, danach zu fragen. Das ist mutiger, als es klingt.

„Emma und die mutige Frage"" begleitet Kinder dabei zu verstehen, dass Mut im Kleinen beginnt. Die Geschichte ist **kostenlos auf lernolotl.de** zu lesen – hier kaufst du das Begleitmaterial für Grundschule Klasse 1/2 (6–8 Jahre).

**📦 Das ist im Paket enthalten:**
✔ Aufgabe 1 – Richtig oder Falsch? (Textverständnis)
✔ Aufgabe 2 – Warum braucht Fragen manchmal Mut?
✔ Aufgabe 3 – Wann war ich selbst mutig – auf leise Art?
✔ Aufgabe 4 – Was hilft mir, mutig zu sein?
⭐ Extraklug-Aufgabe: Mutiger Moment beschreiben (3+ Sätze)
🎨 Ganzseitiges Ausmalbild zur Geschichte
📖 Geschichte als druckfertiges PDF (die vollständige Erzählung)
✅ Lösungsblatt für Eltern & Lehrkräfte
💡 Hinweis mit Lernzielen, Gesprächsanregungen & Zeitaufwand

**🎯 Lernziele:**
Mut als Spektrum verstehen · stilles Selbstvertrauen · Fragen stellen als Stärke · Empathie

**💬 Ideal für:**
Grundschullehrkräfte (Ethik, Deutsch) · Schüchterne Kinder stärken · Klassengemeinschaft

**📖 Die Geschichte zuerst lesen:** lernolotl.de
**🛒 Sofort-Download** nach dem Kauf · Druckfertig auf A4 · PDF-Format

© Der Lernolotl · Erstellt von Katharina R., Grundschullehrerin",1.99,EUR,999,"Gefuehlsgeschichte,Sozial_emotional,Arbeitsblatt_PDF,Lernolotl,Grundschule_Klasse_1,Grundschule_Klasse_2,Ethik_Grundschule,Mut_Kinder,Selbstvertrauen_Kind,Mut_Geschichte,Schüchternheit_Kind,Introversion_Staerke,Selbstwirksamkeit",,https://i.etsystatic.com/64486107/r/il/e41696/7856307351/il_fullxfull.7856307351_gcfj.jpg,https://i.etsystatic.com/64486107/r/il/fd8c36/7856305577/il_fullxfull.7856305577_6kul.jpg,https://i.etsystatic.com/64486107/r/il/8d081e/7856305581/il_fullxfull.7856305581_n9a3.jpg,https://i.etsystatic.com/64486107/r/il/12585e/7808365130/il_fullxfull.7808365130_dgzl.jpg,https://i.etsystatic.com/64486107/r/il/953df5/7808365134/il_fullxfull.7808365134_8mr5.jpg,https://i.etsystatic.com/64486107/r/il/8cb0e5/7856306313/il_fullxfull.7856306313_mc4t.jpg,https://i.etsystatic.com/64486107/r/il/106dd1/7856306311/il_fullxfull.7856306311_lj13.jpg,https://i.etsystatic.com/64486107/r/il/484d73/7856306307/il_fullxfull.7856306307_q1mg.jpg,https://i.etsystatic.com/64486107/r/il/866d75/7808365936/il_fullxfull.7808365936_4gfw.jpg,,,,,,,,,,,
"Gefühlsgeschichte Mut · Kita-Paket 3–6 Jahre · Arbeitsblätter PDF · Emma und die mutige Frage · Der Lernolotl**","Emma hört zu, denkt nach und schweigt oft. Aber heute hat sie eine Frage – und traut sich, sie zu stellen. Das fühlt sich gut an.

„Emma und die mutige Frage"" zeigt Kindern, dass Mut nicht laut sein muss – manchmal ist ein leises Aufzeigen das Mutigste von allem. Die Geschichte ist **kostenlos auf lernolotl.de** zu lesen – hier kaufst du das Begleitmaterial für Kita-Kinder (3–6 Jahre).

**📦 Das ist im Paket enthalten:**
✔ Aufgabe 1 – Emoji-Aufgabe: Wie fühlt sich Emma, bevor sie fragt?
✔ Aufgabe 2 – Ankreuzaufgabe: Was hat Emma am Ende gemacht?
✔ Aufgabe 3 – Malaufgabe: Etwas malen, wofür ich mutig sein musste
🎨 Ganzseitiges Ausmalbild zur Geschichte
📖 Geschichte als druckfertiges PDF (die vollständige Erzählung)
✅ Lösungsblatt für Eltern & Erzieher:innen
💡 Hinweis mit Lernzielen, Gesprächsanregung & Zeitaufwand

**🎯 Lernziele:**
Mut als erlernbare Fähigkeit · stille Stärke anerkennen · Selbstvertrauen stärken

**💬 Ideal für:**
Eltern schüchterner oder introvertierter Kinder · Erzieher:innen · Schuleintrittsbegleitung

**📖 Die Geschichte zuerst lesen:** lernolotl.de
**🛒 Sofort-Download** nach dem Kauf · Druckfertig auf A4 · PDF-Format

© Der Lernolotl · Erstellt von Katharina R., Grundschullehrerin",1.99,EUR,999,"Gefuehlsgeschichte,Sozial_emotional,Arbeitsblatt_PDF,Lernolotl,Kita_Material,Vorschule_Printable,Erzieher_Material,Mut_Kinder,Selbstvertrauen_Kind,Mut_Geschichte,Schüchternheit_Kind,Introversion_Staerke,Selbstwirksamkeit",,https://i.etsystatic.com/64486107/r/il/c5cd6f/7808354944/il_fullxfull.7808354944_tdni.jpg,https://i.etsystatic.com/64486107/r/il/8844de/7808354444/il_fullxfull.7808354444_6e9h.jpg,https://i.etsystatic.com/64486107/r/il/d2bcbc/7808354448/il_fullxfull.7808354448_cdsc.jpg,https://i.etsystatic.com/64486107/r/il/843b4c/7856294865/il_fullxfull.7856294865_96q8.jpg,https://i.etsystatic.com/64486107/r/il/7193a3/7856294857/il_fullxfull.7856294857_rth4.jpg,https://i.etsystatic.com/64486107/r/il/7154f9/7856295031/il_fullxfull.7856295031_9agi.jpg,https://i.etsystatic.com/64486107/r/il/b06b22/7856295043/il_fullxfull.7856295043_p3bk.jpg,https://i.etsystatic.com/64486107/r/il/5a037f/7856295039/il_fullxfull.7856295039_ell6.jpg,https://i.etsystatic.com/64486107/r/il/e81760/7808354650/il_fullxfull.7808354650_p58s.jpg,,,,,,,,,,,
"Gefühlskarten Kinder – 11 Gefühle Begleitung & Erziehung – Druckbare PDF Karten Eltern Grundschule Kita – Lernolotl","Dein Kind fühlt gerade etwas – und du weißt nicht genau, wie du es begleiten sollst?

Diese 11 druckbaren Gefühlskarten helfen Eltern und Lehrkräften dabei, Kinder durch starke Gefühle zu führen. Jede Karte zeigt ein Gefühl auf der Vorderseite – und liefert auf der Rückseite pädagogisch fundierte Begleitung für Erwachsene: Was passiert gerade, wie du helfen kannst und ein konkreter Gesprächseinstieg.

✦ WAS DU BEKOMMST ✦

11 doppelseitige Gefühlskarten als druckbare PDF-Datei (A4, zum Falten auf A5/Postkartengröße):

• Angst & Unsicherheit
• Wut & Aggression
• Traurigkeit & Schmerz
• Eifersucht & Neid
• Unsicherheit & Scham
• Mut & Selbstvertrauen
• Freude & Zufriedenheit
• Einsamkeit & Alleinsein
• Dankbarkeit
• Geduld & Warten
• Frustration & Enttäuschung

Dazu: Deckblatt, Anleitungsseite und Abschluss-Reflexionskarte.

✦ SO FUNKTIONIERT ES ✦

Vorderseite → Stimmungsvolles Gefühlsbild, das Kinder sofort verstehen.
Rückseite → Für Eltern: Was passiert im Kind gerade? Wie kannst du helfen? + konkreter Gesprächseinstieg.

Einmal ausdrucken, einmal falten – fertig. Die Karten können laminiert und immer wieder genutzt werden.

✦ FÜR WEN ✦

→ Eltern, die ihren Kindern helfen wollen, Gefühle zu benennen
→ Erzieherinnen & Erzieher in Kita und Grundschule
→ Lehrkräfte im Sachunterricht oder Ethikunterricht
→ Therapeutinnen & Therapeuten in der Kinderarbeit
→ Alle, die Kinder emotional stärken möchten

Besonders gut geeignet für Kinder zwischen 4 und 10 Jahren – und für Kinder, die ihre Gefühle schwer in Worte fassen können.

✦ INSTANT DOWNLOAD ✦

Nach dem Kauf erhältst du sofort eine hochauflösende PDF-Datei (300 dpi, druckbereit). Kein Warten, keine Lieferzeit.

✦ DRUCK-EMPFEHLUNG ✦

→ Normales Druckerpapier: sofort einsatzbereit
→ 150–300g Karton: stabile Karten zum Laminieren
→ Fotoqualität: besonders lebendige Farben

✦ HINWEIS ✦

Dies ist ein digitales Produkt. Es wird keine physische Karte versendet. Aufgrund der Art des digitalen Downloads sind Rückgaben leider nicht möglich.

Entwickelt aus dem Familienalltag mit einem neurodiversen Kind – pädagogisch fundiert, von Herzen gemacht.

lernolotl.de",3.35,EUR,999,"Gefühlskarten_Kinder,Emotionen_Grundschule,Gefühle_benennen,Kinder_Erziehung_PDF,Eltern_Begleitung,Kita_Erzieher_Material,Soziales_Lernen,Druckbar_Deutsch,Instant_Download,Vorschule_Gefühle,Wut_Trauer_Angst,Emotionale_Intelligenz,Lernolotl",,https://i.etsystatic.com/64486107/r/il/8cfdce/7805502586/il_fullxfull.7805502586_r85z.jpg,https://i.etsystatic.com/64486107/r/il/cbbce4/7853441263/il_fullxfull.7853441263_50g1.jpg,https://i.etsystatic.com/64486107/r/il/accedb/7853444259/il_fullxfull.7853444259_kwrl.jpg,https://i.etsystatic.com/64486107/r/il/ee270b/7805499346/il_fullxfull.7805499346_2y4l.jpg,https://i.etsystatic.com/64486107/r/il/ce2ecc/7853443989/il_fullxfull.7853443989_jr5i.jpg,https://i.etsystatic.com/64486107/r/il/436182/7853443639/il_fullxfull.7853443639_qo0e.jpg,https://i.etsystatic.com/64486107/r/il/b12cf4/7853474303/il_fullxfull.7853474303_eog6.jpg,https://i.etsystatic.com/64486107/r/il/90a515/7805531668/il_fullxfull.7805531668_4cnb.jpg,https://i.etsystatic.com/64486107/r/il/c88594/7805531662/il_fullxfull.7805531662_rdbl.jpg,https://i.etsystatic.com/64486107/r/il/4da206/7853474309/il_fullxfull.7853474309_ee7k.jpg,,,,,,,,,,
"Gefühlsgeschichte Geduld · Grundschule Klasse 3–4 · Arbeitsblätter PDF · Ben und der Samen unter der Erde · Der Lernolotl**","Was wächst, wenn wir nicht hinschauen? Ben lernt, dass manche Prozesse Zeit brauchen – und dass Geduld bedeutet, dem Verborgenen zu vertrauen.

„Ben und der Samen unter der Erde"" verbindet Naturbeobachtung mit tiefer Reflexion über Zeit, Vertrauen und Kontrolle. Die Geschichte ist **kostenlos auf lernolotl.de** zu lesen – hier kaufst du das Begleitmaterial für Grundschule Klasse 3/4 (8–10 Jahre).

**📦 Das ist im Paket enthalten:**
✔ Aufgabe 1 – Was ist Geduld? Abgrenzung zu passivem Warten (3–4 Sätze)
✔ Aufgabe 2 – Was passiert, wenn man zu viel kontrollieren will?
✔ Aufgabe 3 – Vertrauen vs. Kontrolle: Wo liegt die Balance?
✔ Aufgabe 4 – Eigene Erfahrung mit Geduld: Wann hat sich Warten gelohnt?
⭐ Extraklug-Aufgabe: Ratgebertext über Geduld für Kinder (8+ Sätze)
🎨 Ganzseitiges Ausmalbild zur Geschichte
📖 Geschichte als druckfertiges PDF (die vollständige Erzählung)
✅ Lösungsblatt mit Bewertungskriterien für Lehrkräfte
💡 Hinweis mit Lernzielen, Lehrplanbezug & Zeitaufwand

**🎯 Lernziele:**
Geduld als Haltung · Vertrauen und Loslassen · Selbstregulation · reflektierendes Schreiben

**💬 Ideal für:**
Lehrkräfte (Ethik, Sachunterricht, Deutsch) · Persönlichkeitsbildung · Achtsamkeit im Unterricht

**📖 Die Geschichte zuerst lesen:** lernolotl.de
**🛒 Sofort-Download** nach dem Kauf · Druckfertig auf A4 · PDF-Format

© Der Lernolotl · Erstellt von Katharina R., Grundschullehrerin",1.99,EUR,999,"Gefuehlsgeschichte,Sozial_emotional,Arbeitsblatt_PDF,Lernolotl,Grundschule_Klasse_3,Grundschule_Klasse_4,Lehrkraft_Material,Geduld_Kinder,Geduld_Geschichte,Warten_lernen,Achtsamkeit_Kinder,Naturpaedagogik,Selbstregulation",,https://i.etsystatic.com/64486107/r/il/25595d/7802265126/il_fullxfull.7802265126_aq2o.jpg,https://i.etsystatic.com/64486107/r/il/3c90ba/7850206985/il_fullxfull.7850206985_7g1c.jpg,https://i.etsystatic.com/64486107/r/il/4d56d8/7850206989/il_fullxfull.7850206989_ggjc.jpg,https://i.etsystatic.com/64486107/r/il/aa4c45/7802264040/il_fullxfull.7802264040_fpg4.jpg,https://i.etsystatic.com/64486107/r/il/869c7f/7802264046/il_fullxfull.7802264046_g3g4.jpg,https://i.etsystatic.com/64486107/r/il/56ec0a/7802264540/il_fullxfull.7802264540_net4.jpg,https://i.etsystatic.com/64486107/r/il/3f24b5/7802264534/il_fullxfull.7802264534_1lm5.jpg,https://i.etsystatic.com/64486107/r/il/9d92c4/7802264576/il_fullxfull.7802264576_e7b9.jpg,https://i.etsystatic.com/64486107/r/il/8e640a/7802264550/il_fullxfull.7802264550_8qoo.jpg,,,,,,,,,,,
"Gefühlsgeschichte Geduld · Grundschule Klasse 1–2 · Arbeitsblätter PDF · Ben und der Samen unter der Erde · Der Lernolotl**","Ben schaut jeden Tag nach. Aber der Boden bleibt still. Was passiert dort unten – und wie lernt man, dem Unsichtbaren zu vertrauen?

„Ben und der Samen unter der Erde"" zeigt Kindern, dass Geduld kein passives Warten ist, sondern aktives Vertrauen. Die Geschichte ist **kostenlos auf lernolotl.de** zu lesen – hier kaufst du das Begleitmaterial für Grundschule Klasse 1/2 (6–8 Jahre).

**📦 Das ist im Paket enthalten:**
✔ Aufgabe 1 – Richtig oder Falsch? (Textverständnis)
✔ Aufgabe 2 – Was ist Geduld? Eigene Erklärung in 2 Sätzen
✔ Aufgabe 3 – Wofür muss ich manchmal warten?
✔ Aufgabe 4 – Was hilft mir beim Warten?
⭐ Extraklug-Aufgabe: Brief an einen ungeduldigen Freund schreiben
🎨 Ganzseitiges Ausmalbild zur Geschichte
📖 Geschichte als druckfertiges PDF (die vollständige Erzählung)
✅ Lösungsblatt für Eltern & Lehrkräfte
💡 Hinweis mit Lernzielen, Gesprächsanregungen & Zeitaufwand

**🎯 Lernziele:**
Geduld als aktive Kompetenz · Vertrauen in Prozesse · Achtsamkeit · Selbstregulation

**💬 Ideal für:**
Grundschullehrkräfte (Sachunterricht Natur, Ethik) · Naturpädagogik · Eltern zur Nachbereitung

**📖 Die Geschichte zuerst lesen:** lernolotl.de
**🛒 Sofort-Download** nach dem Kauf · Druckfertig auf A4 · PDF-Format

© Der Lernolotl · Erstellt von Katharina R., Grundschullehrerin",1.99,EUR,999,"Gefuehlsgeschichte,Sozial_emotional,Arbeitsblatt_PDF,Lernolotl,Grundschule_Klasse_1,Grundschule_Klasse_2,Ethik_Grundschule,Geduld_Kinder,Geduld_Geschichte,Warten_lernen,Naturpaedagogik,Achtsamkeit_Kinder,Selbstregulation",,https://i.etsystatic.com/64486107/r/il/c6c716/7850199061/il_fullxfull.7850199061_2i5k.jpg,https://i.etsystatic.com/64486107/r/il/ffbf3a/7850198415/il_fullxfull.7850198415_t4kr.jpg,https://i.etsystatic.com/64486107/r/il/ee29ea/7802255138/il_fullxfull.7802255138_qxk6.jpg,https://i.etsystatic.com/64486107/r/il/1b7763/7850198427/il_fullxfull.7850198427_feul.jpg,https://i.etsystatic.com/64486107/r/il/cf127b/7802255142/il_fullxfull.7802255142_rzfe.jpg,https://i.etsystatic.com/64486107/r/il/4d889f/7850198753/il_fullxfull.7850198753_mppd.jpg,https://i.etsystatic.com/64486107/r/il/b24575/7802255474/il_fullxfull.7802255474_gdbp.jpg,https://i.etsystatic.com/64486107/r/il/fa9b42/7802255482/il_fullxfull.7802255482_cf53.jpg,https://i.etsystatic.com/64486107/r/il/73c6a2/7802255486/il_fullxfull.7802255486_8fwi.jpg,https://i.etsystatic.com/64486107/r/il/f9e828/7802255476/il_fullxfull.7802255476_nht7.jpg,,,,,,,,,,
"Gefühlsgeschichte Geduld · Kita-Paket 3–6 Jahre · Arbeitsblätter PDF · Ben und der Samen unter der Erde · Der Lernolotl**","Ben möchte sehen, wie die Sonnenblume wächst. Aber der Samen braucht Zeit – und Ben lernt, dass Warten manchmal mutig ist.

„Ben und der Samen unter der Erde"" ist eine tiefgründige Geschichte über Geduld als Vertrauen in das Unsichtbare. Die Geschichte ist **kostenlos auf lernolotl.de** zu lesen – hier kaufst du das Begleitmaterial für Kita-Kinder (3–6 Jahre).

**📦 Das ist im Paket enthalten:**
✔ Aufgabe 1 – Emoji-Aufgabe: Wie fühlt sich Ben, als er warten muss?
✔ Aufgabe 2 – Ankreuzaufgabe: Was hat Ben am Ende gelernt?
✔ Aufgabe 3 – Malaufgabe: Bens Sonnenblume in voller Blüte
🎨 Ganzseitiges Ausmalbild zur Geschichte
📖 Geschichte als druckfertiges PDF (die vollständige Erzählung)
✅ Lösungsblatt für Eltern & Erzieher:innen
💡 Hinweis mit Lernzielen, Gesprächsanregung & Zeitaufwand

**🎯 Lernziele:**
Geduld als Fähigkeit erleben · Vertrauen in Prozesse · Achtsamkeit und regelmäßige Fürsorge

**💬 Ideal für:**
Eltern, die Geduld spielerisch einüben möchten · Kita und Vorschule · Frühlingsprojekte und Naturerziehung

**📖 Die Geschichte zuerst lesen:** lernolotl.de
**🛒 Sofort-Download** nach dem Kauf · Druckfertig auf A4 · PDF-Format

© Der Lernolotl · Erstellt von Katharina R., Grundschullehrerin",1.99,EUR,999,"Kita_Material,Vorschule_Printable,Erzieher_Material,Geduld_Kinder,Geduld_Geschichte,Warten_lernen,Achtsamkeit_Kinder,Naturpaedagogik,Selbstregulation,Lernolotl,Arbeitsblatt_PDF,Sozial_emotional,Gefuehlsgeschichte",,https://i.etsystatic.com/64486107/r/il/ebcb98/7850188929/il_fullxfull.7850188929_op4k.jpg,https://i.etsystatic.com/64486107/r/il/0239de/7802245004/il_fullxfull.7802245004_ptpm.jpg,https://i.etsystatic.com/64486107/r/il/5626c5/7850188257/il_fullxfull.7850188257_t3s2.jpg,https://i.etsystatic.com/64486107/r/il/17653b/7802245008/il_fullxfull.7802245008_qdug.jpg,https://i.etsystatic.com/64486107/r/il/f212d2/7850188259/il_fullxfull.7850188259_56b6.jpg,https://i.etsystatic.com/64486107/r/il/55a41b/7850188495/il_fullxfull.7850188495_12ai.jpg,https://i.etsystatic.com/64486107/r/il/cebfcf/7850188497/il_fullxfull.7850188497_pcar.jpg,https://i.etsystatic.com/64486107/r/il/9344fb/7802245234/il_fullxfull.7802245234_lmaf.jpg,https://i.etsystatic.com/64486107/r/il/310269/7850188503/il_fullxfull.7850188503_ndm4.jpg,,,,,,,,,,,
"Gefühlsgeschichte Frustration · Grundschule Klasse 3–4 · Arbeitsblätter PDF · Paul und der Turm, der immer wieder fiel · Der Lernolotl**","„Frustration zeigt, dass uns etwas wichtig ist. Und Enttäuschung heißt, dass wir gehofft haben."" Pauls Papa bringt es auf den Punkt.

„Paul und der Turm, der immer wieder fiel"" lädt Kinder ein, Frustration als Kompass statt als Feind zu verstehen. Die Geschichte ist **kostenlos auf lernolotl.de** zu lesen – hier kaufst du das anspruchsvolle Begleitmaterial für Grundschule Klasse 3/4 (8–10 Jahre).

**📦 Das ist im Paket enthalten:**
✔ Aufgabe 1 – Frustration als Botschaft: Warum ist sie kein rein negatives Gefühl?
✔ Aufgabe 2 – Der innere Widerspruch: Aufgeben wollen und weitermachen wollen
✔ Aufgabe 3 – Angepasstes Ziel als Erfolg: Warum der kleinere Turm trotzdem zählt
✔ Aufgabe 4 – Stille Unterstützung: Was Dasein bewirken kann
⭐ Extraklug-Aufgabe: Persönlicher Frustrations-Notfallplan (6 Schritte)
🎨 Ganzseitiges Ausmalbild zur Geschichte
📖 Geschichte als druckfertiges PDF (die vollständige Erzählung)
✅ Lösungsblatt mit Bewertungskriterien für Lehrkräfte
💡 Hinweis mit Lernzielen, Lehrplanbezug & Zeitaufwand

**🎯 Lernziele:**
Emotionsregulation · Frustration als Lernchance · Selbstwirksamkeit · stille Unterstützung

**💬 Ideal für:**
Lehrkräfte (Ethik, Deutsch) · Prüfungsbegleitung · Begabtenförderung · Resilienz im Schulalltag

**📖 Die Geschichte zuerst lesen:** lernolotl.de
**🛒 Sofort-Download** nach dem Kauf · Druckfertig auf A4 · PDF-Format

© Der Lernolotl · Erstellt von Katharina R., Grundschullehrerin",1.99,EUR,999,"Gefuehlsgeschichte,Sozial_emotional,Arbeitsblatt_PDF,Lernolotl,Grundschule_Klasse_3,Grundschule_Klasse_4,Lehrkraft_Material,Frustrationstoleranz,Durchhalten_lernen,Enttaeuschung_Kinder,Resilienz_Kinder,Frustration_Geschichte,Frustration_Kinder",,https://i.etsystatic.com/64486107/r/il/da2406/7848179019/il_fullxfull.7848179019_irs9.jpg,https://i.etsystatic.com/64486107/r/il/50e8a7/7848178735/il_fullxfull.7848178735_t1ll.jpg,https://i.etsystatic.com/64486107/r/il/3d3a3f/7800237310/il_fullxfull.7800237310_6z8w.jpg,https://i.etsystatic.com/64486107/r/il/8a6895/7800237290/il_fullxfull.7800237290_9a6q.jpg,https://i.etsystatic.com/64486107/r/il/0c501e/7800237318/il_fullxfull.7800237318_tj7d.jpg,https://i.etsystatic.com/64486107/r/il/821ef5/7848178857/il_fullxfull.7848178857_4wbf.jpg,https://i.etsystatic.com/64486107/r/il/f632d8/7800237440/il_fullxfull.7800237440_s7l9.jpg,https://i.etsystatic.com/64486107/r/il/4d92c9/7848178871/il_fullxfull.7848178871_kx43.jpg,https://i.etsystatic.com/64486107/r/il/e70e9a/7848178875/il_fullxfull.7848178875_hrzv.jpg,,,,,,,,,,,
"Gefühlsgeschichte Frustration · Grundschule Klasse 1–2 · Arbeitsblätter PDF · Paul und der Turm, der immer wieder fiel · Der Lernolotl**","Gefühlsgeschichte Frustration · Grundschule Klasse 1–2 · Arbeitsblätter PDF · Paul und der Turm, der immer wieder fiel · Der Lernolotl**

**Etsy-Beschreibung:**
Pauls Brust wird heiß. Seine Augen brennen. Der Turm fällt schon wieder. Und Papa sagt: „Nicht aufhören – nur anhalten.""

„Paul und der Turm, der immer wieder fiel"" zeigt Kindern, dass Frustration ein Zeichen für Engagement ist – und keine Schwäche. Die Geschichte ist **kostenlos auf lernolotl.de** zu lesen – hier kaufst du das Begleitmaterial für Grundschule Klasse 1/2 (6–8 Jahre).

**📦 Das ist im Paket enthalten:**
✔ Aufgabe 1 – Richtig oder Falsch? (Textverständnis)
✔ Aufgabe 2 – Heiße Brust und brennende Augen: Was zeigt uns das?
✔ Aufgabe 3 – Pause vs. Aufgeben: Was ist der Unterschied?
✔ Aufgabe 4 – Was meint Papa mit seinem Satz über Frustration?
⭐ Extraklug-Aufgabe: Eigene Frustrationserfahrung beschreiben (3+ Sätze)
🎨 Ganzseitiges Ausmalbild zur Geschichte
📖 Geschichte als druckfertiges PDF (die vollständige Erzählung)
✅ Lösungsblatt für Eltern & Lehrkräfte
💡 Hinweis mit Lernzielen, Gesprächsanregungen & Zeitaufwand

**🎯 Lernziele:**
Frustration als Signal · Körperwahrnehmung · Pausenstrategie · Erwartungen anpassen

**💬 Ideal für:**
Grundschullehrkräfte (Ethik, Sachunterricht, Deutsch) · Lernbegleitung · Eltern mit perfektionistischen Kindern

**📖 Die Geschichte zuerst lesen:** lernolotl.de
**🛒 Sofort-Download** nach dem Kauf · Druckfertig auf A4 · PDF-Format

© Der Lernolotl · Erstellt von Katharina R., Grundschullehrerin",1.99,EUR,999,"Gefuehlsgeschichte,Sozial_emotional,Arbeitsblatt_PDF,Lernolotl,Grundschule_Klasse_1,Grundschule_Klasse_2,Ethik_Grundschule,Frustration_Kinder,Frustration_Geschichte,Resilienz_Kinder,Enttaeuschung_Kinder,Durchhalten_lernen,Frustrationstoleranz",,https://i.etsystatic.com/64486107/r/il/b90dae/7800230056/il_fullxfull.7800230056_c2gb.jpg,https://i.etsystatic.com/64486107/r/il/e5a3bb/7848170339/il_fullxfull.7848170339_m25c.jpg,https://i.etsystatic.com/64486107/r/il/e5fe8a/7848170337/il_fullxfull.7848170337_b76u.jpg,https://i.etsystatic.com/64486107/r/il/2ba987/7848170347/il_fullxfull.7848170347_sr1r.jpg,https://i.etsystatic.com/64486107/r/il/fa91da/7800229250/il_fullxfull.7800229250_r4vx.jpg,https://i.etsystatic.com/64486107/r/il/d9eccd/7800229598/il_fullxfull.7800229598_5iuy.jpg,https://i.etsystatic.com/64486107/r/il/78ceff/7800229604/il_fullxfull.7800229604_j4y9.jpg,https://i.etsystatic.com/64486107/r/il/727250/7800229608/il_fullxfull.7800229608_8ywc.jpg,https://i.etsystatic.com/64486107/r/il/b7d870/7848170667/il_fullxfull.7848170667_ldj1.jpg,,,,,,,,,,,
"Gefühlsgeschichte Frustration · Kita-Paket 3–6 Jahre · Arbeitsblätter PDF · Paul und der Turm, der immer wieder fiel · Der Lernolotl**","Paul baut. Der Turm fällt. Paul baut wieder. Der Turm fällt wieder. Bis sein Bauch heiß wird und alles zu viel ist – und Papa einfach daneben sitzt.

„Paul und der Turm, der immer wieder fiel"" ist eine einfühlsame Geschichte über Frustration, Pause machen und Weitermachen. Die Geschichte ist **kostenlos auf lernolotl.de** zu lesen – hier kaufst du das Begleitmaterial für Kita-Kinder (3–6 Jahre).

**📦 Das ist im Paket enthalten:**
✔ Aufgabe 1 – Emoji-Aufgabe: Wie fühlt sich Paul, als der Turm fällt?
✔ Aufgabe 2 – Ankreuzaufgabe: Was hat Paul am Ende gemacht?
✔ Aufgabe 3 – Malaufgabe: Pauls Turm, der am Ende steht
🎨 Ganzseitiges Ausmalbild zur Geschichte
📖 Geschichte als druckfertiges PDF (die vollständige Erzählung)
✅ Lösungsblatt für Eltern & Erzieher:innen
💡 Hinweis mit Lernzielen, Gesprächsanregung & Zeitaufwand

**🎯 Lernziele:**
Frustration benennen · Pause als Strategie kennenlernen · Scheitern als Teil des Lernens

**💬 Ideal für:**
Eltern, deren Kinder schnell frustriert sind · Erzieher:innen in Kita und Vorschule · Resilienzförderung im Alltag

**📖 Die Geschichte zuerst lesen:** lernolotl.de
**🛒 Sofort-Download** nach dem Kauf · Druckfertig auf A4 · PDF-Format

© Der Lernolotl · Erstellt von Katharina R., Grundschullehrerin",1.99,EUR,999,"Gefuehlsgeschichte,Sozial_emotional,Arbeitsblatt_PDF,Lernolotl,Freude_Kinder,Innere_Zufriedenheit,Achtsamkeit_Kinder,Glueck_Kinder,Freude_Geschichte,Achtsamkeit_Schule,Kita_Material,Vorschule_Printable,Erzieher_Material",,https://i.etsystatic.com/64486107/r/il/1220f9/7848158451/il_fullxfull.7848158451_3ntk.jpg,https://i.etsystatic.com/64486107/r/il/b22e45/7800216268/il_fullxfull.7800216268_5foe.jpg,https://i.etsystatic.com/64486107/r/il/d87c95/7848157717/il_fullxfull.7848157717_8anz.jpg,https://i.etsystatic.com/64486107/r/il/4a1ffc/7848157719/il_fullxfull.7848157719_bsqo.jpg,https://i.etsystatic.com/64486107/r/il/3e18a6/7800216278/il_fullxfull.7800216278_pfta.jpg,https://i.etsystatic.com/64486107/r/il/1eecbf/7848158091/il_fullxfull.7848158091_6vik.jpg,https://i.etsystatic.com/64486107/r/il/41d763/7848158097/il_fullxfull.7848158097_pbgp.jpg,https://i.etsystatic.com/64486107/r/il/4b4fb9/7800216626/il_fullxfull.7800216626_1dbz.jpg,https://i.etsystatic.com/64486107/r/il/fc9e8d/7800216630/il_fullxfull.7800216630_mclb.jpg,,,,,,,,,,,
"Gefühlsgeschichte Freude · Grundschule Klasse 3–4 · Arbeitsblätter PDF · Maja und das warme Ja-Gefühl · Der Lernolotl**","Was macht uns wirklich glücklich – und was glauben wir nur, dass es uns glücklich macht? Maja findet eine überraschende Antwort bei ihrer Tante.

„Maja und das warme Ja-Gefühl"" lädt Kinder ein, echte Zufriedenheit von kurzfristiger Aufregung zu unterscheiden. Die Geschichte ist **kostenlos auf lernolotl.de** zu lesen – hier kaufst du das Begleitmaterial für Grundschule Klasse 3/4 (8–10 Jahre).

**📦 Das ist im Paket enthalten:**
✔ Aufgabe 1 – Was ist innere Zufriedenheit? Eigene Definition (3–4 Sätze)
✔ Aufgabe 2 – Laut vs. still: Welche Freude hält länger an?
✔ Aufgabe 3 – Wann war ich wirklich zufrieden – ohne Grund?
✔ Aufgabe 4 – Was brauche ich, um dieses Ja-Gefühl zu spüren?
⭐ Extraklug-Aufgabe: Philosophische Frage – Was ist Glück? (8+ Sätze)
🎨 Ganzseitiges Ausmalbild zur Geschichte
📖 Geschichte als druckfertiges PDF (die vollständige Erzählung)
✅ Lösungsblatt mit Bewertungskriterien für Lehrkräfte
💡 Hinweis mit Lernzielen, Lehrplanbezug & Zeitaufwand

**🎯 Lernziele:**
Innere Zufriedenheit vs. äußere Reize · Achtsamkeit · Wertereflexion · philosophisches Denken

**💬 Ideal für:**
Lehrkräfte (Ethik, Philosophie, Deutsch) · Achtsamkeit im Unterricht · Werteerziehung

**📖 Die Geschichte zuerst lesen:** lernolotl.de
**🛒 Sofort-Download** nach dem Kauf · Druckfertig auf A4 · PDF-Format

© Der Lernolotl · Erstellt von Katharina R., Grundschullehrerin",1.99,EUR,999,"Gefuehlsgeschichte,Sozial_emotional,Arbeitsblatt_PDF,Lernolotl,Grundschule_Klasse_3,Grundschule_Klasse_4,Lehrkraft_Material,Freude_Kinder,Innere_Zufriedenheit,Achtsamkeit_Kinder,Glueck_Kinder,Freude_Geschichte,Achtsamkeit_Schule",,https://i.etsystatic.com/64486107/r/il/8353e9/7800208774/il_fullxfull.7800208774_sgyo.jpg,https://i.etsystatic.com/64486107/r/il/c08156/7800207882/il_fullxfull.7800207882_bje6.jpg,https://i.etsystatic.com/64486107/r/il/18f23f/7848148947/il_fullxfull.7848148947_1fmm.jpg,https://i.etsystatic.com/64486107/r/il/facd59/7800207870/il_fullxfull.7800207870_l6ae.jpg,https://i.etsystatic.com/64486107/r/il/bf7dcc/7800207876/il_fullxfull.7800207876_jlav.jpg,https://i.etsystatic.com/64486107/r/il/49ef1a/7800208274/il_fullxfull.7800208274_e6as.jpg,https://i.etsystatic.com/64486107/r/il/0aa6fe/7848149459/il_fullxfull.7848149459_tblj.jpg,https://i.etsystatic.com/64486107/r/il/8f1490/7800208438/il_fullxfull.7800208438_2fhm.jpg,https://i.etsystatic.com/64486107/r/il/fa8372/7800208490/il_fullxfull.7800208490_hsj5.jpg,,,,,,,,,,,
"Gefühlsgeschichte Freude · Grundschule Klasse 1–2 · Arbeitsblätter PDF · Maja und das warme Ja-Gefühl · Der Lernolotl","Freude muss nicht immer laut sein. Maja entdeckt, dass das schönste Gefühl manchmal ganz still ist – tief im Bauch, wie ein warmes Ja.

„Maja und das warme Ja-Gefühl"" begleitet Kinder dabei, innere Zufriedenheit von äußerer Aufregung zu unterscheiden. Die Geschichte ist **kostenlos auf lernolotl.de** zu lesen – hier kaufst du das Begleitmaterial für Grundschule Klasse 1/2 (6–8 Jahre).

**📦 Das ist im Paket enthalten:**
✔ Aufgabe 1 – Richtig oder Falsch? (Textverständnis)
✔ Aufgabe 2 – Was ist der Unterschied zwischen lauter Freude und stillem Glück?
✔ Aufgabe 3 – Wann habe ich dieses Ja-Gefühl selbst gespürt?
✔ Aufgabe 4 – Was macht mich wirklich glücklich – und warum?
⭐ Extraklug-Aufgabe: Mein persönliches „Ja-Gefühl-Buch"" beschreiben
🎨 Ganzseitiges Ausmalbild zur Geschichte
📖 Geschichte als druckfertiges PDF (die vollständige Erzählung)
✅ Lösungsblatt für Eltern & Lehrkräfte
💡 Hinweis mit Lernzielen, Gesprächsanregungen & Zeitaufwand

**🎯 Lernziele:**
Differenzierung von Freude und Zufriedenheit · Körperwahrnehmung · Achtsamkeit · Selbstreflexion

**💬 Ideal für:**
Grundschullehrkräfte (Ethik, Sachunterricht) · Achtsamkeitsprogramme · Eltern zur Nachbereitung

**📖 Die Geschichte zuerst lesen:** lernolotl.de
**🛒 Sofort-Download** nach dem Kauf · Druckfertig auf A4 · PDF-Format

© Der Lernolotl · Erstellt von Katharina R., Grundschullehrerin",1.99,EUR,999,"Gefuehlsgeschichte,Sozial_emotional,Arbeitsblatt_PDF,Lernolotl,Grundschule_Klasse_1,Grundschule_Klasse_2,Ethik_Grundschule,Freude_Kinder,Innere_Zufriedenheit,Achtsamkeit_Kinder,Glueck_Kinder,Freude_Geschichte,Achtsamkeit_Schule",,https://i.etsystatic.com/64486107/r/il/7e990b/7848135407/il_fullxfull.7848135407_gnz2.jpg,https://i.etsystatic.com/64486107/r/il/762ecf/7800189302/il_fullxfull.7800189302_oa5x.jpg,https://i.etsystatic.com/64486107/r/il/90f100/7848133085/il_fullxfull.7848133085_o26k.jpg,https://i.etsystatic.com/64486107/r/il/8b7d81/7800192478/il_fullxfull.7800192478_250v.jpg,https://i.etsystatic.com/64486107/r/il/81bfe3/7848133203/il_fullxfull.7848133203_se96.jpg,https://i.etsystatic.com/64486107/r/il/6d95e2/7800194380/il_fullxfull.7800194380_jxer.jpg,https://i.etsystatic.com/64486107/r/il/e01f64/7848135047/il_fullxfull.7848135047_6lbq.jpg,https://i.etsystatic.com/64486107/r/il/3eee02/7800194484/il_fullxfull.7800194484_dmc3.jpg,https://i.etsystatic.com/64486107/r/il/cefa62/7800194538/il_fullxfull.7800194538_ao19.jpg,,,,,,,,,,,
"Gefühlsgeschichte Freude · Kita-Paket 3–6 Jahre · Arbeitsblätter PDF · Maja und das warme Ja-Gefühl · Der Lernolotl**","Majas Freude ist meistens laut. Doch bei ihrer Tante entdeckt sie etwas Neues: ein warmes, stilles Ja-Gefühl tief im Bauch. Ganz leise. Ganz schön.

„Maja und das warme Ja-Gefühl"" ist eine einfühlsame Geschichte über den Unterschied zwischen äußerer Aufregung und innerer Zufriedenheit. Die Geschichte ist **kostenlos auf lernolotl.de** zu lesen – hier kaufst du das Begleitmaterial für Kita-Kinder (3–6 Jahre).

**📦 Das ist im Paket enthalten:**
✔ Aufgabe 1 – Emoji-Aufgabe: Wie fühlt sich Maja am Ende?
✔ Aufgabe 2 – Ankreuzaufgabe: Was hat Maja bei der Tante entdeckt?
✔ Aufgabe 3 – Malaufgabe: Etwas malen, das mich innerlich glücklich macht
🎨 Ganzseitiges Ausmalbild zur Geschichte
📖 Geschichte als druckfertiges PDF (die vollständige Erzählung)
✅ Lösungsblatt für Eltern & Erzieher:innen
💡 Hinweis mit Lernzielen, Gesprächsanregung & Zeitaufwand

**🎯 Lernziele:**
Freude und Zufriedenheit unterscheiden · stille Freude wahrnehmen · Achtsamkeit im Alltag

**💬 Ideal für:**
Eltern, die Achtsamkeit und innere Ruhe fördern möchten · Erzieher:innen · Entspannungspädagogik in der Kita

**📖 Die Geschichte zuerst lesen:** lernolotl.de
**🛒 Sofort-Download** nach dem Kauf · Druckfertig auf A4 · PDF-Format

© Der Lernolotl · Erstellt von Katharina R., Grundschullehrerin",1.99,EUR,999,"Gefuehlsgeschichte,Sozial_emotional,Arbeitsblatt_PDF,Lernolotl,Kita_Material,Vorschule_Printable,Erzieher_Material,Freude_Kinder,Innere_Zufriedenheit,Achtsamkeit_Kinder,Glueck_Kinder,Freude_Geschichte,Achtsamkeit_Schule",,https://i.etsystatic.com/64486107/r/il/7999da/7800180554/il_fullxfull.7800180554_m7dh.jpg,https://i.etsystatic.com/64486107/r/il/7cb2db/7800178558/il_fullxfull.7800178558_8620.jpg,https://i.etsystatic.com/64486107/r/il/d072ad/7848119005/il_fullxfull.7848119005_nff7.jpg,https://i.etsystatic.com/64486107/r/il/d333b0/7800178556/il_fullxfull.7800178556_g6z8.jpg,https://i.etsystatic.com/64486107/r/il/c60bf7/7800178560/il_fullxfull.7800178560_5qb5.jpg,https://i.etsystatic.com/64486107/r/il/5013be/7848120519/il_fullxfull.7848120519_468g.jpg,https://i.etsystatic.com/64486107/r/il/67bca7/7800180042/il_fullxfull.7800180042_ms7a.jpg,https://i.etsystatic.com/64486107/r/il/cd321c/7848120521/il_fullxfull.7848120521_k2eb.jpg,https://i.etsystatic.com/64486107/r/il/ba21a7/7800180040/il_fullxfull.7800180040_np3j.jpg,,,,,,,,,,,
"Gefühlsgeschichte Einsamkeit · Grundschule Klasse 3–4 · Arbeitsblätter PDF · Theo und der leise Platz · Der Lernolotl**","Kann man sich in einer Gruppe einsam fühlen? Und warum fühlt sich manches Alleinsein gut an, anderes nicht? Theo lädt zum Nachdenken ein.

„Theo und der leise Platz"" verbindet introvertiertes Erleben mit tieferer Selbstreflexion über Verbindung und Bedürfnisse. Die Geschichte ist **kostenlos auf lernolotl.de** zu lesen – hier kaufst du das Begleitmaterial für Grundschule Klasse 3/4 (8–10 Jahre).

**📦 Das ist im Paket enthalten:**
✔ Aufgabe 1 – Einsamkeit vs. Alleinsein: Wo liegt der Unterschied? (3–4 Sätze)
✔ Aufgabe 2 – Kann man in einer Gruppe einsam sein? Eigene Erfahrungen
✔ Aufgabe 3 – Was brauche ich, um mich verbunden zu fühlen?
✔ Aufgabe 4 – Verantwortung füreinander: Was kann ich tun?
⭐ Extraklug-Aufgabe: Ratgebertext über Einsamkeit für Kinder (8+ Sätze)
🎨 Ganzseitiges Ausmalbild zur Geschichte
📖 Geschichte als druckfertiges PDF (die vollständige Erzählung)
✅ Lösungsblatt mit Bewertungskriterien für Lehrkräfte
💡 Hinweis mit Lernzielen, Lehrplanbezug & Zeitaufwand

**🎯 Lernziele:**
Soziale Bedürfnisse erkennen · Empathie und soziale Verantwortung · Inklusion · reflektierendes Schreiben

**💬 Ideal für:**
Lehrkräfte (Ethik, Deutsch, Sachunterricht) · Klassenrat · Schulsozialpädagogik · Inklusion

**📖 Die Geschichte zuerst lesen:** lernolotl.de
**🛒 Sofort-Download** nach dem Kauf · Druckfertig auf A4 · PDF-Format

© Der Lernolotl · Erstellt von Katharina R., Grundschullehrerin",1.99,EUR,999,"Gefuehlsgeschichte,Sozial_emotional,Arbeitsblatt_PDF,Lernolotl,Grundschule_Klasse_3,Grundschule_Klasse_4,Lehrkraft_Material,Einsamkeit_Kinder,Einsamkeit_Geschichte,Theo_Igel,Alleinsein_Kinder,Empathie_Kinder,Inklusion_Schule",,https://i.etsystatic.com/64486107/r/il/031a07/7800167790/il_fullxfull.7800167790_z1et.jpg,https://i.etsystatic.com/64486107/r/il/3ce6c8/7848107479/il_fullxfull.7848107479_y9ie.jpg,https://i.etsystatic.com/64486107/r/il/1c651b/7800167128/il_fullxfull.7800167128_ifls.jpg,https://i.etsystatic.com/64486107/r/il/0a3cba/7848107473/il_fullxfull.7848107473_iwmw.jpg,https://i.etsystatic.com/64486107/r/il/cf6f80/7800167130/il_fullxfull.7800167130_88f6.jpg,https://i.etsystatic.com/64486107/r/il/ad0651/7800167496/il_fullxfull.7800167496_j9cz.jpg,https://i.etsystatic.com/64486107/r/il/e42b73/7800167498/il_fullxfull.7800167498_s76k.jpg,https://i.etsystatic.com/64486107/r/il/8d800a/7848107805/il_fullxfull.7848107805_ggmy.jpg,https://i.etsystatic.com/64486107/r/il/799826/7848107801/il_fullxfull.7848107801_epv2.jpg,,,,,,,,,,,
"Gefühlsgeschichte Einsamkeit · Grundschule Klasse 1–2 · Arbeitsblätter PDF · Theo und der leise Platz · Der Lernolotl**","Theo ist gern für sich – aber heute fühlt sich das Alleinsein anders an. Ein leises, schweres Gefühl. Und die Frage: Was tue ich damit?

„Theo und der leise Platz"" begleitet Kinder dabei, Einsamkeit zu erkennen und zu verstehen. Die Geschichte ist **kostenlos auf lernolotl.de** zu lesen – hier kaufst du das Begleitmaterial für Grundschule Klasse 1/2 (6–8 Jahre).

**📦 Das ist im Paket enthalten:**
✔ Aufgabe 1 – Richtig oder Falsch? (Textverständnis)
✔ Aufgabe 2 – Was ist der Unterschied zwischen Alleinsein und Einsamkeit?
✔ Aufgabe 3 – Was hilft mir, wenn ich mich einsam fühle?
✔ Aufgabe 4 – Was könnte ich tun, wenn ich sehe, dass jemand allein ist?
⭐ Extraklug-Aufgabe: Brief an Theo schreiben
🎨 Ganzseitiges Ausmalbild zur Geschichte
📖 Geschichte als druckfertiges PDF (die vollständige Erzählung)
✅ Lösungsblatt für Eltern & Lehrkräfte
💡 Hinweis mit Lernzielen, Gesprächsanregungen & Zeitaufwand

**🎯 Lernziele:**
Einsamkeit vs. Alleinsein · Empathie · soziale Verantwortung · eigene Bedürfnisse wahrnehmen

**💬 Ideal für:**
Grundschullehrkräfte (Ethik, Sachunterricht) · Inklusion und Klassengemeinschaft · Eltern introvertierter Kinder

**📖 Die Geschichte zuerst lesen:** lernolotl.de
**🛒 Sofort-Download** nach dem Kauf · Druckfertig auf A4 · PDF-Format

© Der Lernolotl · Erstellt von Katharina R., Grundschullehrerin",1.99,EUR,999,"Gefuehlsgeschichte,Sozial_emotional,Arbeitsblatt_PDF,Lernolotl,Grundschule_Klasse_1,Grundschule_Klasse_2,Ethik_Grundschule,Einsamkeit_Kinder,Einsamkeit_Geschichte,Theo_Igel,Alleinsein_Kinder,Empathie_Kinder,Inklusion_Schule",,https://i.etsystatic.com/64486107/r/il/884513/7800159940/il_fullxfull.7800159940_pyni.jpg,https://i.etsystatic.com/64486107/r/il/54f2f7/7800159278/il_fullxfull.7800159278_53ji.jpg,https://i.etsystatic.com/64486107/r/il/9b3448/7800159264/il_fullxfull.7800159264_353g.jpg,https://i.etsystatic.com/64486107/r/il/e24b82/7848099473/il_fullxfull.7848099473_ie3h.jpg,https://i.etsystatic.com/64486107/r/il/d69dba/7800159276/il_fullxfull.7800159276_sliz.jpg,https://i.etsystatic.com/64486107/r/il/1a9782/7800159584/il_fullxfull.7800159584_mriw.jpg,https://i.etsystatic.com/64486107/r/il/1fceba/7800159582/il_fullxfull.7800159582_30jl.jpg,https://i.etsystatic.com/64486107/r/il/8b0a37/7800159590/il_fullxfull.7800159590_nxaa.jpg,https://i.etsystatic.com/64486107/r/il/78372e/7848099761/il_fullxfull.7848099761_nxzf.jpg,,,,,,,,,,,
"Gefühlsgeschichte Einsamkeit · Kita-Paket 3–6 Jahre · Arbeitsblätter PDF · Theo und der leise Platz · Der Lernolotl**","Theo der Igel sitzt unter seinem Lieblingsapfelbaum. Die anderen spielen – und er spürt eine leise Leere. Nicht schlimm. Aber da.

„Theo und der leise Platz"" ist eine sensible Geschichte über Einsamkeit und den Unterschied zwischen Alleinsein und Verbundensein. Die Geschichte ist **kostenlos auf lernolotl.de** zu lesen – hier kaufst du das Begleitmaterial für Kita-Kinder (3–6 Jahre).

**📦 Das ist im Paket enthalten:**
✔ Aufgabe 1 – Emoji-Aufgabe: Wie fühlt sich Theo?
✔ Aufgabe 2 – Ankreuzaufgabe: Was hat Theo am Ende gemacht?
✔ Aufgabe 3 – Malaufgabe: Wen oder was vermisst du manchmal?
🎨 Ganzseitiges Ausmalbild zur Geschichte
📖 Geschichte als druckfertiges PDF (die vollständige Erzählung)
✅ Lösungsblatt für Eltern & Erzieher:innen
💡 Hinweis mit Lernzielen, Gesprächsanregung & Zeitaufwand

**🎯 Lernziele:**
Einsamkeit benennen · Unterschied Alleinsein vs. Einsamkeit · Verbindung suchen und annehmen

**💬 Ideal für:**
Eltern sensibler oder introvertierter Kinder · Erzieher:innen in Kita und Vorschule · Übergang Kita/Schule begleiten

**📖 Die Geschichte zuerst lesen:** lernolotl.de
**🛒 Sofort-Download** nach dem Kauf · Druckfertig auf A4 · PDF-Format

© Der Lernolotl · Erstellt von Katharina R., Grundschullehrerin",1.99,EUR,999,"Sozial_emotional,Gefuehlsgeschichte,Arbeitsblatt_PDF,Lernolotl,Kita_Material,Vorschule_Printable,Erzieher_Material,Einsamkeit_Kinder,Einsamkeit_Geschichte,Theo_Igel,Alleinsein_Kinder,Empathie_Kinder,Inklusion_Schule",,https://i.etsystatic.com/64486107/r/il/0c470b/7800146656/il_fullxfull.7800146656_g6t3.jpg,https://i.etsystatic.com/64486107/r/il/f8f8bc/7848085731/il_fullxfull.7848085731_hyh3.jpg,https://i.etsystatic.com/64486107/r/il/918e2d/7800145730/il_fullxfull.7800145730_jb7l.jpg,https://i.etsystatic.com/64486107/r/il/7709f5/7848085707/il_fullxfull.7848085707_362e.jpg,https://i.etsystatic.com/64486107/r/il/7a34f9/7848085737/il_fullxfull.7848085737_l90c.jpg,https://i.etsystatic.com/64486107/r/il/69ab8c/7800147424/il_fullxfull.7800147424_6mco.jpg,https://i.etsystatic.com/64486107/r/il/8c3361/7800147420/il_fullxfull.7800147420_854w.jpg,https://i.etsystatic.com/64486107/r/il/91b3c9/7800147426/il_fullxfull.7800147426_qi1o.jpg,https://i.etsystatic.com/64486107/r/il/12784c/7848087463/il_fullxfull.7848087463_8bls.jpg,,,,,,,,,,,
"Vorlesezeit-Karten – 40 Gesprächskarten zum Vorlesen für Kinder ab 3 | Kita Grundschule Familie | Sofort-Download PDF","Nach dem Vorlesen wird's still — und dann?
Diese 40 Gesprächskarten verwandeln jede Vorlesegeschichte in ein echtes Gespräch zwischen dir und deinem Kind. Einfach eine Karte ziehen, vorlesen und zuhören. Keine richtigen oder falschen Antworten — nur echte Momente.
Was bekommst du?
· 40 Gesprächskarten auf 5 A4-Seiten (druckfertig)
· 4 Kategorien: Was war in der Geschichte? · Was fühlst du? · Was denkst du? · Über mich
· 1 Bonuskarte: Freie Runde
· Sofort-Download als PDF
So nutzt du die Karten
Ausdrucken → Ausschneiden → Optional laminieren → Fertig für Jahre
Passen zu jeder Vorlesegeschichte — und zu allen 175 kostenlosen Lernolotl-Geschichten auf lernolotl.de
Für wen?
Eltern, Erzieherinnen, Grundschullehrerinnen · Kinder ab 3 Jahren · Kita, Hort, Zuhause",3.35,EUR,999,"Vorlesekarten_Kinder,Gesprächskarten_Vorlesen,Kita_Printable_Deutsch,Vorlesezeit_Grundschule,Lesekarten_Kinder_PDF,Gesprächsimpulse_Kinder,Vorschule_Druckvorlage,Kita_Material_Download,Lesen_Kinder_Eltern,Sprachförderung_Kinder,Grundschule_Printable,Vorleseritual_Familie,Kinder_Gesprächskarten",,https://i.etsystatic.com/64486107/r/il/159e47/7769403870/il_fullxfull.7769403870_7lua.jpg,https://i.etsystatic.com/64486107/r/il/881b20/7769404066/il_fullxfull.7769404066_gfhr.jpg,https://i.etsystatic.com/64486107/r/il/c5d535/7817346175/il_fullxfull.7817346175_agdt.jpg,https://i.etsystatic.com/64486107/r/il/058ca4/7769404794/il_fullxfull.7769404794_7d1u.jpg,https://i.etsystatic.com/64486107/r/il/6037f5/7817346417/il_fullxfull.7817346417_c9fq.jpg,https://i.etsystatic.com/64486107/r/il/db8c97/7817346901/il_fullxfull.7817346901_ezoh.jpg,https://i.etsystatic.com/64486107/r/il/9945ba/7769405368/il_fullxfull.7769405368_kb9q.jpg,https://i.etsystatic.com/64486107/r/il/3d3cb1/7817346637/il_fullxfull.7817346637_e28o.jpg,https://i.etsystatic.com/64486107/r/il/71cf55/7817347005/il_fullxfull.7817347005_blnr.jpg,https://i.etsystatic.com/64486107/r/il/271a2d/7817347077/il_fullxfull.7817347077_ll5f.jpg,,,,,,,,,,
"Gefühlsgeschichte Unsicherheit · Grundschule Klasse 3–4 · Arbeitsblätter PDF · Paul und die wackelnden Worte · Der Lernolotl","Warum fühlt sich Unsicherheit wie eine Blockade an – obwohl man weiß, was man sagen will? Paul kennt dieses Gefühl. Und lernt, damit umzugehen.

„Paul und die wackelnden Worte"" lädt Kinder ein, Scham und Unsicherheit zu verstehen und eigene Strategien zu entwickeln. Die Geschichte ist **kostenlos auf lernolotl.de** zu lesen – hier kaufst du das Begleitmaterial für Grundschule Klasse 3/4 (8–10 Jahre).

**📦 Das ist im Paket enthalten:**
✔ Aufgabe 1 – Was ist Unsicherheit und woher kommt Scham? (3–4 Sätze)
✔ Aufgabe 2 – Körper und Gefühl: Was passiert in uns, wenn wir uns schämen?
✔ Aufgabe 3 – Strategien entwickeln: Was hilft gegen das Steckenbleiben?
✔ Aufgabe 4 – Wann ist Unsicherheit normal – und wann brauche ich Unterstützung?
⭐ Extraklug-Aufgabe: Ratgebertext für Kinder mit Redeangst (8+ Sätze)
🎨 Ganzseitiges Ausmalbild zur Geschichte
📖 Geschichte als druckfertiges PDF (die vollständige Erzählung)
✅ Lösungsblatt mit Bewertungskriterien für Lehrkräfte
💡 Hinweis mit Lernzielen, Lehrplanbezug & Zeitaufwand

**🎯 Lernziele:**
Scham und Unsicherheit einordnen · Körperwahrnehmung · Strategien entwickeln · Selbstwirksamkeit

**💬 Ideal für:**
Lehrkräfte (Deutsch, Ethik) · Schulpsychologie · Inklusion · Prüfungsangst begleiten

**📖 Die Geschichte zuerst lesen:** lernolotl.de
**🛒 Sofort-Download** nach dem Kauf · Druckfertig auf A4 · PDF-Format

© Der Lernolotl",1.99,EUR,999,"Gefuehlsgeschichte,Sozial_emotional,Arbeitsblatt_PDF,Lernolotl,Grundschule_Klasse_3,Grundschule_Klasse_4,Lehrkraft_Material,Unsicherheit_Kinder,Scham_Kinder,Redeangst_Kinder,Unsicherheit_Geschichte,Sprechangst_Kind,Selbstvertrauen_Kind",,https://i.etsystatic.com/64486107/r/il/87389d/7780190125/il_fullxfull.7780190125_21a5.jpg,https://i.etsystatic.com/64486107/r/il/60bf66/7780189665/il_fullxfull.7780189665_mrpu.jpg,https://i.etsystatic.com/64486107/r/il/63a536/7732238206/il_fullxfull.7732238206_ri8y.jpg,https://i.etsystatic.com/64486107/r/il/514a75/7780189667/il_fullxfull.7780189667_c01t.jpg,https://i.etsystatic.com/64486107/r/il/0e8a99/7732238216/il_fullxfull.7732238216_ttcq.jpg,https://i.etsystatic.com/64486107/r/il/20c4df/7780189963/il_fullxfull.7780189963_ola2.jpg,https://i.etsystatic.com/64486107/r/il/ea8faf/7732238514/il_fullxfull.7732238514_is75.jpg,https://i.etsystatic.com/64486107/r/il/4b194a/7732238520/il_fullxfull.7732238520_pd8u.jpg,https://i.etsystatic.com/64486107/r/il/2cfcc8/7780189969/il_fullxfull.7780189969_rfcn.jpg,,,,,,,,,,,
"Gefühlsgeschichte Unsicherheit · Grundschule Klasse 1–2 · Arbeitsblätter PDF · Paul und die wackelnden Worte · Der Lernolotl","Paul weiß eigentlich, was er sagen will. Aber im Stuhlkreis zieht sich plötzlich alles zusammen. Kennt dein Kind dieses Gefühl?

„Paul und die wackelnden Worte"" begleitet Kinder dabei, Unsicherheit und Scham als normale Gefühle zu verstehen. Die Geschichte ist **kostenlos auf lernolotl.de** zu lesen – hier kaufst du das Begleitmaterial für Grundschule Klasse 1/2 (6–8 Jahre).

**📦 Das ist im Paket enthalten:**
✔ Aufgabe 1 – Richtig oder Falsch? (Textverständnis)
✔ Aufgabe 2 – Was passiert in Pauls Körper, wenn er Angst hat zu sprechen?
✔ Aufgabe 3 – Wann fühle ich mich unsicher?
✔ Aufgabe 4 – Was hilft mir, mich zu trauen?
⭐ Extraklug-Aufgabe: Rat an Paul schreiben (3+ Sätze)
🎨 Ganzseitiges Ausmalbild zur Geschichte
📖 Geschichte als druckfertiges PDF (die vollständige Erzählung)
✅ Lösungsblatt für Eltern & Lehrkräfte
💡 Hinweis mit Lernzielen, Gesprächsanregungen & Zeitaufwand

**🎯 Lernziele:**
Unsicherheit und Scham normalisieren · Körperwahrnehmung · Selbstvertrauen · Sprechen als Mut

**💬 Ideal für:**
Grundschullehrkräfte (Deutsch, Ethik) · Kinder mit Redeangst · Inklusiver Unterricht

**📖 Die Geschichte zuerst lesen:** lernolotl.de
**🛒 Sofort-Download** nach dem Kauf · Druckfertig auf A4 · PDF-Format

© Der Lernolotl",1.99,EUR,999,"Gefuehlsgeschichte,Sozial_emotional,Arbeitsblatt_PDF,Lernolotl,Grundschule_Klasse_1,Grundschule_Klasse_2,Ethik_Grundschule,Unsicherheit_Kinder,Scham_Kinder,Sprechangst_Kind,Selbstvertrauen_Kind,Unsicherheit_Geschichte",,https://i.etsystatic.com/64486107/r/il/d5bc2b/7732229676/il_fullxfull.7732229676_bv0r.jpg,https://i.etsystatic.com/64486107/r/il/27130e/7732228982/il_fullxfull.7732228982_gvn8.jpg,https://i.etsystatic.com/64486107/r/il/e7e0ba/7780180167/il_fullxfull.7780180167_ou8t.jpg,https://i.etsystatic.com/64486107/r/il/115ee9/7780180173/il_fullxfull.7780180173_npg9.jpg,https://i.etsystatic.com/64486107/r/il/012e88/7732228986/il_fullxfull.7732228986_p6us.jpg,https://i.etsystatic.com/64486107/r/il/d042b8/7780180691/il_fullxfull.7780180691_q4jc.jpg,https://i.etsystatic.com/64486107/r/il/76b471/7780180697/il_fullxfull.7780180697_afru.jpg,https://i.etsystatic.com/64486107/r/il/c2b5a9/7780180693/il_fullxfull.7780180693_iamc.jpg,https://i.etsystatic.com/64486107/r/il/a4b1d3/7732229464/il_fullxfull.7732229464_sv7h.jpg,,,,,,,,,,,
"Gefühlsgeschichte Unsicherheit · Kita-Paket 3–6 Jahre · Arbeitsblätter PDF · Paul und die wackelnden Worte · Der Lernolotl","Manchmal kommen Pauls Worte zu schnell. Manchmal bleiben sie stecken. Besonders, wenn viele zuhören. Und das fühlt sich ganz eng an.

„Paul und die wackelnden Worte"" ist eine einfühlsame Geschichte über Unsicherheit, Scham und den Mut, trotzdem mitzumachen. Die Geschichte ist **kostenlos auf lernolotl.de** zu lesen – hier kaufst du das Begleitmaterial für Kita-Kinder (3–6 Jahre).

**📦 Das ist im Paket enthalten:**
✔ Aufgabe 1 – Emoji-Aufgabe: Wie fühlt sich Paul im Stuhlkreis?
✔ Aufgabe 2 – Ankreuzaufgabe: Was hat Paul am Ende gemacht?
✔ Aufgabe 3 – Malaufgabe: Paul spricht – und alle hören zu
🎨 Ganzseitiges Ausmalbild zur Geschichte
📖 Geschichte als druckfertiges PDF (die vollständige Erzählung)
✅ Lösungsblatt für Eltern & Erzieher:innen
💡 Hinweis mit Lernzielen, Gesprächsanregung & Zeitaufwand

**🎯 Lernziele:**
Unsicherheit benennen · Scham normalisieren · Mut zum Sprechen stärken

**💬 Ideal für:**
Eltern von Kindern mit Sprechhemmungen · Erzieher:innen · Kinder im Übergang Kita/Schule

**📖 Die Geschichte zuerst lesen:** lernolotl.de
**🛒 Sofort-Download** nach dem Kauf · Druckfertig auf A4 · PDF-Format

© Der Lernolotl",1.99,EUR,999,"Gefuehlsgeschichte,Sozial_emotional,Arbeitsblatt_PDF,Lernolotl,Kita_Material,Vorschule_Printable,Erzieher_Material,Unsicherheit_Kinder,Scham_Kinder,Redeangst_Kinder,Unsicherheit_Geschichte,Sprechangst_Kind,Selbstvertrauen_Kind",,https://i.etsystatic.com/64486107/r/il/2788ae/7732221080/il_fullxfull.7732221080_ls9o.jpg,https://i.etsystatic.com/64486107/r/il/6da2d4/7780171507/il_fullxfull.7780171507_m2o1.jpg,https://i.etsystatic.com/64486107/r/il/b7e33e/7780171505/il_fullxfull.7780171505_3eah.jpg,https://i.etsystatic.com/64486107/r/il/6688c1/7780171509/il_fullxfull.7780171509_a507.jpg,https://i.etsystatic.com/64486107/r/il/e8a8df/7780171515/il_fullxfull.7780171515_g5ua.jpg,https://i.etsystatic.com/64486107/r/il/edc9e0/7780171829/il_fullxfull.7780171829_1ojg.jpg,https://i.etsystatic.com/64486107/r/il/222889/7780171831/il_fullxfull.7780171831_1nwy.jpg,https://i.etsystatic.com/64486107/r/il/40ef8c/7732220838/il_fullxfull.7732220838_e6hd.jpg,https://i.etsystatic.com/64486107/r/il/e3200e/7732220832/il_fullxfull.7732220832_m4rq.jpg,,,,,,,,,,,
"Gefühlsgeschichte Eifersucht · Grundschule Klasse 3–4 · Arbeitsblätter PDF · Max und die neue Schaukel · Der Lernolotl","Ist Eifersucht immer ungerecht – oder steckt dahinter ein Wunsch, der gehört werden will? Max' Geschichte lädt Kinder ein, tiefer zu schauen.

„Max und die neue Schaukel"" verbindet Konfliktbewältigung mit emotionaler Selbstreflexion. Die Geschichte ist **kostenlos auf lernolotl.de** zu lesen – hier kaufst du das anspruchsvolle Begleitmaterial für Grundschule Klasse 3/4 (8–10 Jahre).

**📦 Das ist im Paket enthalten:**
✔ Aufgabe 1 – Was ist der Unterschied zwischen Eifersucht und Neid? (3–4 Sätze)
✔ Aufgabe 2 – Was verrät Eifersucht über unsere Wünsche?
✔ Aufgabe 3 – Konfliktlösung: Wie hätte Max anders reagieren können?
✔ Aufgabe 4 – Fairness vs. Gleichheit: Was ist der Unterschied?
⭐ Extraklug-Aufgabe: Ratgebertext für Kinder mit Eifersucht (8+ Sätze)
🎨 Ganzseitiges Ausmalbild zur Geschichte
📖 Geschichte als druckfertiges PDF (die vollständige Erzählung)
✅ Lösungsblatt mit Bewertungskriterien für Lehrkräfte
💡 Hinweis mit Lernzielen, Lehrplanbezug & Zeitaufwand

**🎯 Lernziele:**
Differenzierung Eifersucht/Neid · Wünsche erkennen · Konfliktlösung · soziale Kompetenz

**💬 Ideal für:**
Lehrkräfte (Ethik, Sachunterricht, Deutsch) · Schulsozialpädagogik · Klassenrat und Gesprächskreis

**📖 Die Geschichte zuerst lesen:** lernolotl.de
**🛒 Sofort-Download** nach dem Kauf · Druckfertig auf A4 · PDF-Format

© Der Lernolotl",1.99,EUR,999,"Sozial_emotional,Arbeitsblatt_PDF,Lernolotl,Grundschule_Klasse_3,Grundschule_Klasse_4,Lehrkraft_Material,Geschwister_Streit,Konflikte_Kinder,Teilen_lernen,Eifersucht_Geschichte,Neid_Kinder,Eifersucht_Kinder",,https://i.etsystatic.com/64486107/r/il/af7682/7729512660/il_fullxfull.7729512660_4w1p.jpg,https://i.etsystatic.com/64486107/r/il/fff527/7777455533/il_fullxfull.7777455533_1xkz.jpg,https://i.etsystatic.com/64486107/r/il/bda2e2/7729510474/il_fullxfull.7729510474_8k52.jpg,https://i.etsystatic.com/64486107/r/il/5cac7a/7777455531/il_fullxfull.7777455531_g1xt.jpg,https://i.etsystatic.com/64486107/r/il/cfae49/7729510516/il_fullxfull.7729510516_9fom.jpg,https://i.etsystatic.com/64486107/r/il/3184c8/7729512266/il_fullxfull.7729512266_nqng.jpg,https://i.etsystatic.com/64486107/r/il/97cae7/7777457421/il_fullxfull.7777457421_sx22.jpg,https://i.etsystatic.com/64486107/r/il/8167c0/7729512284/il_fullxfull.7729512284_3u2c.jpg,https://i.etsystatic.com/64486107/r/il/8976b9/7729512290/il_fullxfull.7729512290_jh5i.jpg,,,,,,,,,,,
"Gefühlsgeschichte Eifersucht · Grundschule Klasse 1–2 · Arbeitsblätter PDF · Max und die neue Schaukel · Der Lernolotl","Warum fühlt sich Eifersucht so heiß und eng an? Max erlebt es am Spielplatz – und lernt, dass dieses Gefühl etwas über seine Wünsche verrät.

„Max und die neue Schaukel"" hilft Kindern, Eifersucht von innen heraus zu verstehen. Die Geschichte ist **kostenlos auf lernolotl.de** zu lesen – hier kaufst du das Begleitmaterial für Grundschule Klasse 1/2 (6–8 Jahre).

**📦 Das ist im Paket enthalten:**
✔ Aufgabe 1 – Richtig oder Falsch? (Textverständnis)
✔ Aufgabe 2 – Eifersucht im Körper: Was spürt Max?
✔ Aufgabe 3 – Warum fühlt sich Eifersucht falsch an, wenn doch alle dürfen?
✔ Aufgabe 4 – Was hilft, wenn ich eifersüchtig bin?
⭐ Extraklug-Aufgabe: Brief an Max schreiben
🎨 Ganzseitiges Ausmalbild zur Geschichte
📖 Geschichte als druckfertiges PDF (die vollständige Erzählung)
✅ Lösungsblatt für Eltern & Lehrkräfte
💡 Hinweis mit Lernzielen, Gesprächsanregungen & Zeitaufwand

**🎯 Lernziele:**
Eifersucht und Neid unterscheiden · Körperwahrnehmung · soziale Perspektive · Empathie entwickeln

**💬 Ideal für:**
Grundschullehrkräfte (Ethik, Sachunterricht) · Eltern bei Geschwisterkonflikten · Sozialpädagogische Fachkräfte

**📖 Die Geschichte zuerst lesen:** lernolotl.de
**🛒 Sofort-Download** nach dem Kauf · Druckfertig auf A4 · PDF-Format

© Der Lernolotl",1.99,EUR,999,"Gefuehlsgeschichte,Sozial_emotional,Arbeitsblatt_PDF,Lernolotl,Grundschule_Klasse_1,Grundschule_Klasse_2,Ethik_Grundschule,Eifersucht_Kinder,Neid_Kinder,Eifersucht_Geschichte,Teilen_lernen,Konflikte_Kinder,Geschwister_Streit",,https://i.etsystatic.com/64486107/r/il/df292a/7729500712/il_fullxfull.7729500712_6kph.jpg,https://i.etsystatic.com/64486107/r/il/3a9719/7729500092/il_fullxfull.7729500092_13hl.jpg,https://i.etsystatic.com/64486107/r/il/8cb4b9/7729500086/il_fullxfull.7729500086_gju4.jpg,https://i.etsystatic.com/64486107/r/il/d7c03f/7729500084/il_fullxfull.7729500084_5fu2.jpg,https://i.etsystatic.com/64486107/r/il/e1ed0d/7777445155/il_fullxfull.7777445155_sgho.jpg,https://i.etsystatic.com/64486107/r/il/c16081/7777445465/il_fullxfull.7777445465_njsc.jpg,https://i.etsystatic.com/64486107/r/il/a86847/7729500412/il_fullxfull.7729500412_7pfe.jpg,https://i.etsystatic.com/64486107/r/il/aeae49/7777445473/il_fullxfull.7777445473_pws8.jpg,https://i.etsystatic.com/64486107/r/il/dd65a6/7729500430/il_fullxfull.7729500430_tnnn.jpg,,,,,,,,,,,
"Gefühlsgeschichte Eifersucht · Kita-Paket 3–6 Jahre · Arbeitsblätter PDF · Max und die neue Schaukel · Der Lernolotl","Max liebt seine Lieblingsschaukel. Doch als die neue Lina einfach draufspringt, wird sein Gesicht heiß. Ein Mix aus Ärger und Traurigkeit – und die Frage: Was mache ich damit?

„Max und die neue Schaukel"" zeigt Kindern, dass Eifersucht und Neid normale Gefühle sind, die man benennen und verstehen kann. Die Geschichte ist **kostenlos auf lernolotl.de** zu lesen – hier kaufst du das Begleitmaterial für Kita-Kinder (3–6 Jahre).

**📦 Das ist im Paket enthalten:**
✔ Aufgabe 1 – Emoji-Aufgabe: Wie fühlt sich Max?
✔ Aufgabe 2 – Ankreuzaufgabe: Was hat Mama Max gezeigt?
✔ Aufgabe 3 – Malaufgabe: Max und Lina spielen zusammen
🎨 Ganzseitiges Ausmalbild zur Geschichte
📖 Geschichte als druckfertiges PDF (die vollständige Erzählung)
✅ Lösungsblatt für Eltern & Erzieher:innen
💡 Hinweis mit Lernzielen, Gesprächsanregung & Zeitaufwand

**🎯 Lernziele:**
Eifersucht benennen und normalisieren · Umgang mit gemischten Gefühlen · Teilen und Fairness

**💬 Ideal für:**
Eltern in Geschwister- und Spielplatzsituationen · Erzieher:innen in Kita und Vorschule · Konfliktprävention im Alltag

**📖 Die Geschichte zuerst lesen:** lernolotl.de
**🛒 Sofort-Download** nach dem Kauf · Druckfertig auf A4 · PDF-Format

© Der Lernolotl",1.99,EUR,999,"Gefuehlsgeschichte,Sozial_emotional,Arbeitsblatt_PDF,Lernolotl,Kita_Material,Vorschule_Printable,Erzieher_Material,Eifersucht_Kinder,Neid_Kinder,Eifersucht_Geschichte,Teilen_lernen,Konflikte_Kinder,Geschwister_Streit",,https://i.etsystatic.com/64486107/r/il/74fed9/7777434739/il_fullxfull.7777434739_hp4j.jpg,https://i.etsystatic.com/64486107/r/il/782956/7729488842/il_fullxfull.7729488842_1go6.jpg,https://i.etsystatic.com/64486107/r/il/1e1805/7729488846/il_fullxfull.7729488846_1cua.jpg,https://i.etsystatic.com/64486107/r/il/f5b4f2/7777433923/il_fullxfull.7777433923_1s9m.jpg,https://i.etsystatic.com/64486107/r/il/9a53e0/7777433925/il_fullxfull.7777433925_py2r.jpg,https://i.etsystatic.com/64486107/r/il/d690c8/7777434517/il_fullxfull.7777434517_exkx.jpg,https://i.etsystatic.com/64486107/r/il/22d71a/7777434523/il_fullxfull.7777434523_942x.jpg,https://i.etsystatic.com/64486107/r/il/b6b785/7777434531/il_fullxfull.7777434531_cvdl.jpg,https://i.etsystatic.com/64486107/r/il/d393ef/7729489466/il_fullxfull.7729489466_elk8.jpg,,,,,,,,,,,
"Gefühlsgeschichte Dankbarkeit · Grundschule Klasse 3–4 · Arbeitsblätter PDF · Mila und der geteilte Apfel · Der Lernolotl","Ist ein kleineres Stück wirklich weniger wert? Mila muss lernen, dass Dankbarkeit eine Entscheidung ist – keine Selbstverständlichkeit.

„Mila und der geteilte Apfel"" regt Kinder zum Nachdenken über Erwartungen, Gerechtigkeit und innere Haltung an. Die Geschichte ist **kostenlos auf lernolotl.de** zu lesen – hier kaufst du das anspruchsvolle Begleitmaterial für Grundschule Klasse 3/4 (8–10 Jahre).

**📦 Das ist im Paket enthalten:**
✔ Aufgabe 1 – Was ist Dankbarkeit? Eigene Definition entwickeln (3–4 Sätze)
✔ Aufgabe 2 – Erwartungen vs. Realität: Warum entsteht Enttäuschung?
✔ Aufgabe 3 – Perspektivwechsel: Was sah der Opa, was Mila nicht sah?
✔ Aufgabe 4 – Dankbarkeit im Alltag: Eigene Beispiele finden
⭐ Extraklug-Aufgabe: Dankbarkeitstagebuch-Konzept entwickeln (8+ Sätze)
🎨 Ganzseitiges Ausmalbild zur Geschichte
📖 Geschichte als druckfertiges PDF (die vollständige Erzählung)
✅ Lösungsblatt mit Bewertungskriterien für Lehrkräfte
💡 Hinweis mit Lernzielen, Lehrplanbezug & Zeitaufwand

**🎯 Lernziele:**
Dankbarkeit als aktive Haltung · Erwartungsmanagement · Perspektivwechsel · reflektierendes Schreiben

**💬 Ideal für:**
Lehrkräfte (Ethik, Religion, Deutsch) · Schulsozialpädagogische Arbeit · Eltern mit älteren Grundschulkindern

**📖 Die Geschichte zuerst lesen:** lernolotl.de
**🛒 Sofort-Download** nach dem Kauf · Druckfertig auf A4 · PDF-Format

© Der Lernolotl",1.99,EUR,999,"Gefuehlsgeschichte,Sozial_emotional,Arbeitsblatt_PDF,Lernolotl,Grundschule_Klasse_3,Grundschule_Klasse_4,Lehrkraft_Material,Dankbarkeit_Kinder,Dankbarkeit_Geschichte,Wertschaetzung_Kinder,Perspektivwechsel,Dankbarkeit_ueben,Gefuehl_Dankbarkeit",,https://i.etsystatic.com/64486107/r/il/05f23f/7777116241/il_fullxfull.7777116241_ctce.jpg,https://i.etsystatic.com/64486107/r/il/093ea7/7777115461/il_fullxfull.7777115461_9qr9.jpg,https://i.etsystatic.com/64486107/r/il/442cc2/7777115453/il_fullxfull.7777115453_b29x.jpg,https://i.etsystatic.com/64486107/r/il/544be0/7777115455/il_fullxfull.7777115455_rn9f.jpg,https://i.etsystatic.com/64486107/r/il/80e732/7777115457/il_fullxfull.7777115457_4k2j.jpg,https://i.etsystatic.com/64486107/r/il/03442e/7729170032/il_fullxfull.7729170032_s4ed.jpg,https://i.etsystatic.com/64486107/r/il/d91a1e/7777115917/il_fullxfull.7777115917_nqe1.jpg,https://i.etsystatic.com/64486107/r/il/5f4ecb/7729170044/il_fullxfull.7729170044_il78.jpg,https://i.etsystatic.com/64486107/r/il/9d6a49/7777115927/il_fullxfull.7777115927_s1gu.jpg,,,,,,,,,,,
"Gefühlsgeschichte Dankbarkeit · Grundschule Klasse 1–2 · Arbeitsblätter PDF · Mila und der geteilte Apfel · Der Lernolotl","Mila weiß genau, was sie mag – und dass Dinge gerecht sein sollten. Doch manchmal liegt Dankbarkeit genau dort, wo man sie nicht erwartet.

„Mila und der geteilte Apfel"" begleitet Kinder dabei, ihren Blick auf das Vorhandene zu lenken, statt auf das Fehlende. Die Geschichte ist **kostenlos auf lernolotl.de** zu lesen – hier kaufst du das Begleitmaterial für Grundschule Klasse 1/2 (6–8 Jahre).

**📦 Das ist im Paket enthalten:**
✔ Aufgabe 1 – Richtig oder Falsch? (Textverständnis)
✔ Aufgabe 2 – Warum war Mila zuerst enttäuscht? (2 Sätze)
✔ Aufgabe 3 – Was ist Dankbarkeit? (eigene Definition)
✔ Aufgabe 4 – Wofür bin ich dankbar? (persönliche Reflexion)
⭐ Extraklug-Aufgabe: Dankbarkeitsbrief schreiben
🎨 Ganzseitiges Ausmalbild zur Geschichte
📖 Geschichte als druckfertiges PDF (die vollständige Erzählung)
✅ Lösungsblatt für Eltern & Lehrkräfte
💡 Hinweis mit Lernzielen, Gesprächsanregungen & Zeitaufwand

**🎯 Lernziele:**
Textverständnis · Dankbarkeit als innere Haltung verstehen · Perspektivwechsel · persönliche Reflexion

**💬 Ideal für:**
Grundschullehrkräfte (Ethik, Religion, Deutsch) · Eltern zur Nachbereitung · Pädagogische Fachkräfte

**📖 Die Geschichte zuerst lesen:** lernolotl.de
**🛒 Sofort-Download** nach dem Kauf · Druckfertig auf A4 · PDF-Format

© Der Lernolotl",1.99,EUR,999,"Gefuehlsgeschichte,Sozial_emotional,Arbeitsblatt_PDF,Lernolotl,Grundschule_Klasse_1,Grundschule_Klasse_2,Ethik_Grundschule,Dankbarkeit_Kinder,Dankbarkeit_Geschichte,Wertschaetzung_Kinder,Perspektivwechsel,Dankbarkeit_ueben,Gefuehl_Dankbarkeit",,https://i.etsystatic.com/64486107/r/il/977c92/7777106143/il_fullxfull.7777106143_kskr.jpg,https://i.etsystatic.com/64486107/r/il/75ff0b/7729159952/il_fullxfull.7729159952_g1a1.jpg,https://i.etsystatic.com/64486107/r/il/701bc5/7777105617/il_fullxfull.7777105617_d2sc.jpg,https://i.etsystatic.com/64486107/r/il/076768/7729159950/il_fullxfull.7729159950_1z31.jpg,https://i.etsystatic.com/64486107/r/il/fb959c/7777105621/il_fullxfull.7777105621_hfeu.jpg,https://i.etsystatic.com/64486107/r/il/976983/7777105927/il_fullxfull.7777105927_4pnp.jpg,https://i.etsystatic.com/64486107/r/il/93a638/7777105931/il_fullxfull.7777105931_8qy9.jpg,https://i.etsystatic.com/64486107/r/il/cbe9a4/7729160290/il_fullxfull.7729160290_a2p3.jpg,https://i.etsystatic.com/64486107/r/il/7c40e3/7729160288/il_fullxfull.7729160288_8g98.jpg,,,,,,,,,,,
"Gefühlsgeschichte Dankbarkeit · Kita-Paket 3–6 Jahre · Arbeitsblätter PDF · Mila und der geteilte Apfel · Der Lernolotl","Ein ungleich geteilter Apfel – und plötzlich wird aus Enttäuschung etwas ganz Unerwartetes. Mila lernt, dass Dankbarkeit bedeutet, zu spüren was man hat.

„Mila und der geteilte Apfel"" ist eine berührende Geschichte über Dankbarkeit und das Verändern des eigenen Blickwinkels. Die Geschichte ist **kostenlos auf lernolotl.de** zu lesen – hier kaufst du das pädagogische Begleitmaterial für Kita-Kinder (3–6 Jahre).

**📦 Das ist im Paket enthalten:**
✔ Aufgabe 1 – Emoji-Aufgabe: Wie fühlt sich Mila am Ende?
✔ Aufgabe 2 – Ankreuzaufgabe: Was hat der Opa gemacht?
✔ Aufgabe 3 – Malaufgabe: Etwas malen, wofür ich dankbar bin
🎨 Ganzseitiges Ausmalbild zur Geschichte
📖 Geschichte als druckfertiges PDF (die vollständige Erzählung)
✅ Lösungsblatt für Eltern & Erzieher:innen
💡 Hinweis mit Lernzielen, Gesprächsanregung & Zeitaufwand

**🎯 Lernziele:**
Dankbarkeit als Gefühl erkennen · Perspektivwechsel üben · Wertschätzung im Alltag entdecken

**💬 Ideal für:**
Eltern, die Dankbarkeit im Familienalltag stärken möchten · Erzieher:innen in Kita und Vorschule · Pädagogische Fachkräfte

**📖 Die Geschichte zuerst lesen:** lernolotl.de
**🛒 Sofort-Download** nach dem Kauf · Druckfertig auf A4 · PDF-Format

© Der Lernolotl",1.99,EUR,999,"Kita_Material,Vorschule_Printable,Erzieher_Material,Dankbarkeit_Kinder,Dankbarkeit_Geschichte,Wertschaetzung_Kinder,Perspektivwechsel,Dankbarkeit_ueben,Gefuehl_Dankbarkeit,Gefuehlsgeschichte,Sozial_emotional,Lernolotl",,https://i.etsystatic.com/64486107/r/il/70b93a/7777090449/il_fullxfull.7777090449_89a3.jpg,https://i.etsystatic.com/64486107/r/il/d10b54/7777088945/il_fullxfull.7777088945_9p7c.jpg,https://i.etsystatic.com/64486107/r/il/73b5e2/7777088941/il_fullxfull.7777088941_9a20.jpg,https://i.etsystatic.com/64486107/r/il/a5fd18/7729143134/il_fullxfull.7729143134_7o6p.jpg,https://i.etsystatic.com/64486107/r/il/fe0923/7777088957/il_fullxfull.7777088957_4tnm.jpg,https://i.etsystatic.com/64486107/r/il/f08428/7729143456/il_fullxfull.7729143456_kq0x.jpg,https://i.etsystatic.com/64486107/r/il/5f3524/7729143468/il_fullxfull.7729143468_sz6w.jpg,https://i.etsystatic.com/64486107/r/il/e3380f/7777089383/il_fullxfull.7777089383_cmcg.jpg,https://i.etsystatic.com/64486107/r/il/9e0a5b/7729143462/il_fullxfull.7729143462_bkgj.jpg,,,,,,,,,,,
"Gefühlsgeschichten Grundschule Klasse 3–4 · Alle 11 Geschichten · Komplettpaket 8–10 Jahre · Arbeitsblätter PDF · Der Lernolotl","Kinder, die Frustration als Kompass nutzen, Wut als Botschaft lesen und Einsamkeit von Alleinsein unterscheiden können – das ist emotionale Intelligenz, die ein Leben lang trägt.

Dieses Komplettpaket enthält das **anspruchsvolle Grundschul-Begleitmaterial (Klasse 3/4) zu allen 11 Gefühlsgeschichten** des Lernolotl in einem einzigen Download. Einmal kaufen – ein ganzes Schuljahr begleiten.

**📦 Enthalten: 11 × Grundschule 3/4-Paket (8–10 Jahre)**

Jedes Paket enthält:
✔ Aufgabe 1 – Analyse-Aufgabe: Gefühl als Botschaft verstehen (3–4 Sätze)
✔ Aufgabe 2 – Innerer Konflikt / Perspektivwechsel (3 Sätze)
✔ Aufgabe 3 – Reflexionsaufgabe mit persönlichem Bezug
✔ Aufgabe 4 – Vertiefungsaufgabe (stille Unterstützung, Strategien, Bedeutung)
⭐ Extraklug-Aufgabe: Ratgebertext oder persönlicher Notfallplan (8+ Sätze)
📖 Geschichte als druckfertiges PDF (die vollständige Erzählung)
🎨 Ganzseitiges Ausmalbild zur Geschichte
✅ Lösungsblatt mit Bewertungskriterien für Lehrkräfte
💡 Hinweis mit Lernzielen, Lehrplanbezug & Zeitaufwand

**📚 Die 11 Geschichten im Überblick:**
🐾 Angst – „Milo und der Schatten hinter der Tür""
🍎 Dankbarkeit – „Mila und der geteilte Apfel""
🛝 Eifersucht / Neid – „Max und die neue Schaukel""
🦔 Einsamkeit – „Theo und der leise Platz""
✨ Freude – „Maja und das warme Ja-Gefühl""
🧱 Frustration – „Paul und der Turm, der immer wieder fiel""
🌻 Geduld – „Ben und der Samen unter der Erde""
🙋 Mut – „Emma und die mutige Frage""
💜 Traurigkeit – „Leni und das leise Gefühl""
🗣️ Unsicherheit – „Paul und die wackelnden Worte""
🔥 Wut – „Leo Löwe und das Feuer im Bauch""

**🎯 Lernziele (alle 11 Gefühle):**
Emotionale Intelligenz · Kognitive Umstrukturierung · Gefühle als Information nutzen · Impulskontrolle und Selbstregulation · Empathie und soziale Verantwortung · Analytisches und reflektierendes Schreiben · Lehrplanbezug: Ethik, Deutsch, Sachunterricht

**💬 Ideal für:**
Grundschullehrkräfte (Ethik, Deutsch, Sachunterricht) · Jahresbegleitung sozial-emotionales Lernen · Schulsozialpädagogik und Beratungslehrkräfte · Begabtenförderung · Inklusive Settings · Eltern mit älteren Grundschulkindern

**💰 Größter Preisvorteil:** Alle 11 GS 3/4-Pakete in einem Download – deutlich günstiger als der Einzelkauf

**📖 Alle Geschichten kostenlos lesen:** lernolotl.de
**🛒 Sofort-Download** nach dem Kauf · Alle Seiten druckfertig auf A4 · PDF-Format

© Der Lernolotl",14.99,EUR,999,"Gefuehlsgeschichte,Grundschule_Bundle,Sozial_emotional,Lernolotl,Grundschule_Klasse_3,Grundschule_Klasse_4,Ethik_Grundschule,Gefuehle_Kinder,Emotionen_Kinder,Schuljahr_Paket,Arbeitsblatt_PDF,11_Geschichten,Gefuehlserziehung",,https://i.etsystatic.com/64486107/r/il/edb963/7777100161/il_fullxfull.7777100161_cznh.jpg,https://i.etsystatic.com/64486107/r/il/14de3b/7775674901/il_fullxfull.7775674901_ka3j.jpg,https://i.etsystatic.com/64486107/r/il/6f38e3/7727728720/il_fullxfull.7727728720_4qo4.jpg,https://i.etsystatic.com/64486107/r/il/079ece/7775674897/il_fullxfull.7775674897_hapz.jpg,https://i.etsystatic.com/64486107/r/il/3247f9/7727728722/il_fullxfull.7727728722_5qzx.jpg,https://i.etsystatic.com/64486107/r/il/70a973/7775675149/il_fullxfull.7775675149_85xi.jpg,https://i.etsystatic.com/64486107/r/il/fde80c/7775675151/il_fullxfull.7775675151_mh2b.jpg,https://i.etsystatic.com/64486107/r/il/b35f68/7775675155/il_fullxfull.7775675155_kg1u.jpg,https://i.etsystatic.com/64486107/r/il/9f50c0/7775675159/il_fullxfull.7775675159_r0mn.jpg,,,,,,,,,,,
"Gefühlsgeschichten Grundschule Klasse 1–2 · Alle 11 Geschichten · Komplettpaket 6–8 Jahre · Arbeitsblätter PDF · Der Lernolotl","Ein Kind, das Wut versteht, Einsamkeit benennen kann und weiß, dass Frustration kein Zeichen von Schwäche ist – das ist emotionale Kompetenz für die Schule.

Dieses Komplettpaket enthält das **Grundschul-Begleitmaterial (Klasse 1/2) zu allen 11 Gefühlsgeschichten** des Lernolotl in einem einzigen Download. Einmal kaufen – ein ganzes Schuljahr begleiten.

**📦 Enthalten: 11 × Grundschule 1/2-Paket (6–8 Jahre)**

Jedes Paket enthält:
✔ Aufgabe 1 – Richtig / Falsch (Textverständnis)
✔ Aufgabe 2 – Körperwahrnehmung (2 Sätze)
✔ Aufgabe 3 – Reflexionsaufgabe (eigene Erfahrung)
✔ Aufgabe 4 – Kernaussage der Geschichte verstehen
⭐ Extraklug-Aufgabe für besonders motivierte Kinder
📖 Geschichte als druckfertiges PDF (die vollständige Erzählung)
🎨 Ganzseitiges Ausmalbild zur Geschichte
✅ Lösungsblatt für Eltern & Lehrkräfte
💡 Hinweis mit Lernzielen, Gesprächsanregungen & Zeitaufwand

**📚 Die 11 Geschichten im Überblick:**
🐾 Angst – „Milo und der Schatten hinter der Tür""
🍎 Dankbarkeit – „Mila und der geteilte Apfel""
🛝 Eifersucht / Neid – „Max und die neue Schaukel""
🦔 Einsamkeit – „Theo und der leise Platz""
✨ Freude – „Maja und das warme Ja-Gefühl""
🧱 Frustration – „Paul und der Turm, der immer wieder fiel""
🌻 Geduld – „Ben und der Samen unter der Erde""
🙋 Mut – „Emma und die mutige Frage""
💜 Traurigkeit – „Leni und das leise Gefühl""
🗣️ Unsicherheit – „Paul und die wackelnden Worte""
🔥 Wut – „Leo Löwe und das Feuer im Bauch""

**🎯 Lernziele (alle 11 Gefühle):**
Textverständnis · Gefühle als Körpersignale verstehen · Bewältigungsstrategien entwickeln · Empathie und Perspektivwechsel · Reflexionskompetenz · Schreiben zu persönlichen Erfahrungen

**💬 Ideal für:**
Grundschullehrkräfte (Ethik, Sachunterricht, Deutsch) · Jahresbegleitung sozial-emotionales Lernen · Schulsozialpädagogische Fachkräfte · Eltern zur nachhaltigen Nachbereitung · Inklusive Settings

**💰 Größter Preisvorteil:** Alle 11 GS 1/2-Pakete in einem Download – deutlich günstiger als der Einzelkauf

**📖 Alle Geschichten kostenlos lesen:** lernolotl.de
**🛒 Sofort-Download** nach dem Kauf · Alle Seiten druckfertig auf A4 · PDF-Format

© Der Lernolotl",14.99,EUR,999,"Gefuehlsgeschichte,Grundschule_Bundle,Sozial_emotional,Lernolotl,Grundschule_Klasse_1,Grundschule_Klasse_2,Ethik_Grundschule,Gefuehle_Kinder,Emotionen_Kinder,Schuljahr_Paket,Arbeitsblatt_PDF,11_Geschichten,Gefuehlserziehung",,https://i.etsystatic.com/64486107/r/il/dda7b3/7777100773/il_fullxfull.7777100773_7w2g.jpg,https://i.etsystatic.com/64486107/r/il/cc8de0/7775668143/il_fullxfull.7775668143_kfh5.jpg,https://i.etsystatic.com/64486107/r/il/5eab63/7727721880/il_fullxfull.7727721880_q8wb.jpg,https://i.etsystatic.com/64486107/r/il/f9d397/7775668139/il_fullxfull.7775668139_t1oi.jpg,https://i.etsystatic.com/64486107/r/il/deb550/7727721890/il_fullxfull.7727721890_f37s.jpg,https://i.etsystatic.com/64486107/r/il/cc423d/7775668455/il_fullxfull.7775668455_plgb.jpg,https://i.etsystatic.com/64486107/r/il/9925a2/7775668457/il_fullxfull.7775668457_kfbp.jpg,https://i.etsystatic.com/64486107/r/il/e332df/7775668463/il_fullxfull.7775668463_egpp.jpg,https://i.etsystatic.com/64486107/r/il/fbdbfb/7775668465/il_fullxfull.7775668465_ql3k.jpg,,,,,,,,,,,
"Gefühlsgeschichten Kita · Alle 11 Geschichten · Komplettpaket 3–6 Jahre · Arbeitsblätter PDF · Der Lernolotl","Angst, Wut, Eifersucht, Traurigkeit, Mut – Kinder erleben alle Gefühle. Und sie brauchen Worte dafür.

Dieses Komplettpaket enthält das **Kita-Begleitmaterial zu allen 11 Gefühlsgeschichten** des Lernolotl in einem einzigen Download. Einmal kaufen – ein ganzes Jahr begleiten.

**📦 Enthalten: 11 × Kita-Paket (3–6 Jahre)**

Jedes Paket enthält:
✔ Emoji-Aufgabe – Gefühl erkennen und ankreuzen
✔ Ankreuzaufgabe – Textverständnis altersgerecht
✔ Malaufgabe – kreative Verarbeitung
📖 Geschichte als druckfertiges PDF (die vollständige Erzählung)
🎨 Ganzseitiges Ausmalbild zur Geschichte
✅ Lösungsblatt für Eltern & Erzieher:innen
💡 Hinweis mit Lernzielen, Gesprächsanregung & Zeitaufwand

**📚 Die 11 Geschichten im Überblick:**
🐾 Angst – „Milo und der Schatten hinter der Tür""
🍎 Dankbarkeit – „Mila und der geteilte Apfel""
🛝 Eifersucht / Neid – „Max und die neue Schaukel""
🦔 Einsamkeit – „Theo und der leise Platz""
✨ Freude – „Maja und das warme Ja-Gefühl""
🧱 Frustration – „Paul und der Turm, der immer wieder fiel""
🌻 Geduld – „Ben und der Samen unter der Erde""
🙋 Mut – „Emma und die mutige Frage""
💜 Traurigkeit – „Leni und das leise Gefühl""
🗣️ Unsicherheit – „Paul und die wackelnden Worte""
🔥 Wut – „Leo Löwe und das Feuer im Bauch""

**🎯 Lernziele (alle 11 Gefühle):**
Gefühle benennen und normalisieren · Körperwahrnehmung · Erste Bewältigungsstrategien · Empathie entwickeln · Gesprächsgrundlage für Kita und Zuhause

**💬 Ideal für:**
Erzieher:innen, die das ganze Jahr über sozial-emotionales Lernen begleiten möchten · Kita-Leitungen für den gesamten Gruppenraum · Eltern, die alle Gefühlsthemen griffbereit haben möchten · Frühpädagogische Fachkräfte · Schulvorbereitende Einrichtungen

**💰 Größter Preisvorteil:** Alle 11 Kita-Pakete in einem Download – deutlich günstiger als der Einzelkauf

**📖 Alle Geschichten kostenlos lesen:** lernolotl.de
**🛒 Sofort-Download** nach dem Kauf · Alle Seiten druckfertig auf A4 · PDF-Format

© Der Lernolotl",14.99,EUR,999,"Gefuehlsgeschichte,Kita_Bundle,Sozial_emotional,Lernolotl,Kita_Material,Vorschule_Printable,Erzieher_Material,Gefuehle_Kinder,Kita_Jahrespaket,Arbeitsblatt_PDF,11_Geschichten",,https://i.etsystatic.com/64486107/r/il/2a859a/7777101467/il_fullxfull.7777101467_hi95.jpg,https://i.etsystatic.com/64486107/r/il/e80ce3/7775628635/il_fullxfull.7775628635_3pxv.jpg,https://i.etsystatic.com/64486107/r/il/6706f5/7727683110/il_fullxfull.7727683110_n3vs.jpg,https://i.etsystatic.com/64486107/r/il/7b82de/7727683114/il_fullxfull.7727683114_4pmc.jpg,https://i.etsystatic.com/64486107/r/il/b2a6fb/7727683116/il_fullxfull.7727683116_9vhr.jpg,https://i.etsystatic.com/64486107/r/il/ed8d09/7727683424/il_fullxfull.7727683424_rum0.jpg,https://i.etsystatic.com/64486107/r/il/6dea5b/7775628937/il_fullxfull.7775628937_scjl.jpg,https://i.etsystatic.com/64486107/r/il/fce168/7727683428/il_fullxfull.7727683428_x23v.jpg,https://i.etsystatic.com/64486107/r/il/b0148e/7727683426/il_fullxfull.7727683426_bq1a.jpg,,,,,,,,,,,
"Gefühlsgeschichte Angst · Grundschule Klasse 3–4 · Arbeitsblätter PDF · Milo und der Schatten hinter der Tür · Der Lernolotl","Angst schützt uns – aber manchmal irrt sie sich. Milo der Waschbär erlebt genau das, wenn ein harmloser Schatten zur nächtlichen Bedrohung wird.

„Milo und der Schatten hinter der Tür"" lädt Kinder ein, Angst zu verstehen, zu hinterfragen und eigene Strategien zu entwickeln. Die Geschichte ist **kostenlos auf lernolotl.de** zu lesen – hier kaufst du das anspruchsvolle Begleitmaterial für Grundschule Klasse 3/4 (8–10 Jahre).

**📦 Das ist im Paket enthalten:**
✔ Aufgabe 1 – Angst verstehen: Warum will sie uns schützen? (3–4 Sätze)
✔ Aufgabe 2 – Die Atemübung: Selbst ausprobieren & reflektieren
✔ Aufgabe 3 – Echte vs. eingebildete Angst: Beispiele sortieren
✔ Aufgabe 4 – Gedanken umformulieren: Positive Gegengedanken entwickeln
⭐ Extraklug-Aufgabe: Ratgebertext für Kinder mit Angst im Dunkeln (8+ Sätze)
🎨 Ganzseitiges Ausmalbild zur Geschichte
📖 Geschichte als druckfertiges PDF (die vollständige Erzählung)
✅ Lösungsblatt mit Bewertungskriterien für Lehrkräfte
💡 Hinweis mit Lernzielen, Lehrplanbezug & Zeitaufwand

**🎯 Lernziele:**
Kognitive Umstrukturierung · Unterscheidung realer/unrealer Gefahren · Körperwahrnehmung · Schreiben zu einem Sachthema

**💬 Ideal für:**
Lehrkräfte (Sachunterricht Körper & Gesundheit, Ethik, Deutsch) · Schulpsychologische Begleitung · Eltern mit älteren Grundschulkindern

**📖 Die Geschichte zuerst lesen:** lernolotl.de
**🛒 Sofort-Download** nach dem Kauf · Druckfertig auf A4 · PDF-Format

© Der Lernolotl",1.99,EUR,999,"Gefuehlsgeschichte,Sozial_emotional,Arbeitsblatt_PDF,Lernolotl,Grundschule_Klasse_3,Grundschule_Klasse_4,Lehrkraft_Material,Angst_Kinder,Angst_Geschichte,Milo_Waschbaer,Angst_im_Dunkeln,Mut_Kinder,Angst_bewaeltigen",,https://i.etsystatic.com/64486107/r/il/fa1ecd/7777101973/il_fullxfull.7777101973_rges.jpg,https://i.etsystatic.com/64486107/r/il/c35fdc/7774350111/il_fullxfull.7774350111_p5pm.jpg,https://i.etsystatic.com/64486107/r/il/434d4e/7774350105/il_fullxfull.7774350105_l67n.jpg,https://i.etsystatic.com/64486107/r/il/f9c3f6/7726404348/il_fullxfull.7726404348_avyc.jpg,https://i.etsystatic.com/64486107/r/il/2db04e/7726404352/il_fullxfull.7726404352_2w14.jpg,https://i.etsystatic.com/64486107/r/il/b677c1/7726404744/il_fullxfull.7726404744_pao4.jpg,https://i.etsystatic.com/64486107/r/il/3949e4/7774350433/il_fullxfull.7774350433_2y9k.jpg,https://i.etsystatic.com/64486107/r/il/19b34e/7726404758/il_fullxfull.7726404758_ra0e.jpg,https://i.etsystatic.com/64486107/r/il/e0e1e4/7727676110/il_fullxfull.7727676110_k6xv.jpg,,,,,,,,,,,
"Gefühlsgeschichte Angst · Grundschule Klasse 1–2 · Arbeitsblätter PDF · Milo und der Schatten hinter der Tür · Der Lernolotl","Milo ist tagsüber mutig – aber abends verändert sich etwas. Ein Schatten an der Wand lässt sein Herz schneller schlagen. Was tut er? Und was können Kinder daraus lernen?

„Milo und der Schatten hinter der Tür"" ist eine Gefühlsgeschichte über Angst, Körperwahrnehmung und Bewältigungsstrategien. Die Geschichte ist **kostenlos auf lernolotl.de** zu lesen – hier kaufst du das pädagogische Begleitmaterial für die Grundschule Klasse 1/2 (6–8 Jahre).

**📦 Das ist im Paket enthalten:**
✔ Aufgabe 1 – Richtig oder Falsch? (Textverständnis)
✔ Aufgabe 2 – Angst im Körper: Wo spüre ich sie? (2 Sätze)
✔ Aufgabe 3 – Was tun bei Angst? (eigene Strategien)
✔ Aufgabe 4 – „Angst will dich beschützen"" – Was meint Mama?
⭐ Extraklug-Aufgabe: Brief an Milo schreiben (3+ Sätze)
🎨 Ganzseitiges Ausmalbild zur Geschichte
📖 Geschichte als druckfertiges PDF (die vollständige Erzählung)
✅ Lösungsblatt für Eltern & Lehrkräfte
💡 Hinweis mit Lernzielen, Gesprächsanregungen & Zeitaufwand

**🎯 Lernziele:**
Textverständnis · Körperwahrnehmung · Bewältigungsstrategien · Empathie

**💬 Ideal für:**
Grundschullehrkräfte (Sachunterricht, Ethik, Deutsch) · Eltern zur Nachbereitung · Schulsozialpädagogische Fachkräfte

**📖 Die Geschichte zuerst lesen:** lernolotl.de
**🛒 Sofort-Download** nach dem Kauf · Druckfertig auf A4 · PDF-Format

© Der Lernolotl",1.99,EUR,999,"Gefuehlsgeschichte,Sozial_emotional,Arbeitsblatt_PDF,Lernolotl,Grundschule_Klasse_1,Grundschule_Klasse_2,Ethik_Grundschule,Angst_bewaeltigen,Mut_Kinder,Angst_im_Dunkeln,Milo_Waschbaer,Angst_Geschichte,Angst_Kinder",,https://i.etsystatic.com/64486107/r/il/82d257/7726392570/il_fullxfull.7726392570_6wvl.jpg,https://i.etsystatic.com/64486107/r/il/bc7b84/7774337453/il_fullxfull.7774337453_bx9o.jpg,https://i.etsystatic.com/64486107/r/il/556677/7774337437/il_fullxfull.7774337437_6rf3.jpg,https://i.etsystatic.com/64486107/r/il/d89d33/7774337439/il_fullxfull.7774337439_qe0s.jpg,https://i.etsystatic.com/64486107/r/il/3d5815/7726391704/il_fullxfull.7726391704_dm0e.jpg,https://i.etsystatic.com/64486107/r/il/45cfa7/7774336493/il_fullxfull.7774336493_6nlv.jpg,https://i.etsystatic.com/64486107/r/il/a5008d/7726390650/il_fullxfull.7726390650_fi7x.jpg,https://i.etsystatic.com/64486107/r/il/fd4355/7774336501/il_fullxfull.7774336501_93yo.jpg,https://i.etsystatic.com/64486107/r/il/6680b2/7775623009/il_fullxfull.7775623009_8j7n.jpg,,,,,,,,,,,
"Gefühlsgeschichte Angst · Kita-Paket 3–6 Jahre · Arbeitsblätter PDF · Milo und der Schatten hinter der Tür · Der Lernolotl","Wenn das Licht ausgeht und Schatten an der Wand erscheinen – Milo der Waschbär kennt dieses Gefühl. Und dein Kind vielleicht auch.

„Milo und der Schatten hinter der Tür"" ist eine einfühlsame Gefühlsgeschichte über Angst im Dunkeln, Atemübungen und das Vertrauen in Bezugspersonen. Die Geschichte ist **kostenlos auf lernolotl.de** zu lesen – hier kaufst du das passende pädagogische Begleitmaterial für Kita-Kinder (3–6 Jahre).

**📦 Das ist im Paket enthalten:**
✔ Aufgabe 1 – Emoji-Aufgabe: Wie fühlt sich Milo? (Kreis malen)
✔ Aufgabe 2 – Ankreuzaufgabe: Was hat Mama gemacht?
✔ Aufgabe 3 – Malaufgabe: Milo lächelnd im Bett
🎨 Ganzseitiges Ausmalbild zur Geschichte
📖 Geschichte als druckfertiges PDF (die vollständige Erzählung)
✅ Lösungsblatt für Eltern & Erzieher:innen
💡 Hinweis mit Lernzielen, Gesprächsanregung & Zeitaufwand

**🎯 Lernziele:**
Angst benennen und normalisieren · Atemübung als Bewältigungsstrategie · Vertrauen in Bezugspersonen stärken

**💬 Ideal für:**
Eltern, die das Thema Angst zu Hause begleiten möchten · Erzieher:innen in Kita und Vorschule · Pädagogische Fachkräfte im Bereich sozial-emotionales Lernen

**📖 Die Geschichte zuerst lesen:** lernolotl.de
**🛒 Sofort-Download** nach dem Kauf · Druckfertig auf A4 · PDF-Format

© Der Lernolotl",1.99,EUR,999,"Angst_Kinder,Angst_Geschichte,Milo_Waschbaer,Angst_im_Dunkeln,Mut_Kinder,Gefuehlsgeschichte,Arbeitsblatt_PDF,Kita_Material,Lernolotl,Erzieher_Material,Vorschule_Printable,Sozial_emotional",,https://i.etsystatic.com/64486107/r/il/1dd6ef/7774302421/il_fullxfull.7774302421_pax5.jpg,https://i.etsystatic.com/64486107/r/il/f71569/7726358914/il_fullxfull.7726358914_9l9d.jpg,https://i.etsystatic.com/64486107/r/il/b86721/7774304507/il_fullxfull.7774304507_gs0f.jpg,https://i.etsystatic.com/64486107/r/il/aa4bdd/7774304607/il_fullxfull.7774304607_sy8q.jpg,https://i.etsystatic.com/64486107/r/il/4c8c15/7726359188/il_fullxfull.7726359188_4wm9.jpg,https://i.etsystatic.com/64486107/r/il/b1c8db/7726359912/il_fullxfull.7726359912_os4y.jpg,https://i.etsystatic.com/64486107/r/il/a1e1a4/7726359920/il_fullxfull.7726359920_dlhg.jpg,https://i.etsystatic.com/64486107/r/il/9116a5/7726359928/il_fullxfull.7726359928_ra3y.jpg,https://i.etsystatic.com/64486107/r/il/b58cc3/7727678220/il_fullxfull.7727678220_5m8o.jpg,,,,,,,,,,,
"Complete Autism Support Bundle - Visual Structure Cards Communication Scales Schedule Routine - PDF Download","**Your autistic child needs TWO things to thrive: Predictable structure (so they know what's coming) + Clear communication (so they can tell you what they need).**

**Get both essential systems together and save $14 – complete visual support for structure AND communication in one comprehensive toolkit.**

✅ **What You Get (220+ pages, 8 PDFs total):**

**📦 SYSTEM 1: VISUAL DAILY STRUCTURE CARDS ($24.99 value)**

**4 PDFs, 150+ pages:**
• Setup Guide & Instructions
• 135+ Activity Cards (15 themes × 3 variants × 3 sizes)
• Large Cards 8x8cm (45 pages)
• Medium Cards 6x6cm (45 pages)
• Small Cards 4x4cm (45 pages)
• Daily routines, special activities, weekdays
• 3 visual variants: Detailed, Symbolic, Minimalist

**What This System Does:**
• Eliminates ""surprise"" transitions
• Builds predictable daily structure
• Reduces transition anxiety
• Creates visual timeline for the day
• Your child knows what's coming next

**📦 SYSTEM 2: VISUAL COMMUNICATION SCALES BUNDLE ($29.00 value)**

**4 PDFs, 72 pages:**
• Handbook (18 pages)
• 6 Visual Scales (Energy, Sensory, Proximity, Communication, Body, Transition)
• 4 Emergency Card Sets (16 variants)
• Workbook & Meltdown Prevention Plan (14 pages)
• Quick Start Guide

**What This System Does:**
• Gives nonverbal communication options
• Prevents meltdowns through early communication
• Teaches self-advocacy
• Respects processing time
• Works when speech fails

**🎯 WHY BOTH SYSTEMS TOGETHER?**

**PROACTIVE vs. REACTIVE:**
• **Structure Cards = Proactive** (prevents problems before they start)
• **Communication Scales = Reactive** (handles problems as they arise)

**PREDICTABILITY + ADVOCACY:**
• **Structure** = ""Here's what will happen today""
• **Communication** = ""Here's how I'm handling it""

**SCHOOL + HOME:**
• **Structure Cards** work great at school (teachers love them!)
• **Communication Scales** work everywhere (home, school, public)

**EXAMPLE: How Both Systems Work Together**

**Morning with Structure Cards:**
• Child checks schedule: Wake up → Breakfast → Get Dressed → School
• Knows exactly what's coming
• Less transition resistance

**Morning with Communication Scales:**
• Child shows ""Energy Low"" (red)
• Parent adjusts morning routine
• Meltdown prevented before school

**Together = Complete Support:**
Structure cards prevent most problems. Communication scales handle the rest.

**💡 COMPLETE PRINTABLE TOOLKIT:**
• 135+ Structure Activity Cards
• 6 Visual Communication Scales
• 16 Emergency Communication Cards
• Setup Guides for both systems
• Implementation Workbook
• Meltdown Prevention Plan
• Quick Start Guide (get started today!)
• All print-ready & lamination-friendly

👨‍👩‍👧 **Created by Teacher + Parent Team:**
**Katharina** (elementary teacher, autism specialist) + **Paul** (intensive care nurse, 17 years). Parents of Sam (7, autism + ADHD).

**We use BOTH systems. Every single day. They work.**

📚 **Evidence-Based:**
• Visual Supports research (Quill, 1997)
• Predictive Processing (autism needs predictability)
• AAC (Augmentative & Alternative Communication)
• Interoception research (Mahler)
• Executive Function support
• Self-advocacy research

🎯 **Perfect for:**
• Parents of autistic children (ages 4-14+)
• Teachers creating autism-friendly classrooms
• Therapists building comprehensive support
• Schools implementing visual support systems
• Families seeking complete visual toolkit

📥 **What You Download:**
• 8 Complete PDFs (220+ pages total)
• Visual Daily Structure Card System (4 PDFs, 150+ pages)
• Visual Communication Scales Bundle (4 PDFs, 72 pages)
• **Bundle value: $53.99** – You pay only $39.99
• **Save $14** vs. buying individually
• Unlimited printing rights
• **FREE PREVIEW:** Both previews at autismfamilyguide.com/preview/

💶 **Price:** $39.99 (Bundle saves $14!)

🔒 **Usage Rights:** Personal + Educational Use Allowed | No Commercial Redistribution

**Complete visual support. Proactive structure + Reactive communication. Everything your autistic child needs to thrive.**

---

**Legal Information:**
Seller: Paul Rawe (Small Business per US regulations)
• Imprint: https://autismfamilyguide.com/legal/etsy-imprint.html
• Terms: https://autismfamilyguide.com/legal/etsy-terms.html
• Privacy: https://autismfamilyguide.com/legal/etsy-privacy.html",28.55,EUR,999,"autism_support_bundle,visual_schedule_autism,autism_communication,autism_daily_structure,autism_visual_tools,autism_meltdown_prevention,autism_routine,sensory_regulation,autism_self_advocacy,visual_supports_autism,autism_complete_system,autism_parent_toolkit,autism_teacher_toolkit",,https://i.etsystatic.com/64486107/r/il/1efb9d/7698610666/il_fullxfull.7698610666_p8ih.jpg,https://i.etsystatic.com/64486107/r/il/fcd941/7746558017/il_fullxfull.7746558017_5qji.jpg,https://i.etsystatic.com/64486107/r/il/99a74e/7698611682/il_fullxfull.7698611682_kn6z.jpg,,,,,,,,,,,,,,,,,
"Autism Communication Scales Bundle - 6 Visual Scales Regulation Sensory Meltdown Prevention - Printable PDF","**""How are you feeling?"" ""I don't know."" ""Are you okay?"" ""I don't know."" ""Do you need help?"" ""I DON'T KNOW!""**

Autistic children often can't identify or communicate their internal states – until they're already melting down.

**This comprehensive toolkit gives your child 6 visual scales to communicate what they CAN'T say with words – plus emergency cards for crisis moments.**

✅ **What You Get (72 pages, 4 PDFs):**

**📦 COMPLETE COMMUNICATION SYSTEM:**

**PDF 1: Handbook (18 pages)**
• How to introduce each scale
• Age-appropriate implementation (5-14+)
• Teaching your child to use scales
• Respecting their communication
• When scales fail (and what to do)

**PDF 2: The 6 Visual Scales (24 pages)**

**SCALE 1: ENERGY LEVEL (Battery)**
• Full (green) → Empty (red)
• ""I have energy"" vs. ""I'm exhausted""
• Helps prevent burnout

**SCALE 2: SENSORY OVERLOAD (Volume)**
• Quiet (green) → Too Loud (red)
• Communicating sensory overwhelm
• Before meltdown prevention

**SCALE 3: PROXIMITY COMFORT (Distance)**
• Close is okay (green) → Need space (red)
• Personal bubble communication
• Consent & body autonomy

**SCALE 4: COMMUNICATION ABILITY (Speech)**
• Can talk (green) → Can't talk (red)
• Nonverbal periods are valid
• Alternative communication ready

**SCALE 5: BODY COMFORT (Temperature)**
• Comfortable (green) → Uncomfortable (red)
• Hunger, pain, temperature, etc.
• Interoception support

**SCALE 6: TRANSITION READINESS (Clock)**
• Ready now (green) → Need more time (red)
• Respecting processing speed
• Reducing rushed transitions

**PDF 3: Emergency Cards (4 Variants, 16 pages)**

**Card Set 1: BASIC NEEDS**
• ""I need a break""
• ""I need quiet""
• ""I need food/water""
• ""I need the bathroom""

**Card Set 2: REGULATION**
• ""I'm getting overwhelmed""
• ""I need to move""
• ""I need my comfort item""
• ""I need help""

**Card Set 3: COMMUNICATION**
• ""I can't talk right now""
• ""Give me time to answer""
• ""I don't understand""
• ""Can you repeat that?""

**Card Set 4: CRISIS**
• ""I'm about to meltdown""
• ""I need to leave""
• ""Too much""
• ""STOP""

**PDF 4: Workbook & Prevention Plan (14 pages)**
• Meltdown prevention planning
• Identifying triggers with scales
• Building early warning systems
• Quick Start Guide (1-page summary)

**💡 WHY VISUAL SCALES WORK:**

**Interoception Challenges:**
Many autistic children struggle to identify internal body states. ""How do you feel?"" requires interoception skills they don't have. Visual scales externalize internal states.

**Processing Time:**
Speaking requires processing. In overwhelm, speech disappears. Scales allow communication when words fail.

**Self-Advocacy:**
Scales teach children to recognize and communicate needs BEFORE meltdown – building lifelong self-advocacy.

**Respect & Autonomy:**
""I need space"" on a scale is respected. ""I need space"" in words might be ignored. Visual = valid.

👨‍👩‍👧 **Field-Tested by Teacher + Parent:**
**Katharina** (elementary teacher, autism specialist) developed these scales for her classroom – then brought them home for Sam (7, autism + ADHD).

**Used daily in both school AND home settings.**

📚 **Evidence-Based:**
• Interoception research (Mahler, 2016)
• AAC (Augmentative & Alternative Communication)
• Self-advocacy research
• Meltdown prevention research

🎯 **Perfect for:**
• Parents of autistic children (ages 5-14+)
• Teachers supporting nonverbal communication
• Therapists building self-advocacy
• Schools creating sensory-friendly environments
• Anyone preventing meltdowns

📥 **What You Download:**
• 4 Complete PDFs (72 pages total)
• Handbook (18 pages)
• 6 Visual Scales (24 pages)
• 4 Emergency Card Sets (16 pages)
• Workbook & Prevention Plan (14 pages)
• Print-ready & lamination-friendly
• Unlimited printing rights
• **FREE PREVIEW:** Available at autismfamilyguide.com/preview/

💶 **Price:** $29.00 (one-time payment)

🔒 **Usage Rights:** Personal + Educational Use Allowed | No Commercial Redistribution

**Stop asking ""What's wrong?"" when they can't answer. Give them a way to show you.**

💡 **Pair with Daily Structure Cards for complete visual support!**

---

**Legal Information:**
Seller: Paul Rawe (Small Business per US regulations)
• Imprint: https://autismfamilyguide.com/legal/etsy-imprint.html
• Terms: https://autismfamilyguide.com/legal/etsy-terms.html
• Privacy: https://autismfamilyguide.com/legal/etsy-privacy.html",20.71,EUR,999,"autism_teacher_tool,visual_communication,autism_sensory,autism_interoception,autism_self_advocacy,autism_emergency_cards,nonverbal_communication,autism_visual_support,sensory_communication,autism_meltdown,autism_regulation,visual_scales_autism,autism_communication",,https://i.etsystatic.com/64486107/r/il/ef1f3d/7698602526/il_fullxfull.7698602526_1l0f.jpg,https://i.etsystatic.com/64486107/r/il/a8d490/7746549795/il_fullxfull.7746549795_nlgw.jpg,https://i.etsystatic.com/64486107/r/il/bc69db/7746549799/il_fullxfull.7746549799_m0ot.jpg,https://i.etsystatic.com/64486107/r/il/6dee9e/7746549819/il_fullxfull.7746549819_icu3.jpg,https://i.etsystatic.com/64486107/r/il/013182/7746549815/il_fullxfull.7746549815_dmvf.jpg,https://i.etsystatic.com/64486107/r/il/d6f957/7698602828/il_fullxfull.7698602828_sd8y.jpg,https://i.etsystatic.com/64486107/r/il/d7a02e/7698602830/il_fullxfull.7698602830_jvfz.jpg,,,,,,,,,,,,,
"Visual Daily Structure Cards Autism - 135+ Activity Cards Schedule Routine Transitions - Printable PDF Download","**""What's happening next?"" ""When is screen time?"" ""How much longer until dinner?""**

For autistic children, every transition is a crisis. Every ""surprise"" is a meltdown. The solution? Visual structure.

**This complete card system gives your autistic child 135+ activity cards (15 themes × 3 visual variants × 3 sizes) – print what works for YOUR child.**

✅ **What You Get (150+ pages):**

**📦 COMPLETE CARD SYSTEM (4 PDFs):**

**PDF 1: Setup Guide & Instructions (18 pages)**
• How to use visual structure cards
• Age-appropriate implementation (4-12+)
• Where to display (refrigerator, wall, binder)
• Transition rituals using cards
• Troubleshooting common problems

**PDF 2: Large Cards 8x8cm (45 pages)**
• Best for: Young children (4-6), wall displays
• High visibility from distance
• Clear, simple visuals

**PDF 3: Medium Cards 6x6cm (45 pages)**
• Best for: School-age children (7-10), portable schedules
• Balance of visibility & portability
• Fits in binders & folders

**PDF 4: Small Cards 4x4cm (45 pages)**
• Best for: Older children (10+), keychain schedules
• Maximum portability
• Discreet school use

**🎨 15 DAILY ACTIVITY THEMES (Each in 3 Visual Variants):**

**Core Daily Routines:**
• Wake Up / Get Dressed
• Breakfast / Lunch / Dinner
• Brush Teeth / Shower / Bath
• School Time / Homework
• Free Play / Screen Time
• Bedtime Routine

**Special Activities:**
• Doctor Visit
• Birthday Party
• Vacation / Trip
• Haircut
• Sports / Exercise

**Weekday Cards:**
• Monday through Sunday (visual differentiation)

**🎯 3 VISUAL VARIANTS FOR EACH ACTIVITY:**

**Variant 1: DETAILED**
• Realistic images
• More visual information
• Best for: Visual learners who prefer detail

**Variant 2: SYMBOLIC**
• Simple icons/symbols
• Clear representations
• Best for: Children who prefer simplicity

**Variant 3: MINIMALIST**
• Abstract shapes & colors
• Least visual complexity
• Best for: Sensory-sensitive children

**💡 CHOICE, NOT PRESCRIPTION:**
Most visual card systems force one style. This system lets YOUR CHILD choose which variant helps them most. Sam (our 7-year-old) uses different variants for different activities!

**🎯 HOW TO USE:**

**Daily Schedule Board:**
• Line up cards for the day's activities
• Child can see what's coming
• No more ""surprise"" transitions
• Remove cards as activities complete

**Transition Support:**
• ""First [current activity], then [next activity]""
• Visual representation of ""what's next""
• Reduces anxiety about change

**Portable Schedule:**
• Small cards on keychain
• Child carries their schedule
• Especially helpful at school

👨‍👩‍👧 **Created by Teacher + Parent Team:**
**Katharina** (elementary teacher, autism specialist) designed these for her classroom, then refined them at home with Sam (7, autism + ADHD).

**Field-tested in both classroom AND home settings.**

📚 **Evidence-Based:**
• Predictive Processing research (autism needs predictability)
• Visual Supports research (Quill, 1997)
• Executive Function support
• Transition research

🎯 **Perfect for:**
• Parents of autistic children (ages 4-12+)
• Teachers creating classroom schedules
• Therapists teaching time management
• Schools supporting autistic students
• Anyone reducing transition anxiety

📥 **What You Download:**
• 4 Complete PDFs (150+ pages total)
• Setup Guide & Instructions
• 45 Large Cards (8x8cm)
• 45 Medium Cards (6x6cm)
• 45 Small Cards (4x4cm)
• 15 Activities × 3 Variants each
• Print-ready, lamination-friendly
• Unlimited printing rights
• **FREE PREVIEW:** Available at autismfamilyguide.com/preview/

💶 **Price:** $24.99 (one-time payment)

🔒 **Usage Rights:** Personal + Educational Use Allowed | No Commercial Redistribution

**Give your autistic child the gift of predictability. Stop fighting transitions.**

💡 **Pair with Communication Scales Bundle for complete visual support!**

---

**Legal Information:**
Seller: Paul Rawe (Small Business per US regulations)
• Imprint: https://autismfamilyguide.com/legal/etsy-imprint.html
• Terms: https://autismfamilyguide.com/legal/etsy-terms.html
• Privacy: https://autismfamilyguide.com/legal/etsy-privacy.html",17.84,EUR,999,"autism_organization,printable_visual_cards,autism_structure,autism_daily_routine,autism_predictability,visual_supports_autism,autism_schedule,autism_activity_cards,autism_transitions,visual_schedule_autism,autism_routine,daily_structure_cards,autism_visual_schedule",,https://i.etsystatic.com/64486107/r/il/d76cb6/7698589920/il_fullxfull.7698589920_1ype.jpg,https://i.etsystatic.com/64486107/r/il/f157fc/7698594650/il_fullxfull.7698594650_para.jpg,https://i.etsystatic.com/64486107/r/il/734c5f/7698594652/il_fullxfull.7698594652_dev6.jpg,https://i.etsystatic.com/64486107/r/il/06b496/7698594672/il_fullxfull.7698594672_5j0p.jpg,https://i.etsystatic.com/64486107/r/il/6d69c1/7746541643/il_fullxfull.7746541643_7tw7.jpg,,,,,,,,,,,,,,,
"Homework Emergency Bundle Autism ADHD - Complete Crisis Strategies Parent Teacher Guide - PDF Download","**Your child has BOTH autism AND ADHD. Or you're a teacher supporting a diverse classroom. Or you just want complete coverage for any homework crisis.**

**Get both Emergency Plans together and save $4 – comprehensive strategies for autism homework battles AND ADHD homework battles in one complete toolkit.**

✅ **What You Get (73 pages total):**

**📦 BOTH COMPLETE GUIDES:**

**AUTISM HOMEWORK EMERGENCY PLAN (43 pages)**
• Sensory Overload Protocols
• Meltdown & Shutdown Response
• Executive Function Strategies (autism-specific)
• Visual Structure Systems
• Transition Rituals
• Theory of Mind Challenges
• Interoception Support
• 18 Scientific References

**ADHD HOMEWORK EMERGENCY PLAN (30 pages)**
• Interest-Based Nervous System
• Time Blindness Strategies
• Chunking Method for Initiation Paralysis
• Body Doubling Techniques
• Movement Breaks & Fidget Tools
• Motivation Rescue Protocols
• Emotional Dysregulation Response
• Dr. Russell Barkley research

**🎯 WHY THIS BUNDLE?**

**For Co-Occurring Autism + ADHD:**
Most autistic children also have ADHD traits. Most ADHD children have autistic traits. The homework challenges overlap but the solutions differ. This bundle gives you both.

**For Teachers Supporting Diverse Classrooms:**
You have autistic students. You have ADHD students. You have students with both. This bundle covers all scenarios.

**For Complete Crisis Coverage:**
Maybe you're not sure which challenges are autism and which are ADHD. This bundle ensures you have the right strategy for any homework crisis.

**💡 HOW TO USE BOTH GUIDES TOGETHER:**
1. **Start with the guide that matches the primary diagnosis**
2. **Look for overlapping challenges** (executive function, meltdowns, motivation)
3. **Mix strategies** – autism sensory prep + ADHD chunking = powerful combination
4. **Experiment** – every child is different, even with the same diagnosis

**🎯 COMPLETE PRINTABLE TOOLS:**
• 12+ Emergency Checklists (laminate for quick reference!)
• Visual Homework Schedules (autism)
• Chunking Templates (ADHD)
• Sensory Regulation Checklist (autism)
• Body Doubling Tracker (ADHD)
• Environmental Optimization Checklists (both)
• Parent-Teacher Communication Scripts (both)
• Crisis Decision Trees (both)


**We use BOTH guides. Every. Single. Night.**

📚 **Evidence-Based (30+ Scientific References):**
• Executive Function (Barkley, Brown)
• Autism Research (Baron-Cohen, Happé, Hill)
• ADHD Research (Barkley, Dodson, Brown)
• Sensory Processing (Miller)
• Theory of Mind (Frith)
• Interoception (Mahler)

🎯 **Perfect for:**
• Parents of children with autism + ADHD co-occurring
• Teachers supporting diverse classrooms
• Therapists working with multiple diagnoses
• Schools building homework support systems
• Anyone wanting complete coverage for homework crises

📥 **What You Download:**
• 2 Complete Professional PDFs (73 pages total)
• BOTH Emergency Plans
• 12+ Printable Tools
• Parent-Teacher Communication Scripts
• 30+ Scientific References
• **Bundle value: $19.98** – You pay only $15.99
• **Save $4** vs. buying individually
• **FREE PREVIEW:** Both previews at autismfamilyguide.com/preview/

💶 **Price:** $15.99 (Bundle saves $4!)

🔒 **Usage Rights:** Personal + Educational Use Allowed | No Commercial Redistribution

**Complete homework emergency coverage. Both diagnoses. One comprehensive toolkit.**

---

**Legal Information:**
Seller: Paul Rawe (Small Business per US regulations)
• Imprint: https://autismfamilyguide.com/legal/etsy-imprint.html
• Terms: https://autismfamilyguide.com/legal/etsy-terms.html
• Privacy: https://autismfamilyguide.com/legal/etsy-privacy.html",11.42,EUR,999,"neurodivergent_homework,homework_meltdown,school_support_bundle,autism_adhd_support,homework_emergency,parent_teacher_guide,adhd_homework,autism_homework,homework_strategies,executive_function,homework_crisis_plan,autism_adhd_homework,homework_help_bundle",,https://i.etsystatic.com/64486107/r/il/a34370/7746527657/il_fullxfull.7746527657_4x4s.jpg,https://i.etsystatic.com/64486107/r/il/7c6dae/7698580744/il_fullxfull.7698580744_23sg.jpg,https://i.etsystatic.com/64486107/r/il/86ff68/7698581008/il_fullxfull.7698581008_cz6u.jpg,,,,,,,,,,,,,,,,,
"ADHD Homework Emergency Plan - Executive Function Crisis Strategies Focus Motivation - Parent Teacher Guide PDF","**""I'll do it later."" Two hours pass. Still not started. You ask again. Meltdown. Or shutdown. Or both.**

This isn't laziness. This isn't defiance. This is ADHD.

**This 30-page research-backed Emergency Plan gives you proven strategies for when your ADHD child is melting down, shutting down, or can't get started – tonight.**

✅ **What You Get (30 pages):**

**🚨 CRISIS PROTOCOLS (Use Immediately)**
• **Active Meltdown Response** – De-escalation for emotional dysregulation
• **Shutdown Response** – Re-engagement when they've given up
• **""Blank Paper Freeze"" Protocol** – Breaking through initiation paralysis
• **Motivation Crash Response** – When interest-based motivation fails

**📋 COMPLETE EMERGENCY SYSTEM:**

**🧠 WHY HOMEWORK IS NEUROLOGICALLY HARDER FOR ADHD:**
• **Executive Function Deficits** – Planning, initiation, working memory
• **Delayed Reward Processing** – ""This is due tomorrow"" doesn't motivate
• **Time Blindness** – ""10 minutes"" feels like ""forever""
• **Interest-Based Nervous System** – Boring = neurologically painful
• **Emotional Dysregulation** – Frustration → Meltdown fast

**⚡ IMMEDIATE INTERVENTIONS:**

**The Chunking Method**
• Breaking assignments into 2-minute tasks
• Why ADHD brains need constant finish lines
• Dopamine micro-hits keep motivation alive

**Body Doubling**
• Why ""just sit with them"" actually works
• The accountability presence
• Virtual body doubling options

**The 5-Minute Rule**
• Getting started is 80% of the battle
• Commitment to 5 minutes only
• Hyperfocus often kicks in after

**Movement Breaks**
• Why sitting still makes ADHD worse
• Every 15-20 minutes: move
• Movement = dopamine = focus

**Environmental Optimization**
• Removing distractions (phone, siblings, TV)
• Creating a ""homework cave""
• Music that helps vs. music that distracts
• Fidget tools that work

**🎯 PRINTABLE TOOLS INCLUDED:**
• Emergency De-escalation Cards (laminate!)
• Chunking Template (any assignment)
• Body Doubling Tracker
• Environmental Checklist
• Motivation Troubleshooting Flowchart
• Parent-Teacher Communication Scripts

**We don't just teach about ADHD. We parent it every single day.**

📚 **Evidence-Based (Dr. Russell Barkley + Current Research):**
• Executive Function Deficits (Barkley)
• Interest-Based Nervous System (Dodson)
• Time Blindness research
• Emotional Dysregulation in ADHD
• Motivation science (Pink, Duckworth)

🎯 **Perfect for:**
• Parents of ADHD children (ages 6-16)
• Teachers supporting ADHD students
• Therapists working with ADHD families
• Tutors & homework coaches
• Anyone ending homework battles

📥 **What You Download:**
• 30-page professional PDF
• Complete Crisis Protocol
• Prevention Strategies
• 6+ Printable Emergency Tools
• Parent-Teacher Communication Scripts
• Scientific references & resources
• **FREE PREVIEW:** Available at autismfamilyguide.com/preview/

💶 **Price:** $9.99 (one-time payment)

🔒 **Usage Rights:** Personal + Educational Use Allowed | No Commercial Redistribution

**This guide won't make your ADHD child love homework. But it will get it done – without the battle.**

💡 **Pair with Autism Homework Emergency Plan for co-occurring conditions!**

---

**Legal Information:**
Seller: Paul Rawe (Small Business per US regulations)
• Imprint: https://autismfamilyguide.com/legal/etsy-imprint.html
• Terms: https://autismfamilyguide.com/legal/etsy-terms.html
• Privacy: https://autismfamilyguide.com/legal/etsy-privacy.html

---",7.13,EUR,999,"adhd_time_management,adhd_regulation,homework_emergency,adhd_school_support,adhd_meltdown,adhd_teacher_guide,adhd_parent_guide,homework_crisis_plan,adhd_focus,adhd_motivation,homework_strategies_adhd,adhd_executive_function,adhd_homework_help",,https://i.etsystatic.com/64486107/r/il/42fd23/7698574482/il_fullxfull.7698574482_k11s.jpg,https://i.etsystatic.com/64486107/r/il/f1f779/7746521097/il_fullxfull.7746521097_t0cb.jpg,https://i.etsystatic.com/64486107/r/il/1457b6/7746521103/il_fullxfull.7746521103_ixe9.jpg,https://i.etsystatic.com/64486107/r/il/e632eb/7746521109/il_fullxfull.7746521109_rmek.jpg,https://i.etsystatic.com/64486107/r/il/903b03/7746521113/il_fullxfull.7746521113_7yi7.jpg,https://i.etsystatic.com/64486107/r/il/4fc7ad/7698573786/il_fullxfull.7698573786_4chk.jpg,,,,,,,,,,,,,,
"Autism Homework Emergency Plan - Meltdown Crisis Management Sensory Strategies - Teacher Parent Guide PDF","**It's 7 PM. Your autistic child has been sitting at the kitchen table for an hour. The homework isn't done. They're crying. You're exhausted. Tomorrow, it starts all over again.**

This isn't a parenting failure. This is neurology.

**This 43-page evidence-based Emergency Plan gives you concrete, immediately actionable strategies for when homework becomes a crisis – tonight.**

✅ **What You Get (43 pages):**

**🚨 EMERGENCY PROTOCOLS (Use Right Now)**
• **Active Meltdown Response** – What to do when your child is melting down
• **Shutdown Response** – What to do when they've shut down completely
• **""Can't Get Started"" Protocol** – Breaking through executive function paralysis
• **Sensory Overload Response** – Immediate sensory regulation strategies

**📋 THE 3-PHASE SYSTEM:**

**PHASE 1: BEFORE HOMEWORK (Prevention)**
• Sensory Preparation – Getting the body ready to learn
• Environmental Setup – Optimizing the homework space
• Transition Rituals – Moving from school to homework
• Energy Assessment – Is now the right time?

**PHASE 2: DURING HOMEWORK (Execution)**
• The 5-Stage Transition Protocol
• Breaking Down Assignments (chunking for autistic brains)
• Visual Timers & Time Blindness
• Movement Breaks & Regulation
• When to Pause vs. When to Push
• Emergency Exit Strategies

**PHASE 3: AFTER HOMEWORK (Recovery)**
• Post-Homework Regulation
• Celebrating Effort (not just completion)
• Communication with Teachers
• Building Resilience for Tomorrow

**🧠 WHY HOMEWORK IS NEUROLOGICALLY HARDER:**
• **Executive Function Challenges** – Planning, initiation, switching
• **Sensory Overload** – School already drained the tank
• **Theory of Mind Differences** – ""Why does this matter?""
• **Interoception Challenges** – Not recognizing hunger/fatigue/overwhelm

**🎯 PRINTABLE TOOLS INCLUDED:**
• Emergency Response Checklists (laminate these!)
• Visual Homework Schedule Templates
• Sensory Regulation Checklist
• Parent-Teacher Communication Scripts
• When-to-Seek-Help Decision Tree


**We live this every weeknight. These strategies work because they have to.**

📚 **Evidence-Based (18 Scientific References):**
• Executive Function research (Russell Barkley, PhD)
• Sensory Processing research (Lucy Jane Miller, PhD)
• Theory of Mind (Baron-Cohen, Happé)
• Interoception (Mahler, 2016)
• Autism-affirming approaches (current research)

🎯 **Perfect for:**
• Parents of autistic children (ages 6-14)
• Teachers supporting homework at school
• Therapists working with families
• School counselors
• Anyone dealing with autism homework battles

📥 **What You Download:**
• 43-page professional PDF
• Complete Emergency Plan
• 3-Phase Prevention System
• 6+ Printable Checklists
• Parent-Teacher Communication Templates
• Scientific references & further reading
• **FREE PREVIEW:** Available at autismfamilyguide.com/preview/

💶 **Price:** $9.99 (one-time payment)

🔒 **Usage Rights:** Personal + Educational Use Allowed | No Commercial Redistribution

**This guide won't make homework easy. But it will make it possible.**

💡 **Pair with ADHD Homework Emergency Plan for co-occurring conditions!**

---

**Legal Information:**
Seller: Paul Rawe (Small Business per US regulations)
• Imprint: https://autismfamilyguide.com/legal/etsy-imprint.html
• Terms: https://autismfamilyguide.com/legal/etsy-terms.html
• Privacy: https://autismfamilyguide.com/legal/etsy-privacy.html",7.13,EUR,999,"autism_regulation,autism_stress,autism_teacher_guide,autism_parent_guide,homework_emergency,autism_transitions,autism_executive_function,homework_strategies,autism_sensory,autism_school_support,homework_crisis_plan,autism_meltdown,autism_homework_help",,https://i.etsystatic.com/64486107/r/il/18885b/7698567856/il_fullxfull.7698567856_2h07.jpg,https://i.etsystatic.com/64486107/r/il/f46a1e/7746514463/il_fullxfull.7746514463_5xbb.jpg,https://i.etsystatic.com/64486107/r/il/b391cf/7698567168/il_fullxfull.7698567168_kq46.jpg,https://i.etsystatic.com/64486107/r/il/3253e4/7698567180/il_fullxfull.7698567180_r9a9.jpg,https://i.etsystatic.com/64486107/r/il/852474/7746514487/il_fullxfull.7746514487_bfgb.jpg,https://i.etsystatic.com/64486107/r/il/32c4bb/7746514499/il_fullxfull.7746514499_3rld.jpg,https://i.etsystatic.com/64486107/r/il/68636a/7746514497/il_fullxfull.7746514497_7uth.jpg,https://i.etsystatic.com/64486107/r/il/1b0b34/7698567192/il_fullxfull.7698567192_re3o.jpg,https://i.etsystatic.com/64486107/r/il/cd7f89/7698567202/il_fullxfull.7698567202_ory5.jpg,,,,,,,,,,,
"6 x My Story Autism Medical Daily Life - Dentist Doctor Hospital Haircut Restaurant Shopping - Visual PDF","**""The dentist is going to hurt me."" ""I don't want to get a shot."" ""The supermarket is too loud and bright."" ""Why does the hairdresser have to touch my hair?""**

Medical appointments and daily errands are sensory nightmares for autistic children. Without preparation, they become battles.

**These 6 x My Stoys transform anxiety into understanding – explaining exactly what will happen at the dentist, doctor, hospital, haircut, restaurant, and supermarket.**

✅ **What You Get (85 pages):**

**🦷 AT THE DENTIST**
• Why we go to the dentist
• The waiting room (what to expect)
• The dental chair & tools (with pictures)
• What the dentist will do (step by step)
• The sounds & sensations
• When it will be over
• You can bring comfort items

**💉 AT THE DOCTOR: VACCINATION**
• Why vaccines help us
• What will happen (complete timeline)
• The brief sting (honesty about pain)
• Brave doesn't mean not scared
• It's okay to cry
• Reward yourself after

**🏥 VISITING SOMEONE IN THE HOSPITAL**
• What hospitals are like (sights, sounds, smells)
• Why people stay in hospitals
• What you can/can't do as a visitor
• It's okay to feel worried
• Visiting helps the person feel better
• You won't ""catch"" being sick

**✂️ AT THE HAIRDRESSER**
• Why we cut our hair
• The sensory experience (touch, sound, tickling)
• You can tell them if something bothers you
• How long it takes
• You'll still look like you
• Bringing comfort items helps

**🍽️ EATING AT A RESTAURANT**
• How restaurants work (ordering, waiting, eating)
• The sensory challenges (noise, smells, strangers)
• You don't have to eat everything
• Using ""safe foods"" from the menu
• When can we leave?
• Taking breaks is okay

**🛒 SHOPPING AT THE SUPERMARKET**
• Why shopping takes time
• The sensory overload (lights, sounds, crowds)
• Staying close to your grown-up
• It's okay to wait in the car
• Headphones can help
• Shopping will end

💡 **Why These Stories Are Critical:**
Medical appointments and daily errands are unavoidable. For autistic children, the sensory overload and unpredictability can cause severe anxiety and meltdowns. Social Stories don't eliminate discomfort – they make it manageable.

🎨 **Visual Features:**
• **Consistent emoji system** throughout all stories
• **Sensory warnings** included (what will be loud/bright/uncomfortable)
• **Honest language** (we don't lie about pain or discomfort)
• **Customizable pages** (add your specific doctor, dentist, etc.)



🎯 **Perfect for:**
• Preparing for medical appointments
• Reducing dentist/doctor anxiety
• Making daily errands manageable
• Building independence in public spaces
• Sensory preparation



📥 **What You Download:**
• 85-page PDF collection (includes complete introduction)
• 6 x complete My Stoys
• Visual emoji legend
• Customizable note pages for each story
• Usage guide
• Unlimited printing rights
• **FREE PREVIEW:** Example story ""Flying"" at autismfamilyguide.com/social/social-story-flying.html

💶 **Price:** $8.99

🔒 **Usage Rights:** Personal + Educational Use Allowed | No Commercial Redistribution

**Stop fighting to get your child to the dentist. Start preparing them.**

---

**Legal Information:**
Seller: Paul Rawe (Small Business per US regulations)
• Imprint: https://autismfamilyguide.com/legal/etsy-imprint.html
• Terms: https://autismfamilyguide.com/legal/etsy-terms.html
• Privacy: https://autismfamilyguide.com/legal/etsy-privacy.html",6.42,EUR,999,"autism_sensory,visual_support_autism,autism_preparation,autism_daily_life,autism_anxiety,medical_appointments,shopping_autism,restaurant_autism,autism_haircut,autism_hospital,doctor_visit_autism,dentist_autism,social_stories_autism",,https://i.etsystatic.com/64486107/r/il/7de42c/7795390534/il_fullxfull.7795390534_8p34.jpg,https://i.etsystatic.com/64486107/r/il/146092/7698557436/il_fullxfull.7698557436_o555.jpg,https://i.etsystatic.com/64486107/r/il/9f59e7/7698557442/il_fullxfull.7698557442_sznh.jpg,https://i.etsystatic.com/64486107/r/il/469655/7746504801/il_fullxfull.7746504801_3tjd.jpg,https://i.etsystatic.com/64486107/r/il/2460ce/7698557444/il_fullxfull.7698557444_ore3.jpg,https://i.etsystatic.com/64486107/r/il/4c9244/7746504809/il_fullxfull.7746504809_knp2.jpg,https://i.etsystatic.com/64486107/r/il/663b5f/7698557446/il_fullxfull.7698557446_7yki.jpg,,,,,,,,,,,,,
"6 x My Storys Autism School Leisure - First Day School Change Train Birthday Pool - Visual PDF Download","**""What will happen on my first day at the new school?"" ""Everyone will look at me at the birthday party."" ""The pool is so loud and echoey – I don't want to go.""**

School transitions and social activities are minefie for autistic children. Every ""surprise"" is a potential meltdown.

**These 6 x My Storys prepare your child for school changes and social situations – turning anxiety into understanding.**

✅ **What You Get (75 pages):**

**✅ FIRST DAY OF SCHOOL**
• The timeline (before, during, after)
• Meeting your new teacher
• Finding your classroom
• Making new friends (at your own pace)
• What if you need help?

**✅ CHANGING SCHOOLS**
• Why schools sometimes change
• Saying goodbye to the old school
• Visiting the new school before starting
• Your old friends don't disappear
• Timeline for adjustment

**✅ TAKING THE TRAIN**
• Buying tickets & finding platforms
• Getting on & off safely
• Where to sit
• What all the sounds mean
• What if you miss your stop?

**✅ FAMILY CELEBRATIONS & BIRTHDAYS**
• What happens at celebrations
• Loud singing & candles (prepare for it!)
• You don't have to eat everything
• It's okay to take breaks
• When can you leave?

**✅ VISITING RELATIVES**
• Who you'll see (with photos if possible)
• What to expect at their house
• Different house rules are okay
• How long you'll stay
• Bringing comfort items is okay

**✅ GOING TO THE POOL**
• Sensory challenges (echoes, chlorine, wetness)
• Changing room procedures
• Pool rules & safety
• You control how much you swim
• It's okay to watch instead

💡 **Why These Stories Work:**
School and social situations are unpredictable by nature. My Stoys restore predictability by explaining the ""hidden curriculum"" – all the unwritten rules neurotypical kids intuit naturally.

🎨 **Visual Features:**
• **Consistent emoji system** across all stories
• **Step-by-step structure** (What happens first? Then? Then?)
• **Customizable pages** for your child's specific situation
• **Sensory warnings** included where relevant

🎯 **Perfect for:**
• School transitions (new school, new grade, new teacher)
• Social events (birthdays, holidays, family gatherings)
• Public outings (pool, train, restaurants)
• Reducing social anxiety
• Building social confidence


📥 **What You Download:**
• 75-page PDF collection
• 6 complete My Storys
• Visual emoji supports throughout
• Customizable note pages
• Usage guide & introduction
• Unlimited printing rights
• **FREE PREVIEW:** Example story ""Flying"" at autismfamilyguide.com/social/social-story-flying.html

💶 **Price:** $8.99

🔒 **Usage Rights:** Personal + Educational Use Allowed | No Commercial Redistribution

**Every school transition. Every social event. Prepared, not panicked.**

---

**Legal Information:**
Seller: Paul Rawe (Small Business per US regulations)
• Imprint: https://autismfamilyguide.com/legal/etsy-imprint.html
• Terms: https://autismfamilyguide.com/legal/etsy-terms.html
• Privacy: https://autismfamilyguide.com/legal/etsy-privacy.html

---",6.42,EUR,999,"autism_school_support,visual_schedules_autism,autism_preparation,autism_social_events,autism_transitions,autism_school_anxiety,visiting_relatives,autism_train_travel,autism_swimming_pool,autism_birthday_party,changing_schools,first_day_school_autism,social_stories_autism",,https://i.etsystatic.com/64486107/r/il/8f09a6/7795395826/il_fullxfull.7795395826_reu7.jpg,https://i.etsystatic.com/64486107/r/il/5f9a59/7746499789/il_fullxfull.7746499789_izai.jpg,https://i.etsystatic.com/64486107/r/il/79aa51/7698552366/il_fullxfull.7698552366_7dvf.jpg,https://i.etsystatic.com/64486107/r/il/90a05a/7698552374/il_fullxfull.7698552374_4q8i.jpg,https://i.etsystatic.com/64486107/r/il/c4e8be/7746499799/il_fullxfull.7746499799_ffvw.jpg,https://i.etsystatic.com/64486107/r/il/147ae7/7698552376/il_fullxfull.7698552376_r6yg.jpg,https://i.etsystatic.com/64486107/r/il/5c3370/7698552378/il_fullxfull.7698552378_1uwr.jpg,,,,,,,,,,,,,
"7 x My Storys Autism Daily Life Development - Bike Sleepover Sibling Moving Losing - Visual PDF Download","**""I want to ride a bike like other kids."" ""My friend invited me to sleep over – but what if I can't sleep?"" ""We're moving – will I still be me in the new house?""**

Big developmental milestones are hard for all kids. For autistic children, they can be overwhelming without preparation.

**These 7 x My Storys help your child master important life moments – from learning to ride a bike to dealing with big changes like moving or getting a sibling.**

✅ **What You Get (90 pages):**

**🚴 LEARNING TO RIDE A BIKE**
• Breaking down the physical skills
• Managing fear of falling
• Celebrating progress, not perfection
• When you're ready vs. when others are ready

**🏠 SLEEPING OVER AT A FRIEND'S HOUSE**
• What happens at a sleepover
• What to bring (comfort items are okay!)
• What if you want to go home?
• Different routines are okay

**⏰ STAYING HOME ALONE (Age-appropriate)**
• Safety rules & emergency numbers
• What to do if you feel scared
• How long is ""a little while""?
• You can call anytime

**👶 GETTING A SIBLING**
• The baby timeline (pregnancy explained)
• How life will change (honestly)
• Your feelings are valid (all of them)
• You're still important

**🐕 WHEN A PET GETS A NEW HOME**
• Why pets sometimes need to leave
• It's not your fault
• Grieving is okay
• Remembering your pet

**📦 MOVING TO A NEW HOME**
• The moving timeline (step by step)
• Packing & unpacking
• Same family, new place
• Making the new house feel like home

**🎮 LEARNING TO LOSE (Games & Competition)**
• Winning vs. losing (both are temporary)
• What your body feels when you lose
• How to be a gracious loser
• Why we play even when we might lose

💡 **Why These Stories Matter:**
Autistic children often face developmental milestones later or differently than neurotypical children. These stories normalize different timelines and prepare children for emotional complexity.

🎨 **Visual Features:**
• **Consistent emoji system** throughout all stories
• **Clear structure:** What → Why → How → What If
• **Customizable pages:** Add your child's name, specific details
• **Age-flexible:** Works for ages 5-12+


🎯 **Perfect for:**
• Preparing for developmental milestones
• Processing big life changes
• Understanding emotions around change
• Building resilience & coping skills


📥 **What You Download:**
• 90-page PDF collection
• 7 complete My Storys
• Visual emoji supports
• Customizable note pages
• Usage guide & introduction
• Unlimited printing rights
• **FREE PREVIEW:** Example story ""Flying"" at autismfamilyguide.com/social/social-story-flying.html

💶 **Price:** $8.99

🔒 **Usage Rights:** Personal + Educational Use Allowed | No Commercial Redistribution

**Help your child navigate life's big moments with confidence and understanding.**

---

**Legal Information:**
Seller: Paul Rawe (Small Business per US regulations)
• Imprint: https://autismfamilyguide.com/legal/etsy-imprint.html
• Terms: https://autismfamilyguide.com/legal/etsy-terms.html
• Privacy: https://autismfamilyguide.com/legal/etsy-privacy.html",6.42,EUR,999,"autism_visual_support,social_skills_autism,autism_life_changes,autism_transitions,staying_home_alone,bike_riding_autism,autism_sleepover,autism_moving_home,new_sibling_autism,learning_to_lose,autism_development,autism_milestones,social_stories_autism",,https://i.etsystatic.com/64486107/r/il/48ece4/7843333409/il_fullxfull.7843333409_24ld.jpg,https://i.etsystatic.com/64486107/r/il/abdbfe/7746493723/il_fullxfull.7746493723_6oqq.jpg,https://i.etsystatic.com/64486107/r/il/4744ba/7746493727/il_fullxfull.7746493727_lef9.jpg,https://i.etsystatic.com/64486107/r/il/723d8a/7698546272/il_fullxfull.7698546272_4fr0.jpg,https://i.etsystatic.com/64486107/r/il/21ee50/7746493733/il_fullxfull.7746493733_tgex.jpg,https://i.etsystatic.com/64486107/r/il/3cb939/7746493737/il_fullxfull.7746493737_l0qo.jpg,https://i.etsystatic.com/64486107/r/il/716200/7746493739/il_fullxfull.7746493739_8zk0.jpg,,,,,,,,,,,,,
"Complete My Storys Bundle Autism - 19 Stories Medical School Daily Life - Visual Support PDF Download","**""What's going to happen at the dentist?"" ""Why do we have to visit Grandma?"" ""What will happen on my first day at the new school?""**

For autistic children, the unknown is terrifying. Social Stories transform anxiety into understanding.

**Get all 19 My Storys together and save $3 – complete coverage for every essential situation your autistic child will face.**

✅ **What You Get (250+ pages):**

**📦 ALL 3 COLLECTIONS IN ONE BUNDLE:**

**COLLECTION 1: Medical & Daily Life (6 Stories, 85 pages)**
• 🦷 At the Dentist
• 💉 At the Doctor: Vaccination
• 🏥 Visiting Someone in the Hospital
• ✂️ At the Hairdresser
• 🍽️ Eating at a Restaurant
• 🛒 Shopping at the Supermarket

**COLLECTION 2: School & Leisure (6 Stories, 75 pages)**
• ✅ First Day of School
• ✅ Changing Schools
• ✅ Taking the Train
• ✅ Family Celebrations & Birthdays
• ✅ Visiting Relatives
• ✅ Going to the Pool

**COLLECTION 3: Daily Life & Development (7 Stories, 90 pages)**
• 🚴 Learning to Ride a Bike
• 🏠 Sleeping Over at a Friend's House
• ⏰ Staying Home Alone
• 👶 Getting a Sibling
• 🐕 When a Pet Gets a New Home
• 📦 Moving to a New Home
• 🎮 Learning to Lose



🎨 **Visual Features:**
• **30+ Consistent Emoji Symbols** – Visual support throughout
• **Clear, simple sentences** – Age-appropriate language
• **Customizable note pages** – Add your child's specific details
• **Print-ready format** – Read together, laminate, or bind

**We live this. We understand. These stories work because they're tested daily in our own home.**

🎯 **Perfect for:**
• Parents of autistic children (ages 4-12)
• Teachers preparing students for transitions
• Therapists working with autistic clients
• School counselors supporting autistic students
• Families navigating new situations



📥 **What You Download:**
• 3 Complete PDF Collections (250+ pages total)
• 19 Complete Social Stories
• 30+ Visual emoji symbols
• Customizable note pages for each story
• Introduction & usage guide
• Unlimited printing rights
• **FREE PREVIEW:** Example story ""Flying"" available at autismfamilyguide.com/social/social-story-flying.html

💶 **Price:** $23.99 (Bundle value: $26.97 – Save $3!)

🔒 **Usage Rights:** Personal + Educational Use Allowed | No Commercial Redistribution

**Every situation your child might face – all in one comprehensive toolkit.**

**Stop saying ""you'll be fine"" when you can say ""here's exactly what will happen.""**

---

**Legal Information:**
Seller: Paul Rawe (Small Business per US regulations)
• Imprint: https://autismfamilyguide.com/legal/etsy-imprint.html
• Terms: https://autismfamilyguide.com/legal/etsy-terms.html
• Privacy: https://autismfamilyguide.com/legal/etsy-privacy.html",17.13,EUR,999,"social_stories_pdf,autism_predictability,autism_anxiety,social_skills_autism,autism_preparation,visual_schedules,autism_transitions,medical_appointments,autism_school_support,autism_daily_life,social_stories_bundle,autism_visual_support,social_stories_autism",,https://i.etsystatic.com/64486107/r/il/e81296/7795404466/il_fullxfull.7795404466_ddbn.jpg,https://i.etsystatic.com/64486107/r/il/8f3096/7698537048/il_fullxfull.7698537048_q4rx.jpg,https://i.etsystatic.com/64486107/r/il/762423/7746484467/il_fullxfull.7746484467_8ck5.jpg,https://i.etsystatic.com/64486107/r/il/a1d4c3/7698537056/il_fullxfull.7698537056_ip04.jpg,https://i.etsystatic.com/64486107/r/il/850d1d/7698537064/il_fullxfull.7698537064_5nnp.jpg,https://i.etsystatic.com/64486107/r/il/d026eb/7746484473/il_fullxfull.7746484473_om72.jpg,https://i.etsystatic.com/64486107/r/il/6bafc7/7698537066/il_fullxfull.7698537066_gxfw.jpg,,,,,,,,,,,,,
"Autism Classroom Essentials Bundle - Sensory Structure Communication - Special Education Elementary School Teacher Resources PDF Set","Build an autism-friendly classroom from the ground up.

The three foundational elements every autism-friendly classroom needs: sensory accommodation, predictable structure, and clear communication.

**This bundle gives you all three core systems.**

✅ **What's included:**

**1️⃣ Mastering Sensory Challenges in the Classroom** ($7.99 value)
The 7 senses, acoustic/visual/tactile adaptations, regulation spaces
• [Preview](https://autismfamilyguide.com/preview/preview_autism_sensory.html)

**2️⃣ Structure & Routines: Safety Through Predictability** ($7.99 value)
Visual schedules, 5-2-1 transitions, predictable routines
• [Preview](https://autismfamilyguide.com/preview/preview_autism_structure.html)

**3️⃣ Clear Communication: Understanding Without Guesswork** ($7.99 value)
Concrete language, visual supports, literal thinking accommodations
• [Preview](https://autismfamilyguide.com/preview/preview_autism_communication.html)

💡 **Why these three together?**

**Sensory + Structure + Communication = Foundation for Success**

**Without sensory accommodation**, autistic students are in constant overwhelm from fluorescent lights, noise, and tactile discomfort—unable to focus on learning.

**Without predictable structure**, anxiety about ""what's next"" keeps their nervous system in survival mode—unable to relax enough to engage.

**Without clear communication**, every instruction becomes a guessing game—unable to understand what's expected.

**You need all three. This bundle delivers all three.**

🎯 **What you'll build:**
• A classroom environment that accommodates sensory differences
• Routines and structures that create cognitive safety
• Communication methods that autistic brains can actually process
• The foundation that prevents 60-70% of behavior challenges

✨ **Perfect for:**
• Teachers setting up their classroom at the start of the year
• Educators who need to restructure their current approach
• Anyone who wants the foundational systems for autism support

🎁 **Save $3.98 (17%) compared to buying individually!**

📥 **What you download:**
• 3 comprehensive PDF guides
• Print-optimized for US Letter size
• 35+ templates: sensory profiles, visual schedules, communication cards
• Symbol libraries and visual supports
• Routine templates and transition cards

💵 **Bundle Price:** $19.99 (instead of $23.97 individually)

🔒 **Usage Rights:** Personal + School Use Allowed | No Commercial Resale

**Build the foundation. Everything else gets easier.**

When sensory needs are met, structure is predictable, and communication is clear—autistic students can finally focus on learning instead of just surviving.

---

**Legal Information:**
Seller: Paul Rawe (Small Business)
• Imprint/About: https://autismus-adhs-alltag.de/rechtliches/etsy-impressum.html
• Terms & Conditions: https://autismus-adhs-alltag.de/rechtliches/etsy-agb.html
• Privacy Policy: https://autismus-adhs-alltag.de/rechtliches/etsy-datenschutz.html",14.27,EUR,999,"classroom_setup,special_needs_bundle,autism_resources,teacher_toolkit,inclusive_classroom,clear_communication,visual_schedule,autism_foundation,elementary_teacher,special_education,classroom_essentials,sensory_structure,autism_classroom_bundle",,https://i.etsystatic.com/64486107/r/il/2a6c67/7702056978/il_fullxfull.7702056978_fgr1.jpg,https://i.etsystatic.com/64486107/r/il/0be6e8/7698520722/il_fullxfull.7698520722_19z3.jpg,https://i.etsystatic.com/64486107/r/il/d193ea/7746467889/il_fullxfull.7746467889_dyit.jpg,https://i.etsystatic.com/64486107/r/il/84cdbf/7746467891/il_fullxfull.7746467891_1oev.jpg,,,,,,,,,,,,,,,,
"Autism Crisis Communication Bundle - Meltdown Management Clear Language - Special Education Elementary School Teacher Resources PDF Set","Master the two most critical skills for teaching autistic students: understanding meltdowns and communicating clearly.

When autistic students struggle in your classroom, it's usually one of two things: they're overwhelmed (leading to meltdown) or they don't understand what you're asking (communication breakdown).

**This focused bundle gives you both emergency response and everyday prevention.**

✅ **What's included:**

**1️⃣ Meltdown Management: First Aid for Teachers** ($7.99 value)
3-phase response model, trigger tracking, emergency protocols
• [Preview](https://autismfamilyguide.com/preview/preview_autism_meltdown.html)

**2️⃣ Clear Communication: Understanding Without Guesswork** ($7.99 value)
Concrete language, visual supports, literal thinking accommodations
• [Preview](https://autismfamilyguide.com/preview/preview_autism_communication.html)

💡 **Why these two together?**

**Meltdown management** teaches you what to do when crisis happens—how to recognize warning signs, intervene early, respond during active meltdown, and support recovery.

**Clear communication** prevents many crises from happening in the first place—when students understand expectations clearly, anxiety reduces and overwhelm decreases.

🎯 **Together, you get:**
• Emergency protocols for meltdown situations
• De-escalation strategies that actually work
• Communication methods autistic brains can process
• Language frameworks that prevent confusion and anxiety
• The neurological understanding that changes everything
• Visual supports and concrete language templates

✨ **Perfect for:**
• Teachers facing frequent meltdowns who need immediate strategies
• Educators who struggle with communication breakdowns
• Anyone who wants to prevent crises while knowing how to handle them

**Emergency expertise meets classroom reality.**

🎁 **Save $2.99 (19%) compared to buying individually!**

📥 **What you download:**
• 2 comprehensive PDF guides
• Print-optimized for US Letter size
• Emergency meltdown protocol cards
• Communication templates and visual supports
• Trigger tracking worksheets

💵 **Bundle Price:** $12.99 (instead of $15.98 individually)

🔒 **Usage Rights:** Personal + School Use Allowed | No Commercial Resale

**You can't prevent every meltdown. But you can communicate in ways that reduce overwhelm and respond in ways that don't traumatize.**

---

**Legal Information:**
Seller: Paul Rawe (Small Business)
• Imprint/About: https://autismus-adhs-alltag.de/rechtliches/etsy-impressum.html
• Terms & Conditions: https://autismus-adhs-alltag.de/rechtliches/etsy-agb.html
• Privacy Policy: https://autismus-adhs-alltag.de/rechtliches/etsy-datenschutz.html",9.27,EUR,999,"classroom_crisis,autism_support,special_needs_bundle,communication_strategies,autism_emergency,teacher_toolkit,clear_language,crisis_response,elementary_teacher,special_education,autism_communication,meltdown_management,autism_crisis_bundle",,https://i.etsystatic.com/64486107/r/il/af7e5c/7749997671/il_fullxfull.7749997671_ralo.jpg,https://i.etsystatic.com/64486107/r/il/8bb2ad/7746460217/il_fullxfull.7746460217_qeu9.jpg,https://i.etsystatic.com/64486107/r/il/5a78a9/7698512874/il_fullxfull.7698512874_6al2.jpg,,,,,,,,,,,,,,,,,
"Complete Autism Teacher Toolkit Bundle - 5 Guides Classroom Management Sensory Communication - Special Education Elementary Resources PDF","Teaching autistic students is challenging. Sensory meltdowns. Communication breakdowns. Unpredictable behaviors that traditional strategies don't touch. You're trying your best, but nothing seems to work.

**What if you had EVERYTHING you need—from crisis response to strength-building—in one complete toolkit?**

This comprehensive bundle gives you sensory accommodation, communication clarity, predictable structure, meltdown management, and strength-based approaches—all designed specifically for autistic students.

🎓 **All 5 comprehensive guides included:**

**1️⃣ Mastering Sensory Challenges** ($7.99 value)
Acoustic, visual, tactile adaptations for sensory-friendly classrooms
• [Preview](https://autismfamilyguide.com/preview/preview_autism_sensory.html)

**2️⃣ Clear Communication** ($7.99 value)
Concrete language, visual supports, literal thinking accommodations
• [Preview](https://autismfamilyguide.com/preview/preview_autism_communication.html)

**3️⃣ Structure & Routines** ($7.99 value)
Visual schedules, predictable transitions, safety through consistency
• [Preview](https://autismfamilyguide.com/preview/preview_autism_structure.html)

**4️⃣ Meltdown Management** ($7.99 value)
3-phase response model, emergency protocols, prevention strategies
• [Preview](https://autismfamilyguide.com/preview/preview_autism_meltdown.html)

**5️⃣ Discovering Strengths** ($7.99 value)
Special interests as teaching tools, strength-based approaches
• [Preview](https://autismfamilyguide.com/preview/preview_autism_strengths.html)

✨ **What you get total:**
• 5 comprehensive PDF guides
• 50+ printable templates, checklists, and visual supports
• Emergency meltdown protocols
• Sensory accommodation checklists
• Visual schedule templates and symbol libraries
• Communication cards and language frameworks
• Strength identification worksheets
• All evidence-based, all classroom-tested

**Not academic theory. Real strategies from real classrooms with real autistic students.**

🎯 **Perfect for:**
• General education teachers with autistic students in inclusive classrooms
• Special education teachers and autism specialists
• Student teachers and new teachers building their toolkit
• Veteran teachers ready for neurodiversity-affirming approaches

🎁 **Save $9.96 (25%) compared to buying individually!**

📥 **What you download:**
• 5 PDF guides (instant download after purchase)
• Print-optimized for US Letter size
• 50+ ready-to-use templates, visual supports, and protocols

💵 **Bundle Price:** $29.99 (instead of $39.95 individually)

🔒 **Usage Rights:** Personal + School Use Allowed | No Commercial Resale

**Transform your classroom from surviving autism to celebrating neurodiversity.**

You're already doing the hard work. These guides just make it actually work.

---

**Legal Information:**
Seller: Paul Rawe (Small Business)
• Imprint/About: https://autismus-adhs-alltag.de/rechtliches/etsy-impressum.html
• Terms & Conditions: https://autismus-adhs-alltag.de/rechtliches/etsy-agb.html
• Privacy Policy: https://autismus-adhs-alltag.de/rechtliches/etsy-datenschutz.html",21.42,EUR,999,"autism_teacher_bundle,complete_toolkit,special_education,autism_resources,elementary_teacher,classroom_management,autism_guides,teacher_toolkit,inclusive_classroom,neurodiversity,autism_support,special_needs_bundle,teacher_resources",,https://i.etsystatic.com/64486107/r/il/574889/7702058456/il_fullxfull.7702058456_cxtt.jpg,https://i.etsystatic.com/64486107/r/il/8a8f54/7698506570/il_fullxfull.7698506570_cgcv.jpg,https://i.etsystatic.com/64486107/r/il/284025/7746453893/il_fullxfull.7746453893_920p.jpg,https://i.etsystatic.com/64486107/r/il/ef12ed/7746453905/il_fullxfull.7746453905_4cyk.jpg,https://i.etsystatic.com/64486107/r/il/73f4e4/7746453899/il_fullxfull.7746453899_oasn.jpg,https://i.etsystatic.com/64486107/r/il/1a6be6/7698506576/il_fullxfull.7698506576_6z6e.jpg,,,,,,,,,,,,,,
"ADHD Communication Crisis Bundle - Parent Conference Guide SOS Solutions - Elementary School Special Education Teacher Resources PDF Set","Handle the tough conversations and crisis moments with confidence.

Two critical skills every teacher of ADHD students needs: knowing what to do when things go wrong, and knowing how to talk with parents when they do.

**This focused bundle gives you both.**

✅ **What's included:**

**1️⃣ ADHD-SOS: Common Problems & Immediate Solutions** ($7.99 value)
Emergency interventions for the challenges happening right now
• [Preview](https://autismfamilyguide.com/preview/preview_adhd_sos.html)

**2️⃣ Parent Conferences ADHD: Guide & Templates** ($7.99 value)
Communication frameworks that turn defensive parents into partners
• [Preview](https://autismfamilyguide.com/preview/preview_adhd_conferences.html)

💡 **Why these two together?**

**Crisis intervention** and **parent communication** are two sides of the same coin.

When the homework never gets done, when the meltdowns won't stop, when transitions are a daily battle—you need immediate solutions. That's the SOS guide.

But you also need parents on board. You need them understanding what's happening, supporting your strategies, and working with you instead of against you. That's the Parent Conference guide.

🎯 **Together, you get:**
• Emergency solutions for the problems happening right now
• Communication frameworks that prevent defensive reactions
• The language to discuss difficult topics without triggering conflict
• Templates and systems for sustainable home-school collaboration
• Documentation tools that protect you legally

✨ **Perfect for:**
• Teachers facing immediate ADHD challenges who need solutions now
• Educators preparing for parent-teacher conferences
• Anyone navigating difficult parent relationships around ADHD


🎁 **Save $2.99 (19%) compared to buying individually!**

📥 **What you download:**
• 2 comprehensive PDF guides
• Print-optimized for US Letter size
• Emergency intervention cards
• Conference templates and scripts
• Parent communication frameworks

💵 **Bundle Price:** $12.99 (instead of $15.98 individually)

🔒 **Usage Rights:** Personal + School Use Allowed | No Commercial Resale

**Master crisis moments and difficult conversations. You can't control ADHD challenges, but you can control how you respond to them.**

---

**Legal Information:**
Seller: Paul Rawe (Small Business)
• Imprint/About: https://autismus-adhs-alltag.de/rechtliches/etsy-impressum.html
• Terms & Conditions: https://autismus-adhs-alltag.de/rechtliches/etsy-agb.html
• Privacy Policy: https://autismus-adhs-alltag.de/rechtliches/etsy-datenschutz.html",9.27,EUR,999,"difficult_conversations,adhd_intervention,teacher_toolkit,classroom_crisis,conference_templates,adhd_sos,parent_collaboration,emergency_solutions,special_education,teacher_resources,adhd_communication,parent_teacher_conference,adhd_crisis_management",,https://i.etsystatic.com/64486107/r/il/662530/7749973759/il_fullxfull.7749973759_7yvd.jpg,https://i.etsystatic.com/64486107/r/il/f7534b/7746447357/il_fullxfull.7746447357_fo4c.jpg,https://i.etsystatic.com/64486107/r/il/728b28/7698499884/il_fullxfull.7698499884_iac1.jpg,,,,,,,,,,,,,,,,,
"ADHD Classroom Essentials Bundle - Setup Management Teaching Strategies - Elementary School Special Education Teacher Resources PDF Set","Build an ADHD-friendly classroom from the ground up.

The three foundational elements of ADHD classroom success: the right environment, the right management system, and the right teaching approach.

**This bundle gives you all three.**

✅ **What's included:**

**1️⃣ ADHD Classroom Management Toolkit** ($7.99 value)
Token economies, regulation strategies, proactive prevention
• [Preview](https://autismfamilyguide.com/preview/preview_adhd_management.html)

**2️⃣ ADHD Classroom Setup & Seating** ($7.99 value)
Physical environment design, seating strategies, sensory management
• [Preview](https://autismfamilyguide.com/preview/preview_adhd_classroom_setup.html)

**3️⃣ ADHD Teaching Strategies** ($7.99 value)
Motivation methods, instruction delivery, working with hyperfocus
• [Preview](https://autismfamilyguide.com/preview/preview_adhd_teaching.html)

💡 **Why these three together?**

**Environment + Management + Teaching = Success**

**Without proper classroom setup**, even great teaching falls apart because students can't focus in a distracting environment.

**Without effective management systems**, your perfectly arranged classroom still descends into chaos when impulse control fails.

**Without ADHD-specific teaching methods**, students can't engage no matter how well-managed the environment is.

**You need all three. This bundle delivers all three.**

🎯 **What you'll build:**
• A classroom physically designed to minimize ADHD challenges
• Proactive management that prevents problems instead of reacting to them
• Teaching strategies that work WITH ADHD brains instead of against them

✨ **Perfect for:**
• Teachers setting up their classroom at the start of the year
• Educators who need to restructure their current approach
• Anyone who wants a systematic foundation for ADHD support

🎁 **Save $3.98 (17%) compared to buying individually!**

📥 **What you download:**
• 3 comprehensive PDF guides
• Print-optimized for US Letter size
• 30+ templates: classroom layouts, token systems, teaching frameworks
• Regulation tools and visual schedules

💵 **Bundle Price:** $19.99 (instead of $23.97 individually)

🔒 **Usage Rights:** Personal + School Use Allowed | No Commercial Resale

**Build the foundation. Everything else gets easier.**

---

**Legal Information:**
Seller: Paul Rawe (Small Business)
• Imprint/About: https://autismus-adhs-alltag.de/rechtliches/etsy-impressum.html
• Terms & Conditions: https://autismus-adhs-alltag.de/rechtliches/etsy-agb.html
• Privacy Policy: https://autismus-adhs-alltag.de/rechtliches/etsy-datenschutz.html",14.27,EUR,999,"adhd_teaching,teacher_guide_bundle,behavior_management,classroom_design,adhd_resources,teacher_toolkit,classroom_setup,adhd_essentials,elementary_teacher,special_education,teaching_strategies,classroom_management,adhd_classroom_bundle",,https://i.etsystatic.com/64486107/r/il/b7cef3/7749974783/il_fullxfull.7749974783_161y.jpg,https://i.etsystatic.com/64486107/r/il/7ddd95/7746425905/il_fullxfull.7746425905_hli7.jpg,https://i.etsystatic.com/64486107/r/il/6faa00/7698478820/il_fullxfull.7698478820_32ey.jpg,https://i.etsystatic.com/64486107/r/il/10cfa1/7746425919/il_fullxfull.7746425919_czlk.jpg,,,,,,,,,,,,,,,,
"Complete ADHD Teacher Toolkit Bundle - 5 Guides Classroom Management Teaching Strategies - Special Education Elementary Resources PDF Set","Teaching ADHD students is exhausting. The constant interruptions, the homework battles, the parent meetings where you're trying not to say the wrong thing. You're doing your best, but traditional methods just don't work.

**What if you had EVERYTHING you need in one place?**

This complete toolkit gives you immediate solutions, long-term strategies, physical classroom setup, teaching methods that work, and parent communication frameworks—all designed specifically for ADHD challenges.

🎓 **All 5 comprehensive guides included:**

**1️⃣ ADHD-SOS** ($7.99 value)
Emergency solutions for the problems happening right now
• [Preview](https://autismfamilyguide.com/preview/preview_adhd_sos.html)

**2️⃣ Teaching Strategies** ($7.99 value)
Motivation and methods that work for ADHD brains
• [Preview](https://autismfamilyguide.com/preview/preview_adhd_teaching.html)

**3️⃣ Classroom Management** ($7.99 value)
Token economies, regulation tools, proactive prevention
• [Preview](https://autismfamilyguide.com/preview/preview_adhd_management.html)

**4️⃣ Classroom Setup** ($7.99 value)
Physical environment design for ADHD success
• [Preview](https://autismfamilyguide.com/preview/preview_adhd_classroom_setup.html)

**5️⃣ Parent Conferences** ($7.99 value)
Communication templates and difficult conversation frameworks
• [Preview](https://autismfamilyguide.com/preview/preview_adhd_conferences.html)

✨ **What you get total:**
• 5 comprehensive PDF guides
• 50+ printable templates, checklists, and tools
• Emergency intervention cards
• Token economy systems
• Visual schedules and timers
• Classroom layout diagrams
• Parent communication templates
• All evidence-based, all classroom-tested

**Not academic theory. Not wishful thinking. Real strategies from real classrooms with real ADHD students.**

🎯 **Perfect for:**
• General education teachers with ADHD students in mixed classrooms
• Special education teachers and inclusion specialists
• Student teachers and new teachers building their toolkit
• Veteran teachers ready to try evidence-based ADHD approaches

🎁 **Save $9.96 (25%) compared to buying individually!**

📥 **What you download:**
• 5 PDF guides (instant download after purchase)
• Print-optimized for US Letter size
• 50+ ready-to-use templates and tools

💵 **Bundle Price:** $29.99 (instead of $39.95 individually)

🔒 **Usage Rights:** Personal + School Use Allowed | No Commercial Resale

**You're already doing the hard work. These guides just make it actually work.**

---

**Legal Information:**
Seller: Paul Rawe (Small Business)
• Imprint/About: https://autismus-adhs-alltag.de/rechtliches/etsy-impressum.html
• Terms & Conditions: https://autismus-adhs-alltag.de/rechtliches/etsy-agb.html
• Privacy Policy: https://autismus-adhs-alltag.de/rechtliches/etsy-datenschutz.html",21.42,EUR,999,"adhd_intervention,teacher_resources,special_needs_teaching,adhd_complete_guide,teacher_guide_bundle,adhd_classroom,teaching_strategies,elementary_teacher,adhd_resources,teacher_toolkit,special_education,classroom_management_bundle,adhd_teacher_bundle",,https://i.etsystatic.com/64486107/r/il/69747c/7749975755/il_fullxfull.7749975755_knxr.jpg,https://i.etsystatic.com/64486107/r/il/e4196f/7698470340/il_fullxfull.7698470340_ru7o.jpg,https://i.etsystatic.com/64486107/r/il/5e6d39/7698470352/il_fullxfull.7698470352_6b41.jpg,https://i.etsystatic.com/64486107/r/il/82a9d5/7746417529/il_fullxfull.7746417529_svyl.jpg,https://i.etsystatic.com/64486107/r/il/6a097c/7698470354/il_fullxfull.7698470354_gfq2.jpg,https://i.etsystatic.com/64486107/r/il/b9219f/7698470350/il_fullxfull.7698470350_oev4.jpg,,,,,,,,,,,,,,
"Klassenstart Autismus Checkliste - Schuljahresbeginn Erste Schultage Inklusion - Lehrer Grundschule Schulstart PDF","Die ersten Wochen entscheiden über das ganze Schuljahr.

**Für autistische Schüler:innen ist der Schulstart die größte Herausforderung des Jahres.**

Neue Klasse. Neue Lehrkraft. Neue Abläufe. Neue Mitschüler:innen. Alles ist fremd, laut, überwältigend.

**Als Lehrkraft können Sie diesen Start entweder zur Hölle oder zum Erfolg machen.**

Diese Checkliste führt Sie Schritt für Schritt durch die ersten 8 Wochen – mit allem, was Sie brauchen, um autistische Schüler:innen erfolgreich zu integrieren.

✅ **Was Sie bekommen (22 Seiten):**

**📅 4-WOCHEN-TIMELINE**

**Woche 1-2: FUNDAMENT LEGEN**
• Erste Kontaktaufnahme (VOR dem ersten Schultag!)
• Elterngespräch führen (Was muss ich wissen?)
• Klassenzimmer vorbereiten (Sitzordnung, Rückzugsorte)
• Mitschüler:innen sensibilisieren (ohne Stigma!)

**Woche 3-4: ROUTINEN ETABLIEREN**
• Tagesstruktur visualisieren
• Übergangs-Rituale einführen
• Token-System starten
• Erste Krisen-Situationen meistern

**Woche 5-6: BEOBACHTEN & ANPASSEN**
• Warnsignale dokumentieren
• Trigger identifizieren
• Strategien anpassen
• Erstes Feedback-Gespräch mit Eltern

**Woche 7-8: STABILISIEREN**
• Bewertung: Was läuft gut? Was muss sich ändern?
• Langfristige Strategien planen
• Nachteilsausgleich einleiten (falls nötig)

**🛒 MATERIAL-CHECKLISTE**
• Was brauche ich? (inkl. Preise!)
• Tennis-Bälle für Stühle (€5-10)
• Noise-Cancelling-Kopfhörer (€30-80)
• Visuelle Timer (€15-25)
• Fidget-Tools (€10-20)
• Rückzugsecke einrichten (€50-100 Budget)

**Gesamtbudget: ~€150 – Investition, die sich auszahlt!**

**🚨 WARNSIGNALE ERKENNEN**
• 10 kritische Anzeichen für Überforderung
• Meltdown-Früherkennung
• Shutdown vs. Meltdown unterscheiden
• Wann externe Hilfe holen? (Schulpsycholog:in, Autismus-Therapeut:in)

**📖 2 ERFOLGSBEISPIELE**
• **Max (6, Autismus, Regelklasse)** – Wie die ersten 8 Wochen seinen Schuleinstieg retteten
• **Sophie (8, Asperger, Übergang zur 3. Klasse)** – Neue Lehrerin, neue Chance


🎯 **Perfekt für:**
• Grundschullehrkräfte (Schuljahresanfang)
• Förderschullehrkräfte
• Klassenlehrer:innen mit neuem autistischem Kind
• Referendar:innen (Inklusion)
• Schulbegleiter:innen (Orientierung für neue Begleitungen)

📚 **Wissenschaftlich fundiert:**
Basiert auf Transitionsforschung, Predictive Processing und Stress-Reduktion bei Autismus.

📥 **Das bekommst du:**
• 22-seitiges PDF (sofort nach Kauf)
• Druckoptimiert für A4
• 4-Wochen-Timeline zum Abhaken
• Material-Checkliste mit Preisen
• Budget-Planer
• Elterngespräch-Leitfaden
• Warnsignale-Checkliste
• Beobachtungsbogen (erste 8 Wochen)
• 2 ausführliche Erfolgsbeispiele
• **Leseprobe verfügbar:** https://autismus-adhs-alltag.de/leseproben/klassenstart-checkliste-preview.html

💶 **Preis:** €4,90 (einmalig)

🔒 **Nutzungsrechte:** Persönlich + Schulische Nutzung erlaubt | Keine kommerzielle Weitergabe

**Der Schulstart entscheidet über das ganze Jahr. Sei vorbereitet.**

💡 **Tipp:** Kombiniere mit den Strukturplänen für maximale Orientierung!

---

**Rechtliche Hinweise:**
Verkäufer: Paul Rawe (Kleinunternehmer gem. § 19 UStG)
• Impressum: https://autismus-adhs-alltag.de/rechtliches/etsy-impressum.html
• AGB: https://autismus-adhs-alltag.de/rechtliches/etsy-agb.html
• Datenschutz: https://autismus-adhs-alltag.de/rechtliches/etsy-datenschutz.html",4.12,EUR,999,"schulstart_autismus,sonderpädagogik,lehrer_organisation,schulbeginn,autismus_grundschule,classroom_setup,schuljahresanfang,lehrer_materialien,schulstart_inklusion,erste_schultage,autismus_lehrer,schuljahresbeginn,klassenstart_checkliste",,https://i.etsystatic.com/64486107/r/il/9095d4/7745169887/il_fullxfull.7745169887_8487.jpg,https://i.etsystatic.com/64486107/r/il/67bfd6/7697225648/il_fullxfull.7697225648_6gib.jpg,https://i.etsystatic.com/64486107/r/il/8d0855/7745172767/il_fullxfull.7745172767_lxkh.jpg,https://i.etsystatic.com/64486107/r/il/b9222b/7697225870/il_fullxfull.7697225870_dvo0.jpg,https://i.etsystatic.com/64486107/r/il/61539a/7745172989/il_fullxfull.7745172989_cor8.jpg,https://i.etsystatic.com/64486107/r/il/39514e/7697226126/il_fullxfull.7697226126_57us.jpg,https://i.etsystatic.com/64486107/r/il/4885bf/7745173449/il_fullxfull.7745173449_azfq.jpg,https://i.etsystatic.com/64486107/r/il/186f3f/7745173615/il_fullxfull.7745173615_mim8.jpg,,,,,,,,,,,,
"Strukturpläne Autismus Unterricht - Tagesstruktur Stundenablauf Übergangshilfen - Lehrer Grundschule Inklusion PDF","""Was machen wir als Nächstes?"" - ""Wann ist Pause?"" - ""Wie lange noch?""

**Autistische Schüler:innen brauchen Struktur – nicht Chaos.**

Als Lehrkraft kennen Sie das: Ein autistisches Kind in Ihrer Klasse kann sich nicht konzentrieren, weil es nicht weiß, was als Nächstes kommt. Übergänge führen zu Meltdowns. Unerwartete Änderungen überfordern.

**Die Lösung? Klare, visuelle Strukturpläne.**

✅ **Was Sie bekommen (23 Seiten):**

**📅 TAGESSTRUKTURPLAN**
• Visueller Überblick über den gesamten Schultag
• Mit Uhrzeiten und Piktogrammen
• Reduziert Ängste um bis zu 70% (Studien belegt!)
• Sofort ausdruckbar und laminierbar

**⏰ STUNDENSTRUKTURPLAN**
• Kleinschrittige Struktur für EINE Unterrichtsstunde
• 5-Phasen-Modell (Einstieg, Erarbeitung, Sicherung, Übung, Abschluss)
• Hilft autistischen Kindern, ""mitzukommen""
• Mit konkreten Beispielen ausgefüllt

**🔄 ÜBERGANGSHILFEN**
• Die kritische 5-Minuten-Regel
• Visuelle Timer & Countdowns
• Übergangs-Rituale etablieren
• ""Erst-dann""-Karten zum Ausdrucken

**🚨 NOTFALLPLAN BEI ÜBERFORDERUNG**
• Warnsignale früh erkennen
• Sofortmaßnahmen (keine Theorie!)
• Exit-Strategien ohne Drama

**📖 2 AUSFÜHRLICHE PRAXISFÄLLE**
• Leon (7, Autismus, Regelklasse) - Wie Struktur seinen Schulalltag rettete
• Mia (9, Asperger, Gymnasium) - Übergangs-Strategien im Fachunterricht

**Nicht aus dem Lehrbuch – aus der echten Schulpraxis.**

🎯 **Perfekt für:**
• Grundschullehrkräfte mit autistischen Schüler:innen
• Förderschullehrkräfte
• Erzieher:innen in Schulen & Kitas
• Schulbegleiter:innen & Integrationskräfte
• Lehramtsstudent:innen (Inklusion)

📚 **Wissenschaftlich fundiert:**
Basiert auf Forschung zu Predictive Processing, Theory of Mind und exekutiven Funktionen bei Autismus.

📥 **Das bekommst du:**
• 23-seitiges PDF (sofort nach Kauf)
• Druckoptimiert für A4
• 6+ Vorlagen zum Ausdrucken & Laminieren
• Tagesstrukturplan (blanko + ausgefüllt)
• Stundenstrukturplan (blanko + ausgefüllt)
• Übergangs-Karten (4 Varianten)
• 5-Minuten-Timer-Vorlage
• 2 Praxisfälle mit konkreten Lösungen
• **Leseprobe verfügbar:** https://autismus-adhs-alltag.de/leseproben/strukturplaene-preview.html

💶 **Preis:** €4,90 (einmalig)

🔒 **Nutzungsrechte:** Persönlich + Schulische Nutzung erlaubt | Keine kommerzielle Weitergabe

**💡 Tipp:** Kombiniere mit der Klassenstart-Checkliste für den perfekten Schuljahresstart!

---

**Rechtliche Hinweise:**
Verkäufer: Paul Rawe (Kleinunternehmer gem. § 19 UStG)
• Impressum: https://autismus-adhs-alltag.de/rechtliches/etsy-impressum.html
• AGB: https://autismus-adhs-alltag.de/rechtliches/etsy-agb.html
• Datenschutz: https://autismus-adhs-alltag.de/rechtliches/etsy-datenschutz.html",4.12,EUR,999,"strukturpläne_unterricht,autismus_lehrer,tagesstrukturplan_schule,stundenablauf_lehrer,übergangshilfen,inklusion_grundschule,autismus_unterricht,lehrer_materialien,classroom_structure,autismus_pädagogik,unterrichtsplanung,sonderpädagogik,autismus_hilfen",,https://i.etsystatic.com/64486107/r/il/dc672e/7745152777/il_fullxfull.7745152777_d3tc.jpg,https://i.etsystatic.com/64486107/r/il/980a97/7745152999/il_fullxfull.7745152999_lxid.jpg,https://i.etsystatic.com/64486107/r/il/575e02/7697206218/il_fullxfull.7697206218_9c7q.jpg,https://i.etsystatic.com/64486107/r/il/fce0c6/7745153639/il_fullxfull.7745153639_nips.jpg,https://i.etsystatic.com/64486107/r/il/d5b120/7745154095/il_fullxfull.7745154095_4z98.jpg,https://i.etsystatic.com/64486107/r/il/308a5a/7745158155/il_fullxfull.7745158155_tepi.jpg,https://i.etsystatic.com/64486107/r/il/e2a51a/7697211312/il_fullxfull.7697211312_gag7.jpg,https://i.etsystatic.com/64486107/r/il/7d5a4d/7745158449/il_fullxfull.7745158449_ftj9.jpg,,,,,,,,,,,,
"Autismus Alltags-Fundament Bundle Lehrer - Struktur Kommunikation Stärken Grundschule - Inklusion Classroom Management PDF Set","Meltdowns sind anstrengend - aber du willst sie gar nicht erst erleben müssen, richtig? Was wäre, wenn 70% aller Probleme gar nicht entstehen würden, weil die **Grundlagen** stimmen?

**Die drei Säulen eines erfolgreichen Schulalltags mit autistischen Kindern - in einem Bundle!**

📚 **Alltags-Fundament: Die Basis für entspannten, inklusiven Unterricht**

✨ **Was du bekommst:**

**1️⃣ STRUKTUR & ROUTINEN:**
• Visueller Tagesplan + Symbol-Sammlung
• 5-2-1 Transitions-Prinzip
• Morgenroutine-Checkliste
• Veränderungen ankündigen (Vertretung, Ausflug, Feueralarm)

**2️⃣ KLARE KOMMUNIKATION:**
• Konkret statt abstrakt sprechen
• 5-10 Sekunden Verarbeitungszeit geben
• Redewendungen-Übersetzungstabelle (50+ Beispiele)
• Visuelle Kommunikationskarten

**3️⃣ STÄRKEN FÖRDERN:**
• Spezialinteressen als Superkraft nutzen
• Soziale Regeln explizit machen
• Social Story Templates
• Freundschafts-Unterstützung

💡 **Warum diese 3 Guides die Basis bilden:**

Wenn **Struktur** stimmt → Nervensystem kann entspannen → Energie fürs Lernen vorhanden
Wenn **Kommunikation** klar ist → Keine Missverständnisse → Weniger Frustration
Wenn **Stärken** im Fokus stehen → Kind fühlt sich kompetent → Motivation steigt

**Ergebnis:** Du reduzierst 70% aller Probleme präventiv - bevor sie überhaupt entstehen.

🎯 **Perfekt für:**
Lehrkräfte, die **langfristig** ein inklusives, entspanntes Klassenzimmer aufbauen wollen - nicht nur Notfall-Lösungen suchen.

📚 **Wissenschaftlich fundiert** - mit über 45 Quellenangaben (insgesamt)

🎁 **Spare €3,98 (19%) gegenüber Einzelkauf!**

📄 **Leseproben verfügbar:**
• Struktur: https://autismus-adhs-alltag.de/leseproben/autismus-leseprobe_struktur.html
• Kommunikation: https://autismus-adhs-alltag.de/leseproben/autismus-leseprobe_kommunikation.html
• Stärken: https://autismus-adhs-alltag.de/leseproben/autismus-leseprobe_staerken.html

📥 **Das bekommst du:**
• 3 PDF-Dateien (sofort nach Kauf herunterladen)
• Druckoptimiert für A4
• 25+ ausdruckbare Vorlagen: Tagesplan, Symbol-Sammlung, Kommunikationskarten, Social Stories, Checklisten

💶 **Bundle-Preis:** €16,99 (statt €20,97 einzeln)

🔒 **Nutzungsrechte:** Privat + Schulische Nutzung erlaubt | Keine kommerzielle Weitergabe

---

**Rechtliche Hinweise:**
Verkäufer: Paul Rawe (Kleinunternehmer gem. § 19 UStG)
• Impressum: https://autismus-adhs-alltag.de/rechtliches/etsy-impressum.html
• AGB: https://autismus-adhs-alltag.de/rechtliches/etsy-agb.html
• Datenschutz: https://autismus-adhs-alltag.de/rechtliches/etsy-datenschutz.html",14.27,EUR,999,"autismus_alltag,struktur_kommunikation,autismus_lehrer_bundle,grundschule_inklusion,autism_classroom_routine,inklusionslehrkraft,classroom_foundation,special_education,autismus_tagesstruktur,lehrer_ressourcen,autism_teacher_bundle,förderschule,autismus_materialien",,https://i.etsystatic.com/64486107/r/il/b72d4a/7749953617/il_fullxfull.7749953617_m2gu.jpg,https://i.etsystatic.com/64486107/r/il/eefa3d/7745134735/il_fullxfull.7745134735_chsv.jpg,https://i.etsystatic.com/64486107/r/il/aa09ec/7697188196/il_fullxfull.7697188196_qofn.jpg,https://i.etsystatic.com/64486107/r/il/6040c2/7697188548/il_fullxfull.7697188548_neff.jpg,,,,,,,,,,,,,,,,
"Autismus Komplettpaket Lehrer Bundle - 5 Guides Inklusiver Unterricht Grundschule - Classroom Management Ressourcen PDF Set","Du hast ein autistisches Kind in der Klasse - und fragst dich, wo du anfangen sollst. Meltdowns, sensorische Überlastung, Kommunikations-Missverständnisse, fehlende Struktur, soziale Isolation... Es fühlt sich überwältigend an.

**Dieser Bundle gibt dir ALLES, was du brauchst - vom ersten Tag bis zum Ende des Schuljahres.**

🎓 **Das Komplettpaket für inklusiven Unterricht mit autistischen Kindern - spare 29%!**

✨ **Was du bekommst (alle 5 Leitfäden):**

**1️⃣ KRISENMANAGEMENT:**
• Meltdown-Protokolle & Notfall-Karten
• Sensorik-Optimierung im Klassenzimmer

**2️⃣ TÄGLICHE STRUKTUR:**
• Visueller Tagesplan + Symbol-Sammlung
• 5-2-1 Transitions-Prinzip
• Routinen etablieren

**3️⃣ KOMMUNIKATION:**
• Klar, konkret, wörtlich sprechen
• Redewendungen-Übersetzung
• 5-10 Sekunden Verarbeitungszeit

**4️⃣ STÄRKENORIENTIERUNG:**
• Spezialinteressen nutzen
• Soziale Regeln explizit machen
• Social Story Templates

**5️⃣ 50+ AUSDRUCKBARE VORLAGEN:**
• Checklisten, Notfall-Karten, Symbol-Sammlung
• Kommunikationskarten, Stärken-Profile
• Alle direkt einsatzbereit!

**Hier bekommst du PRAXIS, keine Theorie aus dem Lehrbuch.**

🎯 **Perfekt für:**
• Regelschullehrkräfte mit autistischen Schülern (Inklusion)
• Förderschul- & Inklusionslehrkräfte
• Referendare & Vertretungslehrer
• Schulbegleiter & pädagogische Fachkräfte

📚 **Wissenschaftlich fundiert** - mit über 75 Quellenangaben (insgesamt)

🎁 **Spare €9,96 (29%) gegenüber Einzelkauf!**

📄 **Leseproben aller 5 Guides verfügbar:**
• Meltdown: https://autismus-adhs-alltag.de/leseproben/autismus-leseprobe_meltdown.html
• Sensorik: https://autismus-adhs-alltag.de/leseproben/autismus-leseprobe_sensorik.html
• Stärken: https://autismus-adhs-alltag.de/leseproben/autismus-leseprobe_staerken.html
• Struktur: https://autismus-adhs-alltag.de/leseproben/autismus-leseprobe_struktur.html
• Kommunikation: https://autismus-adhs-alltag.de/leseproben/autismus-leseprobe_kommunikation.html

📥 **Das bekommst du:**
• 5 PDF-Dateien (sofort nach Kauf herunterladen)
• Druckoptimiert für A4
• 50+ ausdruckbare Vorlagen, Checklisten, Karten & Protokolle

💶 **Bundle-Preis:** €24,99 (statt €34,95 einzeln)

🔒 **Nutzungsrechte:** Privat + Schulische Nutzung erlaubt | Keine kommerzielle Weitergabe

---

**Rechtliche Hinweise:**
Verkäufer: Paul Rawe (Kleinunternehmer gem. § 19 UStG)
• Impressum: https://autismus-adhs-alltag.de/rechtliches/etsy-impressum.html
• AGB: https://autismus-adhs-alltag.de/rechtliches/etsy-agb.html
• Datenschutz: https://autismus-adhs-alltag.de/rechtliches/etsy-datenschutz.html",20.99,EUR,999,"autismus_komplettpaket,lehrer_bundle,inklusiver_unterricht,autismus_lehrer_guide,grundschule_inklusion,autism_teacher_bundle,special_education_bundle,classroom_management,inklusionslehrkraft,förderschule_material,autism_complete_guide,lehrer_ressourcen,autismus_materialien",,https://i.etsystatic.com/64486107/r/il/2ad3f2/7749956261/il_fullxfull.7749956261_1o5z.jpg,https://i.etsystatic.com/64486107/r/il/4391c6/7745123961/il_fullxfull.7745123961_5fwh.jpg,https://i.etsystatic.com/64486107/r/il/eabed8/7697177360/il_fullxfull.7697177360_s6cr.jpg,https://i.etsystatic.com/64486107/r/il/dc40e8/7697177738/il_fullxfull.7697177738_l7de.jpg,https://i.etsystatic.com/64486107/r/il/aa0a96/7745125281/il_fullxfull.7745125281_5r1i.jpg,https://i.etsystatic.com/64486107/r/il/e47f51/7745125665/il_fullxfull.7745125665_qg3r.jpg,,,,,,,,,,,,,,
"Autismus Krisenmanagement Bundle Lehrer - Meltdown + Sensorik Guide Grundschule - Notfall Protokoll Inklusionsklasse PDF Set","Ein Meltdown im Klassenzimmer - und du weißt nicht, was du tun sollst. Sensorische Überlastung führt zu Verhaltensauffälligkeiten, aber du erkennst die Warnsignale nicht rechtzeitig.

**Die beiden wichtigsten Leitfäden für akute Krisensituationen - jetzt in einem Bundle!**

🆘 **Was du bekommst:**

**1️⃣ MELTDOWN-MANAGEMENT:**
• 3-Phasen-Modell: Rumble, Rage, Recovery
• Notfall-Protokoll zum Ausdrucken
• Präventions-Checkliste (90% vermeidbar!)
• Eltern-Kommunikations-Vorlage

**2️⃣ SENSORISCHE HERAUSFORDERUNGEN:**
• Die 7 Sinne bei Autismus verstehen
• Klassenraum-Anpassungen (oft kostenlos!)
• Akustik, Visuelle & Taktile Lösungen
• Sensorik-Notfall-Kit (50-80€ Budget)
• Warnsignal-Checkliste

💡 **Perfekt kombiniert:**
Diese beiden Guides arbeiten Hand in Hand: **Prävention** (Sensorik-Optimierung verhindert Überlastung) + **Intervention** (Meltdown-Protokoll für den Ernstfall).

🎯 **Perfekt für:**
Lehrkräfte, die **JETZT** konkrete Hilfe bei herausforderndem Verhalten brauchen - keine Theorie, sondern Notfall-Tools.


🎁 **Spare €1,99 (14%) gegenüber Einzelkauf!**

📄 **Leseproben verfügbar:**
• Meltdown: https://autismus-adhs-alltag.de/leseproben/autismus-leseprobe_meltdown.html
• Sensorik: https://autismus-adhs-alltag.de/leseproben/autismus-leseprobe_sensorik.html

📥 **Das bekommst du:**
• 2 PDF-Dateien (sofort nach Kauf herunterladen)
• Druckoptimiert für A4
• 10+ ausdruckbare Vorlagen, Checklisten & Notfall-Karten

💶 **Bundle-Preis:** €11,99 (statt €13,98 einzeln)

🔒 **Nutzungsrechte:** Privat + Schulische Nutzung erlaubt | Keine kommerzielle Weitergabe

---

**Rechtliche Hinweise:**
Verkäufer: Paul Rawe (Kleinunternehmer gem. § 19 UStG)
• Impressum: https://autismus-adhs-alltag.de/rechtliches/etsy-impressum.html
• AGB: https://autismus-adhs-alltag.de/rechtliches/etsy-agb.html
• Datenschutz: https://autismus-adhs-alltag.de/rechtliches/etsy-datenschutz.html",10.07,EUR,999,"autism_meltdown_sensory,förderschule,autism_teacher_bundle,lehrer_materialien,autismus_notfallpaket,special_education,classroom_emergency,inklusionslehrkraft,autism_crisis_management,grundschule_notfall,autismus_lehrer_bundle,meltdown_sensorik,autismus_krisenmanagement",,https://i.etsystatic.com/64486107/r/il/89e8c0/7702015380/il_fullxfull.7702015380_djtn.jpg,https://i.etsystatic.com/64486107/r/il/be2f53/7697163908/il_fullxfull.7697163908_hjgv.jpg,https://i.etsystatic.com/64486107/r/il/0653c0/7745111003/il_fullxfull.7745111003_ndb7.jpg,,,,,,,,,,,,,,,,,
"ADHS Kommunikations Bundle | Unterrichtsmethoden & Elterngespräche | Lehrer Ratgeber | Grundschule | Sofort Download","**Wie kommuniziere ich erfolgreich – mit ADHS-Kindern UND ihren Eltern? Dieses Bundle zeigt dir beide Seiten.**

**🎯 Du bekommst 2 Ratgeber:**

1️⃣ **ADHS-Unterricht gestalten** – Motivation & Methoden
→ Wie du Anweisungen gibst, die ankommen
→ Wie du ADHS-Kinder motivierst

2️⃣ **Elterngespräche ADHS** – Leitfaden & Vorlagen
→ Wie du konstruktive Gespräche führst
→ Wie du Vertrauen aufbaust

**💡 Der Fokus:**
Effektive Kommunikation im Unterricht + konstruktive Elterngespräche = Erfolg auf beiden Ebenen

**💰 Einzeln: €13,98 | Bundle: €11,99**
**✨ Du sparst: €1,99 (14% Rabatt)**

**🔥 Das bekommst du:**

✅ Das 5:1-Prinzip der Motivation
✅ Kommunikations-Techniken für den Unterricht
✅ 20+ Bewegungspausen
✅ Die Sandwich-Methode für Elterngespräche
✅ Formulierungshilfen (was sagen, was vermeiden)
✅ 2 fertige Gesprächs-Skripte
✅ Dokumentations-Vorlage
✅ Alle ausdruckbaren Vorlagen

**🎯 Für wen?**
Lehrer, die sowohl im Unterricht als auch mit Eltern professionell kommunizieren wollen.

**💡 Besonders wertvoll:**
Du lernst die Perspektive der Eltern verstehen – das macht deine Arbeit mit dem Kind effektiver.

**📖 Kostenlos reinlesen:**
https://autismus-adhs-alltag.de/leseproben/

**📥 Sofort-Download nach Kauf:**
- 2 PDF-Dateien
- Alle Vorlagen & Checklisten
- Kein Versand, keine Wartezeit

**💰 Preis: €11,99 (statt €13,98)**

**🔒 Rechtliches:**
- Nutzung für private und schulische Zwecke
- Keine Weitergabe oder Verkauf
- Copyright: Paul Rawe

Verkäufer: Paul Rawe (Kleinunternehmer gem. § 19 UStG)
• Impressum: https://autismus-adhs-alltag.de/rechtliches/etsy-impressum.html
• AGB: https://autismus-adhs-alltag.de/rechtliches/etsy-agb.html
• Datenschutz: https://autismus-adhs-alltag.de/rechtliches/etsy-datenschutz.html",10.07,EUR,999,"sparpaket,digital_download,classroom_management,lehrmaterial,motivation_schüler,grundschule,gesprächsführung,adhs_unterricht,elternarbeit,unterrichtsmethoden,lehrer_ratgeber,elterngespräche,adhs_kommunikation",,https://i.etsystatic.com/64486107/r/il/428b93/7701982572/il_fullxfull.7701982572_4gn6.jpg,https://i.etsystatic.com/64486107/r/il/a1fc75/7745045341/il_fullxfull.7745045341_mzpf.jpg,https://i.etsystatic.com/64486107/r/il/df21c8/7745045345/il_fullxfull.7745045345_jft5.jpg,,,,,,,,,,,,,,,,,
"ADHS Classroom Bundle | Management Toolkit | Sitzordnung | Sofortlösungen | Lehrer Ratgeber | Grundschule | 29% Rabatt","**Für Lehrer, die systematisches Classroom Management aufbauen wollen – mit klaren Strukturen statt täglichem Chaos.**

**🎯 Du bekommst 3 Ratgeber:**

1️⃣ **ADHS Classroom Management Toolkit** – Token-Systeme, Verstärkung, Routinen
2️⃣ **ADHS im Klassenraum** – Setup & Sitzordnung
3️⃣ **ADHS-SOS** – Sofortlösungen für typische Probleme

**💡 Der Fokus:**
- Klare Strukturen etablieren (5:1-Prinzip, Token-Systeme)
- Raum optimal gestalten (Sitzordnung, Zonen)
- Notfall-Strategien griffbereit

**💰 Einzeln: €20,97 | Bundle: €14,99**
**✨ Du sparst: €5,98 (29% Rabatt)**

**🔥 Das bekommst du:**

✅ Token-Systeme (2 ausdruckbare Vorlagen)
✅ Tagesroutinen & Übergangs-Management
✅ Regelplakate (visuell, kindgerecht)
✅ Logische Konsequenzen (CRISP-Modell)
✅ Optimale Sitzordnung mit Beispiel-Plan
✅ Raumzonen-Konzept (Arbeits-, Ruhe-, Bewegungszone)
✅ Quick-Reference-Karten für Notfälle
✅ Alle Checklisten & Vorlagen

**🎯 Für wen?**
Lehrer, die nicht jeden Tag neu improvisieren wollen – sondern einmal gute Systeme aufbauen, die dann laufen.

**📖 Kostenlos reinlesen:**
https://autismus-adhs-alltag.de/leseproben/

**📥 Sofort-Download nach Kauf:**
- 3 PDF-Dateien
- Alle Vorlagen zum Ausdrucken
- Kein Versand, keine Wartezeit

**💰 Preis: €14,99 (statt €20,97)**

**🔒 Rechtliches:**
- Nutzung für private und schulische Zwecke
- Keine Weitergabe oder Verkauf
- Copyright: Paul Rawe


Verkäufer: Paul Rawe (Kleinunternehmer gem. § 19 UStG)
• Impressum: https://autismus-adhs-alltag.de/rechtliches/etsy-impressum.html
• AGB: https://autismus-adhs-alltag.de/rechtliches/etsy-agb.html
• Datenschutz: https://autismus-adhs-alltag.de/rechtliches/etsy-datenschutz.html",12.59,EUR,999,"sparpaket,digital_download,lehrmaterial,sofortlösungen,strukturen,grundschule,adhs_unterricht,klassenführung,lehrer_ratgeber,token_system,verhaltensmanagement,adhs_bundle,classroom_management",,https://i.etsystatic.com/64486107/r/il/6d2ca1/7701985166/il_fullxfull.7701985166_bf0v.jpg,https://i.etsystatic.com/64486107/r/il/7d3b84/7697090700/il_fullxfull.7697090700_fisv.jpg,https://i.etsystatic.com/64486107/r/il/48450e/7697090706/il_fullxfull.7697090706_3xn5.jpg,https://i.etsystatic.com/64486107/r/il/f2f15c/7745037119/il_fullxfull.7745037119_hbmd.jpg,,,,,,,,,,,,,,,,
"ADHS Starter Bundle | 3 Ratgeber | Unterricht Sitzordnung Sofortlösungen | Lehrer | Grundschule | Sofort Download | 29% Rabatt","**Neu in der Arbeit mit ADHS-Kindern? Start hier.**

**🎯 Du bekommst 3 essenzielle Ratgeber:**

1️⃣ **ADHS-Unterricht gestalten** – Motivation & Methoden
2️⃣ **ADHS-SOS** – Sofortlösungen für typische Probleme
3️⃣ **ADHS im Klassenraum** – Setup & Sitzordnung

**💡 Die perfekte Kombination:**
- Verstehen, wie ADHS-Gehirne funktionieren
- Sofort umsetzbare Notfall-Strategien
- Raum optimal gestalten

**💰 Einzeln: €20,97 | Bundle: €14,99**
**✨ Du sparst: €5,98 (29% Rabatt)**

**🔥 Das bekommst du:**

✅ Das 5:1-Prinzip der Motivation
✅ 20+ Bewegungspausen (2-3 Min)
✅ Sofortlösungen für die 5 häufigsten Probleme
✅ Quick-Reference-Karten
✅ Optimale Sitzordnung mit Begründung
✅ Raumzonen-Konzept
✅ Sitzplan-Vorlagen & Checklisten
✅ 7-Tage-Aktionsplan

**🎯 Für wen?**
Lehrer, die schnell in die ADHS-Thematik einsteigen wollen – ohne Theorie-Wüste, mit Praxis-Fokus.

**📖 Kostenlos reinlesen:**
https://autismus-adhs-alltag.de/leseproben/

**📥 Sofort-Download nach Kauf:**
- 3 PDF-Dateien
- Alle Vorlagen & Checklisten
- Kein Versand, keine Wartezeit

**💰 Preis: €14,99 (statt €20,97)**

**🔒 Rechtliches:**
- Nutzung für private und schulische Zwecke
- Keine Weitergabe oder Verkauf
- Copyright: Paul Rawe

Verkäufer: Paul Rawe (Kleinunternehmer gem. § 19 UStG)
• Impressum: https://autismus-adhs-alltag.de/rechtliches/etsy-impressum.html
• AGB: https://autismus-adhs-alltag.de/rechtliches/etsy-agb.html
• Datenschutz: https://autismus-adhs-alltag.de/rechtliches/etsy-datenschutz.html",12.59,EUR,999,"anfänger_lehrer,sparpaket,digital_download,sofortlösungen,sitzordnung,lehrmaterial_bundle,adhs_kinder,grundschule,unterrichtsmethoden,classroom_management,adhs_grundlagen,lehrer_ratgeber,adhs_starter_set",,https://i.etsystatic.com/64486107/r/il/1d8d70/7701987030/il_fullxfull.7701987030_9lib.jpg,https://i.etsystatic.com/64486107/r/il/76424c/7745026337/il_fullxfull.7745026337_l6q3.jpg,https://i.etsystatic.com/64486107/r/il/cabc9b/7697080110/il_fullxfull.7697080110_25se.jpg,https://i.etsystatic.com/64486107/r/il/de2f4b/7745026339/il_fullxfull.7745026339_ebjk.jpg,,,,,,,,,,,,,,,,
"Begleitgeschichten Autismus Entwicklung - Fahrrad Übernachten Alleine Geschwister Haustier Umzug Verlieren - 7 Stories PDF","Fahrradfahren lernen? Angst. Erste Übernachtung bei Freunden? Panik. Umzug? Totale Überforderung. Beim Spiel verlieren? Meltdown.

**Entwicklungsschritte sind für autistische Kinder RIESIGE Herausforderungen. Was für andere ""normal"" ist, fühlt sich wie ein Berg an.**

Diese Begleitgeschichten bereiten dein Kind auf wichtige Entwicklungsmeilensteine vor - Schritt für Schritt, vorhersagbar, sicher.

✅ **7 VOLLSTÄNDIGE SOCIAL STORIES:**

**1️⃣ FAHRRADFAHREN LERNEN** 🚴
Vom Stützrad zur Selbstständigkeit - jeder Schritt erklärt

**2️⃣ BEI FREUNDEN ÜBERNACHTEN** 🏠
Erste Übernachtung ohne Eltern - Was passiert? Was brauche ich?

**3️⃣ ALLEINE ZU HAUSE BLEIBEN** ⏰
Selbstständigkeit entwickeln - Schritt für Schritt mehr Vertrauen

**4️⃣ GESCHWISTERKIND BEKOMMEN** 👶
Familienzuwachs verstehen - Veränderungen, neue Routinen

**5️⃣ HAUSTIER BEKOMMT NEUES ZUHAUSE** 🐕
Abschied bewältigen - Trauer, Veränderung, neue Situation

**6️⃣ UMZUG IN NEUES ZUHAUSE** 📦
Große Veränderungen meistern - Vorbereitung, Ablauf, Ankommen

**7️⃣ VERLIEREN LERNEN** 🎮
Mit Frust umgehen lernen - Emotionsregulation, Fairness verstehen

✨ **WARUM DIESE STORIES ANDERS SIND:**

**ENTWICKLUNGSFOKUS:**
Diese Stories bereiten auf **wichtige Meilensteine** vor:
• Motorische Entwicklung (Fahrradfahren)
• Soziale Entwicklung (Übernachten bei Freunden)
• Emotionale Entwicklung (Verlieren lernen)
• Familiäre Veränderungen (Geschwister, Umzug)
• Selbstständigkeit (Alleine bleiben)

**VISUELLES EMOJI-SYSTEM:**
30+ konsistente Symbole in ALLEN Stories - sofortige visuelle Orientierung

**INDIVIDUALISIERBAR:**
Personalisierbare Felder:
• ""Ich lerne Fahrradfahren am: ___________""
• ""Ich übernachte bei: ___________""
• ""Unser neues Zuhause ist in: ___________""

**HERAUSFORDERUNGEN + LÖSUNGEN:**
Jede Story erklärt:
• Was könnte schwierig sein?
• Wie fühle ich mich vielleicht?
• Was kann ich tun, wenn es schwierig wird?
• Wer kann mir helfen?

💡 **DIESE STORIES HELFEN BEI:**
✓ Entwicklungsmeilensteine positiv erleben
✓ Selbstständigkeit fördern
✓ Familiäre Veränderungen verstehen
✓ Emotionale Regulation verbessern
✓ Ängste vor neuen Fähigkeiten abbauen

**Forschung zeigt:** Kinder, die auf Entwicklungsschritte vorbereitet werden, erleben weniger Angst und mehr Erfolgserlebnisse.

🎯 **PERFEKT FÜR:**
• Kinder mit Autismus-Spektrum-Störung (ASS)
• Kinder mit ADHS
• Kinder mit Entwicklungsverzögerungen
• Kinder mit Angststörungen
• Grundschulalter (ca. 5-12 Jahre), individuell anpassbar

**Praxiserprobt im Alltag.**

📖 **KOSTENLOSE BEISPIEL-STORY ANSEHEN:**
**Begleitgeschichte ""Fliegen""** (kostenlos) - genau derselbe Aufbau:
https://autismus-adhs-alltag.de/soziales/social-story-fliegen.html

💡 **PERFEKTE ERGÄNZUNG:**
Du hast bereits unsere anderen Social Stories? Perfekt! Diese 7 Stories ergänzen ideal:
• 6 Social Stories: Schule & Freizeit
• 6 Social Stories: Medizin & Alltag

→ Zusammen 19 Stories für fast ALLE Lebenssituationen!

📥 **DAS BEKOMMST DU:**
• 7 vollständige Social Stories (PDF)
• Ausführliche Anleitung mit Emoji-Legende (30+ Symbole)
• Personalisierbare Felder zum Ausfüllen
• Checklisten & Vorbereitungslisten für jede Situation
• Druckoptimiert für A4
• Auf allen Geräten nutzbar
• Ausdruckbar & mehrfach verwendbar
• Sofortiger Download

💶 **Preis:** €6,99 (Das sind nur 1€ pro Story!)

🔒 **Nutzungsrechte:** Privat + Schulische Nutzung | Keine kommerzielle Weitergabe

**💡 Tipp:** Spare 5€ mit dem Komplettpaket aller 19 Stories!

---

**Rechtliche Hinweise:**
Verkäufer: Paul Rawe (Kleinunternehmer gem. § 19 UStG)
• Impressum: https://autismus-adhs-alltag.de/rechtliches/etsy-impressum.html
• AGB: https://autismus-adhs-alltag.de/rechtliches/etsy-agb.html
• Datenschutz: https://autismus-adhs-alltag.de/rechtliches/etsy-datenschutz.html",5.87,EUR,999,"alleine_bleiben_autismus,haustier_autismus,autismus_vorbereitung,verlieren_lernen,umzug_autismus,autismus_meilensteine,social_stories_kinder,geschwister_autismus,autismus_alltag,übernachten_autismus,fahrrad_lernen_autismus,autismus_entwicklung,social_stories_deutsch",,https://i.etsystatic.com/64486107/r/il/ce0b8c/7795351202/il_fullxfull.7795351202_r4cd.jpg,https://i.etsystatic.com/64486107/r/il/cdc919/7744913455/il_fullxfull.7744913455_2u6r.jpg,https://i.etsystatic.com/64486107/r/il/7d9864/7744913651/il_fullxfull.7744913651_bfx7.jpg,https://i.etsystatic.com/64486107/r/il/a60d7b/7696968226/il_fullxfull.7696968226_hktu.jpg,https://i.etsystatic.com/64486107/r/il/98cc77/7744913985/il_fullxfull.7744913985_616h.jpg,https://i.etsystatic.com/64486107/r/il/689e1c/7744914147/il_fullxfull.7744914147_3x3o.jpg,https://i.etsystatic.com/64486107/r/il/9c952a/7744914343/il_fullxfull.7744914343_lqlv.jpg,https://i.etsystatic.com/64486107/r/il/d8044b/7696968902/il_fullxfull.7696968902_4erm.jpg,,,,,,,,,,,,
"Begleitgeschichten: Autismus Schule Freizeit - Schulstart Schulwechsel Zug Feier Verwandte Schwimmbad - 6 Stories PDF Download","Schulstart? Überforderung. Schulwechsel? Panik. Zugfahrt? Unmöglich. Familienfeier? Meltdown garantiert.

**Neue Situationen sind für autistische Kinder wie ein Sprung ins kalte Wasser - ohne zu wissen, wie tief.**

Begleitgeschichten bereiten dein Kind vor. Sie zeigen GENAU, was passieren wird. Vorhersagbarkeit schafft Sicherheit.

✅ **6 VOLLSTÄNDIGE Begleitgeschichten:**

**1️⃣ ERSTER SCHULTAG** 🏫
Schulstart ohne Angst - Was passiert am ersten Tag? Wer ist da? Wie läuft es ab?

**2️⃣ SCHULWECHSEL** 🔄
Neue Schule kennenlernen - Abschied von altem, Ankommen im neuen

**3️⃣ MIT DEM ZUG FAHREN** 🚂
Öffentliche Verkehrsmittel nutzen - Schritt-für-Schritt vom Bahnsteig bis Ziel

**4️⃣ FAMILIENFEIER & GEBURTSTAG** 🎂
Feste feiern ohne Überforderung - Lautstärke, viele Menschen, Abläufe

**5️⃣ BESUCH BEI VERWANDTEN** 👨‍👩‍👧
Familie besuchen mit Struktur - Was erwartet mich? Wie lange bleiben wir?

**6️⃣ INS SCHWIMMBAD GEHEN** 🏊
Schwimmen & Baden planen - Geräusche, Gerüche, Abläufe verstehen

✨ **WARUM DIESE Begleitgeschichten?**

**KLARE STRUKTUR - JEDE STORY:**
• **Einleitung:** Was bedeutet die Situation?
• **Vorbereitung:** Wie bereite ich mich vor? (Datum, Uhrzeit, Was mitbringen)
• **Schritt-für-Schritt-Ablauf:** Was passiert zuerst? Dann? Danach?
• **Sinneseindrücke:** Was werde ich sehen/hören/riechen/fühlen?
• **Herausforderungen + Lösungen:** Was könnte schwierig sein? Wie gehe ich damit um?
• **Notiz-Seiten:** Individuell anpassbar (Namen, Uhrzeiten eintragen)

**VISUELLES EMOJI-SYSTEM:**
30+ konsistente Symbole in ALLEN Stories:
• ⏱️ Zeit & Dauer
• 🎒 Was mitbringen
• 💡 Wichtige Tipps
• ✅ Checklisten zum Abhaken
• ❤️ Gefühle benennen
• 🆘 Hilfe holen

**INDIVIDUALISIERBAR:**
Felder zum Ausfüllen für persönliche Anpassung:
• ""Mein erster Schultag ist am: ___________""
• ""Meine neue Lehrerin heißt: ___________""
• ""Wir fahren mit dem Zug nach: ___________""

→ Macht die Story PERSÖNLICH und KONKRET

💡 **SOCIAL STORIES HELFEN DABEI:**
✓ Neue Situationen zu verstehen
✓ Ängste zu reduzieren
✓ Selbstständigkeit zu fördern
✓ Sicherheit zu geben
✓ Meltdowns zu vermeiden



🎯 **PERFEKT FÜR:**
• Kinder mit Autismus-Spektrum-Störung (ASS)
• Kinder mit ADHS (profitieren ebenfalls von Struktur!)
• Kinder mit Angststörungen
• Grundschulalter (ca. 5-12 Jahre), individuell anpassbar



📖 **KOSTENLOSE BEISPIEL-STORY ANSEHEN:**
Schau dir die **kostenlose Begleitgeschichte ""Fliegen""** an - genau derselbe Aufbau:
https://autismus-adhs-alltag.de/soziales/social-story-fliegen.html

📥 **DAS BEKOMMST DU:**
• 6 vollständige Begleitgeschichten (PDF)
• Ausführliche Anleitung mit Emoji-Legende
• Personalisierbare Felder zum Ausfüllen
• Druckoptimiert für A4
• Auf allen Geräten nutzbar (Computer, Tablet, Smartphone)
• Ausdruckbar & mehrfach verwendbar
• Sofortiger Download

💶 **Preis:** €6,99 (Das sind nur 1,17€ pro Story!)

🔒 **Nutzungsrechte:** Privat + Schulische Nutzung | Keine kommerzielle Weitergabe

**💡 Tipp:** Spare 5€ mit dem Komplettpaket aller 19 Stories!

---

**Rechtliche Hinweise:**
Verkäufer: Paul Rawe (Kleinunternehmer gem. § 19 UStG)
• Impressum: https://autismus-adhs-alltag.de/rechtliches/etsy-impressum.html
• AGB: https://autismus-adhs-alltag.de/rechtliches/etsy-agb.html
• Datenschutz: https://autismus-adhs-alltag.de/rechtliches/etsy-datenschutz.html",5.87,EUR,999,"visual_supports,autismus_alltag,verwandte_besuch_autismus,schwimmbad_autismus,autismus_vorbereitung,social_stories_kinder,autismus_freizeit,geburtstag_autismus,zug_fahren_autismus,autismus_social_stories,schulwechsel_autismus,autismus_schulstart,social_stories_deutsch",,https://i.etsystatic.com/64486107/r/il/862b45/7843285331/il_fullxfull.7843285331_jr8i.jpg,https://i.etsystatic.com/64486107/r/il/00457e/7696953444/il_fullxfull.7696953444_22rx.jpg,https://i.etsystatic.com/64486107/r/il/974aba/7744898937/il_fullxfull.7744898937_t49k.jpg,https://i.etsystatic.com/64486107/r/il/242d96/7744899125/il_fullxfull.7744899125_ddra.jpg,https://i.etsystatic.com/64486107/r/il/54c2d3/7744899389/il_fullxfull.7744899389_gy3q.jpg,https://i.etsystatic.com/64486107/r/il/8ec200/7696954234/il_fullxfull.7696954234_eme7.jpg,https://i.etsystatic.com/64486107/r/il/e74a78/7696954458/il_fullxfull.7696954458_klt0.jpg,https://i.etsystatic.com/64486107/r/il/1233f7/7744900013/il_fullxfull.7744900013_teaj.jpg,,,,,,,,,,,,
"Autismus Hausaufgaben Notfallplan - Sensorische Überlastung Struktur Meltdown Prävention - Theory of Mind Eltern Guide PDF","Tränen BEVOR Hausaufgaben überhaupt anfangen. Meltdowns bei Übergängen vom Spielen zum Lernen. Dein Kind ist nach der Schule sensorisch völlig überlastet - und dann soll es noch Hausaufgaben machen?

**Das ist wie Marathon laufen mit gebrochenem Bein.**

Autistische Kinder haben nach einem Schultag oft KEINE Kapazität mehr. Sensorische Überlastung, soziale Erschöpfung, exekutive Dysfunktion - alles zusammen macht Hausaufgaben zur Hölle.

**Dieser Notfallplan zeigt autismus-spezifische Strategien, die wirklich helfen.**

✅ **Was du lernst (49 Seiten wissenschaftlich fundiert):**

**🧠 TEIL 1: WISSENSCHAFTLICHE GRUNDLAGEN**
• Theory of Mind & was das für Hausaufgaben bedeutet
• Exekutive Funktionen bei Autismus
• Sensorische Verarbeitung (Die 8 Sinne!)
• Predictive Processing & Monotropismus
• Warum ""normal"" bei Autismus nicht funktioniert

**🏠 TEIL 2: DEN IDEALEN ARBEITSPLATZ SCHAFFEN**
• **Sensorische Optimierung:**
  - Visuell (Licht, Farben, Unordnung)
  - Auditiv (Geräusche minimieren)
  - Taktil (Materialien, Stifte, Papier)
• Beruhigungsecke einrichten
• Organisation (autismus-freundlich!)

**📅 TEIL 3: STRUKTUR & VORHERSAGBARKEIT**
• Tägliche Hausaufgaben-Routine etablieren
• Visuelle Tagesstruktur (wann Hausaufgaben?)
• Task Breakdown (große Aufgaben in Mini-Schritte)
• Checklisten nutzen (Abhaken = Dopamin!)

**🎨 TEIL 4: SENSORISCHE BEDÜRFNISSE**
• Die 8 Sinne verstehen (inkl. Propriozeption & Vestibulär)
• Sensorisches Profil erstellen
• Strategien für Über-/Unterempfindlichkeit
• Sensory Breaks einplanen

**💬 TEIL 5: KLARE KOMMUNIKATION**
• Autismus-freundliche Kommunikation (konkret, nicht abstrakt!)
• 3W+1H-Methode (Was, Wann, Wie lange + Wie)
• Verarbeitungszeit geben (5-10 Sekunden Regel!)
• Visuelle Unterstützung statt nur Worte

**🦕 TEIL 6: MOTIVATION DURCH SPEZIALINTERESSEN**
• Spezialinteressen in Hausaufgaben integrieren
• Dinos in Matheaufgaben? JA!
• Spezialinteressen als Belohnung

**🔄 TEIL 7: ÜBERGÄNGE MEISTERN**
• 5-Stufen-Übergangs-Methode
• Visuelle Timer nutzen
• Übergangsrituale etablieren

**🚨 TEIL 8: NOTFALLPLAN BEI ÜBERLASTUNG**
• Meltdown vs. Shutdown erkennen
• Sofortmaßnahmen bei beiden
• Warnzeichen früh erkennen
• Meltdown-Tagebuch führen

**🏫 TEIL 9: ZUSAMMENARBEIT MIT SCHULE**
• Nachteilsausgleich beantragen (Musterantrag!)
• Gesprächsleitfaden für Lehrkräfte
• Kommunikations-Heft einrichten

**✅ TEIL 10: CHECKLISTEN & TOOLS**
• Bereitschafts-Checkliste (ist Kind bereit?)
• Ablauf-Checkliste
• 10 Goldene Regeln
• Laminierbare Notfallkarte

💡 **Die goldene Regel:**
💚 **Beziehung geht VOR Hausaufgaben**

Kein Hausaufgabenblatt der Welt ist wichtiger als das emotionale Wohlbefinden deines Kindes und deine Beziehung zu ihm.

🎯 **Perfekt für:**
• Eltern autistischer Kinder (Grundschule bis Mittelstufe, 6-14 Jahre)
• Lehrkräfte, die autistische Schüler:innen unterstützen wollen
• Therapeut:innen & Fachkräfte
• Schulbegleiter:innen

📚 **Wissenschaftlich fundiert:**
Basiert auf Baron-Cohen, Hill, Happé, Pellicano - führende Autismus-Forscher:innen.

📥 **Das bekommst du:**
• 49-seitiges PDF (sofort nach Kauf)
• Druckoptimiert für A4
• Mehrere Checklisten zum Ausdrucken
• Visuelle Vorlagen (Tagesstruktur, Social Stories)
• Laminierbare Notfallkarte
• Musterbrief Nachteilsausgleich
• 15 wissenschaftliche Quellen
• **Leseprobe verfügbar:** https://autismus-adhs-alltag.de/leseproben/hausaufgaben-autismus-preview.html

💶 **Preis:** €9,99 (einmalig)

🔒 **Nutzungsrechte:** Privat + Schulische Nutzung | Keine kommerzielle Weitergabe

**💡 Tipp:** Kombiniere mit dem Visuellen Tagesplan für maximale Struktur!

---

**Rechtliche Hinweise:**
Verkäufer: Paul Rawe (Kleinunternehmer gem. § 19 UStG)
• Impressum: https://autismus-adhs-alltag.de/rechtliches/etsy-impressum.html
• AGB: https://autismus-adhs-alltag.de/rechtliches/etsy-agb.html
• Datenschutz: https://autismus-adhs-alltag.de/rechtliches/etsy-datenschutz.html",8.39,EUR,999,"autismus_lernen,autismus_schule,hausaufgabenstress,autismus_alltag,theory_of_mind,autismus_struktur,hausaufgaben_strategien,meltdown_prävention,autismus_eltern,sensorische_überlastung,autismus_kinder,hausaufgaben_hilfe,autismus_hausaufgaben",,https://i.etsystatic.com/64486107/r/il/cd427d/7696853598/il_fullxfull.7696853598_meql.jpg,https://i.etsystatic.com/64486107/r/il/be0a4a/7696853824/il_fullxfull.7696853824_46qz.jpg,https://i.etsystatic.com/64486107/r/il/756bb5/7744800305/il_fullxfull.7744800305_dt8v.jpg,https://i.etsystatic.com/64486107/r/il/a7ef3b/7744800465/il_fullxfull.7744800465_fy26.jpg,https://i.etsystatic.com/64486107/r/il/ac73b9/7744800703/il_fullxfull.7744800703_s2vp.jpg,https://i.etsystatic.com/64486107/r/il/a1306a/7696854588/il_fullxfull.7696854588_gck4.jpg,https://i.etsystatic.com/64486107/r/il/93cb35/7744801175/il_fullxfull.7744801175_bo0h.jpg,,,,,,,,,,,,,
"Autismus Schulgespräche Leitfaden - Eltern Rechte Nachteilsausgleich - Schulbegleitung Inklusion Argumentationshilfen PDF","Schulleitung sagt ""Nein"". Lehrkraft versteht Autismus nicht. Deine Anträge werden abgelehnt. Du fühlst dich hilflos und weißt nicht, wie du dein Kind schützen sollst.

**Schluss damit! Dieser Leitfaden gibt dir die Werkzeuge, um endlich gehört zu werden.**

✅ **Was du lernst (22 Seiten kompakt):**

**⚖️ DEINE RECHTE KENNEN**
• UN-Behindertenrechtskonvention (UN-BRK)
• Schulgesetze & Inklusions-Verpflichtung
• Nachteilsausgleich: Was steht dir zu?
• Schulbegleitung: Anspruch & Durchsetzung

**💬 PROFESSIONELL ARGUMENTIEREN**
• 6 Goldene Regeln für erfolgreiche Gespräche
• 4 Gesprächsphasen Schritt-für-Schritt
• Was sagen - was NICHT sagen
• Emotionen managen (wenn du wütend/verzweifelt bist)

**📧 MUSTER-E-MAILS NUTZEN**
• 3 fertige E-Mail-Vorlagen (einfach Namen einsetzen!)
• Nachteilsausgleich beantragen
• Schulbegleitung anfordern
• Nachfassen bei Nicht-Reaktion

**💪 SCHWIERIGE SITUATIONEN MEISTERN**
• ""Ihr Kind muss sich anpassen"" → Deine Antwort
• ""Wir haben keine Ressourcen"" → Deine Antwort
• ""Das steht nicht im Schulgesetz"" → Deine Antwort

🎯 **Bonus: 2 Erfolgsbeispiele**
• Wie Lisa's Mutter Schulbegleitung durchsetzte
• Wie Tom's Vater Nachteilsausgleich erhielt

**Konkrete Fälle. Konkrete Lösungen. Kein theoretisches Blabla.**

**Wir wissen, wie Schulen ticken. Und wir wissen, wie Eltern sich fühlen.**

🎯 **Perfekt für:**
• Eltern autistischer Kinder (Vorschule bis weiterführende Schule)
• Eltern, die Schulbegleitung beantragen wollen
• Eltern, die Nachteilsausgleich durchsetzen müssen
• Eltern, die sich auf schwierige Gespräche vorbereiten

📚 **Rechtlich fundiert** - mit Quellenangaben zu Gesetzen und Urteilen

📥 **Das bekommst du:**
• 22-seitiges PDF (sofort nach Kauf)
• Druckoptimiert für A4
• 3 E-Mail-Vorlagen zum Kopieren
• Gesprächsleitfaden zum Ausdrucken
• Checkliste ""Vor dem Gespräch""
• **Leseprobe verfügbar:** https://autismus-adhs-alltag.de/leseproben/schulgespraeche-preview.html

💶 **Preis:** €6,90 (einmalig)

🔒 **Nutzungsrechte:** Privat | Keine kommerzielle Weitergabe

**Du bist nicht allein. Du hast Rechte. Und jetzt hast du auch die Argumente.**

---

**Rechtliche Hinweise:**
Verkäufer: Paul Rawe (Kleinunternehmer gem. § 19 UStG)
• Impressum: https://autismus-adhs-alltag.de/rechtliches/etsy-impressum.html
• AGB: https://autismus-adhs-alltag.de/rechtliches/etsy-agb.html
• Datenschutz: https://autismus-adhs-alltag.de/rechtliches/etsy-datenschutz.html",5.8,EUR,999,"autismus_schulstart,elternratgeber,schule_rechte,autismus_inklusion,schulleitung_gespräch,autismus_eltern,inklusion_schule,eltern_leitfaden,autismus_rechte,schulbegleitung,nachteilsausgleich,schulgespräche_eltern,autismus_schule",,https://i.etsystatic.com/64486107/r/il/e7ace2/7696806544/il_fullxfull.7696806544_l6by.jpg,https://i.etsystatic.com/64486107/r/il/598dc9/7696806876/il_fullxfull.7696806876_tiru.jpg,https://i.etsystatic.com/64486107/r/il/5218f6/7696807156/il_fullxfull.7696807156_g4i7.jpg,https://i.etsystatic.com/64486107/r/il/453f53/7744754247/il_fullxfull.7744754247_iyid.jpg,https://i.etsystatic.com/64486107/r/il/e346be/7744754433/il_fullxfull.7744754433_mv0v.jpg,https://i.etsystatic.com/64486107/r/il/072842/7696807876/il_fullxfull.7696807876_c9ov.jpg,https://i.etsystatic.com/64486107/r/il/3c9e96/7696808084/il_fullxfull.7696808084_mcj3.jpg,https://i.etsystatic.com/64486107/r/il/f2120d/7744755129/il_fullxfull.7744755129_7fzu.jpg,,,,,,,,,,,,
"BUNDLE : Tagesplan + Regulations-Toolkit - Struktur Orientierung Kommunikation Skalen PDF Download","**Der Tagesplan zeigt WAS passiert. Das Toolkit zeigt WIE es sich anfühlt. Zusammen schaffen sie maximale Orientierung und Sicherheit.**

Dein autistisches Kind braucht beides: **Vorhersagbarkeit** (Tagesplan) UND **Selbstwahrnehmung** (Regulations-Toolkit). Dieses Bundle kombiniert beide Systeme perfekt aufeinander abgestimmt.

🎁 **Was du im Bundle bekommst:**

**1️⃣ VISUELLER TAGESPLAN** (Wert: €24,99)
• 135+ Bildkarten in 3 Stilen & 3 Größen
• 15 Alltagsthemen + Sonderfälle
• Wochentage visualisiert
• Schritt-für-Schritt-Anleitung

**2️⃣ REGULATIONS-TOOLKIT** (Wert: €29,00)
• 6 visuelle Skalen (Energie, Reiz, Nähe, Kommunikation, Körper, Übergänge)
• 4 Notfallkarten für akute Überforderung
• Meltdown-Präventionsplan
• Social Stories für alle Skalen

✨ **Warum diese Kombination genial ist:**
• **Tagesplan** → Reduziert Angst vor dem Unbekannten
• **Toolkit** → Gibt Sprache, wenn Worte fehlen
• **Zusammen** → Dein Kind weiß WAS kommt UND kann zeigen WIE es sich fühlt

**Ergebnis:** Weniger Meltdowns. Mehr Kommunikation. Entspannterer Alltag.

💡 **Praxisbeispiel:**
Morgens: Kind checkt Tagesplan → weiß, Arzttermin steht an
Beim Arzt: Kind zeigt auf Reiz-Level-Skala ""Overload"" → du greifst ein, bevor Meltdown entsteht

**Das ist Prävention statt Reaktion.**

🎯 **Perfekt für:**
• Eltern autistischer Kinder, die ein komplettes System wollen
• Familien mit ADHS-Kindern (Struktur hilft allen!)
• Therapeut:innen, die mit Familien arbeiten

👨‍👩‍👧 **Entwickelt von Eltern für Eltern:**
**Katharina Rawe** (Grundschullehrerin) + **Paul Rawe** (Intensivpfleger) - beide Eltern eines autistischen Kindes.

**Diese Tools nutzen wir täglich selbst.**

📥 **Das bekommst du:**
• 2 PDF-Dateien (Tagesplan + Toolkit)
• Sofort nach Kauf herunterladen
• Druckoptimiert für A4
• Unbegrenzt nutzbar
• **Leseproben verfügbar:**
  - Tagesplan: https://autismus-adhs-alltag.de/leseproben/Leseprobe_Tagesstrukturplan.html
  - Toolkit: https://autismus-adhs-alltag.de/leseproben/Leseprobe_Autismus-Toolkit.html

💶 **Bundle-Preis:** €39,99 (statt €53,99 einzeln)

✨ **Du sparst 14€ (26%) + hast das komplette System!**

🔒 **Nutzungsrechte:** Privat + Schulische Nutzung erlaubt | Keine kommerzielle Weitergabe

---

**Rechtliche Hinweise:**
Verkäufer: Paul Rawe (Kleinunternehmer gem. § 19 UStG)
• Impressum: https://autismus-adhs-alltag.de/rechtliches/etsy-impressum.html
• AGB: https://autismus-adhs-alltag.de/rechtliches/etsy-agb.html
• Datenschutz: https://autismus-adhs-alltag.de/rechtliches/etsy-datenschutz.html",33.59,EUR,999,"visual_schedule_bundle,autismus_download,tagesstruktur_skalen,autismus_organisation,adhs_struktur,autismus_eltern,regulation_kommunikation,autismus_komplett,autismus_alltag,visuelle_struktur,autismus_hilfen,tagesplan_toolkit,autismus_bundle",,https://i.etsystatic.com/64486107/r/il/d26fe3/7696777900/il_fullxfull.7696777900_c1e1.jpg,https://i.etsystatic.com/64486107/r/il/3b1375/7696778626/il_fullxfull.7696778626_cakg.jpg,,,,,,,,,,,,,,,,,,
"Autismus Visueller Tagesplan - 135 Bildkarten Tagesstruktur ADHS - Routinen Kinder Orientierung PDF Download","""Was machen wir heute?"" - ""Wann kommt Papa?"" - ""Müssen wir danach noch einkaufen?"" 

**Dein autistisches Kind fragt 50 Mal am Tag nach dem Tagesablauf. Übergänge führen zu Konflikten. Änderungen überfordern. Der Alltag ist ein ständiger Kampf.**

Schluss damit! Dieser visuelle Tagesplan gibt deinem Kind Orientierung und Sicherheit – ohne ständige verbale Erklärungen.

✅ **Was du bekommst:**
• **135+ Bildkarten** in 3 verschiedenen Stilen (detailliert, symbolisch, minimalistisch)
• **3 Größen** pro Karte: 4×4 cm, 6×6 cm, 8×8 cm - für jeden Einsatzzweck
• **15 Alltagsthemen:** Morgenroutine, Schule, Freizeit, Abendrituale, Körperpflege, Mahlzeiten
• **Sonderfälle abgedeckt:** Arztbesuch, Geburtstag, Urlaub, Feiern, Ausflüge
• **Wochentage visualisiert:** Alle 7 Tage mit klaren Symbolen
• **Schritt-für-Schritt-Anleitung:** Wie du den Tagesplan einführst und nutzt
• **Druckoptimiert:** Einfach ausdrucken, laminieren, aufhängen

💡 **Warum dieser Tagesplan anders ist:**
Entwickelt von **Katharina Rawe** (Grundschullehrerin mit Autismus-Spezialisierung) und **Paul Rawe** (Intensivpfleger, 17 Jahre Erfahrung) - beide Eltern eines autistischen Kindes.

**Keine generischen Stock-Photos. Klare, eindeutige Bildsprache. Wissenschaftlich fundiert.**

🎯 **Perfekt für:**
• Eltern autistischer Kinder (3-12 Jahre)
• Eltern von Kindern mit ADHS (Struktur hilft allen!)
• Therapeut:innen & Ergotherapeut:innen
• Schulbegleiter:innen & Integrationskräfte

📚 **Wissenschaftlich belegt:** Visuelle Tagesstrukturen reduzieren Verhaltensauffälligkeiten um bis zu 60%

📥 **Das bekommst du:**
• PDF-Datei (sofort nach Kauf herunterladen)
• Druckoptimiert für A4
• 135+ Bildkarten in 3 Stilen und 3 Größen
• Anleitung zur Einführung
• Unbegrenzt nutzbar (einmal kaufen, immer drucken)
• **Leseprobe verfügbar:** https://autismus-adhs-alltag.de/leseproben/Leseprobe_Tagesstrukturplan.html

💶 **Preis:** €24,99 (einmalig)

🔒 **Nutzungsrechte:** Privat + Schulische Nutzung erlaubt | Keine kommerzielle Weitergabe

**💡 Tipp:** Kombiniere mit dem Regulations-Toolkit im Bundle und spare 14€!

---

**Rechtliche Hinweise:**
Verkäufer: Paul Rawe (Kleinunternehmer gem. § 19 UStG)
• Impressum: https://autismus-adhs-alltag.de/rechtliches/etsy-impressum.html
• AGB: https://autismus-adhs-alltag.de/rechtliches/etsy-agb.html
• Datenschutz: https://autismus-adhs-alltag.de/rechtliches/etsy-datenschutz.html",20.99,EUR,999,"adhs_struktur,tagesplan_download,autismus_organisation,bildkarten_kinder,strukturhilfen,autismus_alltag,tagesablauf_kinder,visual_schedule,adhs_routinen,autismus_hilfen,tagesstruktur_kinder,visuelle_bildkarten,autismus_tagesplan",,https://i.etsystatic.com/64486107/r/il/5f2b1d/7696732920/il_fullxfull.7696732920_olbn.jpg,https://i.etsystatic.com/64486107/r/il/8d6c16/7696733242/il_fullxfull.7696733242_gkks.jpg,https://i.etsystatic.com/64486107/r/il/c64346/7744680157/il_fullxfull.7744680157_5fzt.jpg,https://i.etsystatic.com/64486107/r/il/b9ccfa/7744680385/il_fullxfull.7744680385_mlwa.jpg,https://i.etsystatic.com/64486107/r/il/17622b/7744680627/il_fullxfull.7744680627_bgkd.jpg,https://i.etsystatic.com/64486107/r/il/ab4988/7696734126/il_fullxfull.7696734126_b8dg.jpg,https://i.etsystatic.com/64486107/r/il/d98f1a/7744681119/il_fullxfull.7744681119_fd2d.jpg,https://i.etsystatic.com/64486107/r/il/934fa2/7744681367/il_fullxfull.7744681367_ltzd.jpg,https://i.etsystatic.com/64486107/r/il/4e878c/7696734844/il_fullxfull.7696734844_sx26.jpg,,,,,,,,,,,
"Autismus Schulstart Guide Eltern - Einschulung Vorbereitung Schulbegleitung Förderplan - Interaktiv Checklisten HTML Download","Der Schulstart steht bevor. Du hast 1000 Fragen: Welche Schule? Schulbegleitung - wie beantragen? Förderplan - wer erstellt den? Wie bereite ich mein Kind vor? Was sind meine Rechte?

**Du fühlst dich überfordert. Überall widersprüchliche Infos. Und die Zeit läuft.**

Dieser Guide beantwortet ALLE Fragen 

✅ **Was du bekommst (6 umfassende Kapitel):**

**1️⃣ VORBEREITUNG AUF DEN SCHULSTART**
• Schulwahl: Regelschule, Förderschule oder Inklusion?
• Schulbegleitung beantragen (Schritt-für-Schritt)
• Förderplan verstehen (wer, was, wann?)
• Checkliste: 3 Monate vor Schulstart

**2️⃣ DIE ERSTEN SCHULTAGE**
• Rituale etablieren (Morgenroutine, Schulweg, Nachmittag)
• Mit Überforderung umgehen (Warnsignale erkennen)
• Klassenlehrer-Gespräch vorbereiten (was sagen, was NICHT sagen)
• Notfallplan für Meltdowns in der Schule

**3️⃣ DER SCHULALLTAG**
• Hausaufgaben-Strategien (siehe separate Guides)
• Pausen-Probleme lösen
• Klassenfahrten vorbereiten
• Notfallpläne für unerwartete Situationen

**4️⃣ KOMMUNIKATION MIT DER SCHULE**
• Elterngespräche professionell führen
• Konflikte lösen (ohne Eskalation)
• Netzwerk aufbauen (andere Eltern, Schulpsycholog:in)
• E-Mail-Vorlagen für verschiedene Anliegen

**5️⃣ HERAUSFORDERUNGEN MEISTERN**
• Schulverweigerung (was tun, wenn Kind nicht mehr will?)
• Mobbing erkennen & stoppen
• Überforderung managen (wann Auszeit nötig?)
• Schulwechsel erwägen (wann ist es Zeit?)

**6️⃣ RECHTLICHE GRUNDLAGEN**
• UN-BRK verständlich erklärt
• Schulgesetze (bundeslandspezifisch)
• SGB VIII & IX für Schulbegleitung
• Nachteilsausgleich: Deine Rechte

✨ **INTERAKTIVE FEATURES (HTML-Datei!):**
• **Checklisten zum Abhaken** - speichert automatisch deinen Fortschritt
• **Druckfunktion** für einzelne Kapitel oder gesamten Guide
• **Konkrete Gesprächsleitfäden** & Formulierungsbeispiele
• **Notfall-Strategien** für schwierige Situationen

**Professionelle Perspektive + persönliche Erfahrung = Unschlagbare Kombination.**

Du bekommst keine Theorie aus dem Lehrbuch, sondern **praxiserprobte Strategien**, die wirklich funktionieren.

🎯 **Perfekt für:**
• Eltern autistischer Kinder vor der Einschulung
• Eltern, die Schulbegleitung beantragen wollen
• Eltern, die sich auf Elterngespräche vorbereiten
• Großeltern, die unterstützen wollen

📥 **Das bekommst du:**
• 1 HTML-Datei (öffnet in jedem Browser)
• Nutzbar auf Computer, Tablet & Smartphone
• Interaktive Checklisten (speichern Fortschritt)
• Druckfunktion für alle Kapitel
• Sofortiger Download nach Kauf
• Lebenslanger Zugriff
• **Leseprobe verfügbar:** https://autismus-adhs-alltag.de/leseproben/schulstart-guide-preview.html

💶 **Preis:** €12,90 (einmalig - früher €16,90)

🔒 **Nutzungsrechte:** Privat | Keine kommerzielle Weitergabe

**Der Schulstart entscheidet über das ganze Schuljahr. Sei vorbereitet.**

---

**Rechtliche Hinweise:**
Verkäufer: Paul Rawe (Kleinunternehmer gem. § 19 UStG)
• Impressum: https://autismus-adhs-alltag.de/rechtliches/etsy-impressum.html
• AGB: https://autismus-adhs-alltag.de/rechtliches/etsy-agb.html
• Datenschutz: https://autismus-adhs-alltag.de/rechtliches/etsy-datenschutz.html",10.84,EUR,999,"autismus_erstklässler,elternratgeber_schule,autismus_einschulung,schulstart_guide,nachteilsausgleich,autismus_schulwahl,inklusion_schule,schulstart_vorbereitung,autismus_eltern,förderplan_autismus,schulbegleitung,einschulung_autismus,autismus_schulstart",,https://i.etsystatic.com/64486107/r/il/3df866/7744523473/il_fullxfull.7744523473_cjkn.jpg,https://i.etsystatic.com/64486107/r/il/5720cf/7696577028/il_fullxfull.7696577028_g437.jpg,https://i.etsystatic.com/64486107/r/il/b3ea09/7744524229/il_fullxfull.7744524229_o8es.jpg,https://i.etsystatic.com/64486107/r/il/3446b4/7744524469/il_fullxfull.7744524469_l1jn.jpg,https://i.etsystatic.com/64486107/r/il/428597/7696577590/il_fullxfull.7696577590_qg4n.jpg,https://i.etsystatic.com/64486107/r/il/412525/7696577798/il_fullxfull.7696577798_3tdw.jpg,https://i.etsystatic.com/64486107/r/il/e005e8/7696577988/il_fullxfull.7696577988_149s.jpg,https://i.etsystatic.com/64486107/r/il/2d108e/7696578218/il_fullxfull.7696578218_thl0.jpg,https://i.etsystatic.com/64486107/r/il/a31bdb/7696578342/il_fullxfull.7696578342_mn6c.jpg,,,,,,,,,,,
"Nachteilsausgleich Paket ADHS Autismus - Fertige Anträge Checklisten Argumentationshilfen - Schule Studium Ausbildung PDF","Schule blockt ab. ""Wir kennen uns mit Nachteilsausgleich nicht aus."" ""Das steht nicht in unserem Schulgesetz."" ""Ihr Kind muss sich einfach mehr anstrengen.""

**Du recherchierst monatelang. Findest widersprüchliche Infos. Fühlst dich hilflos. Und dein Kind leidet jeden Tag mehr.**

Schluss damit! Dieses Komplett-Paket gibt dir ALLES, was du brauchst - rechtlich fundiert, sofort einsetzbar, von einer erfahrenen Grundschullehrerin entwickelt.

✅ **Was du bekommst:**

**📄 1 x DIGITALES WORKBOOK (HTML-Datei, 60+ Seiten):**
• Im Browser öffnen und direkt am PC ausfüllen
• Als PDF speichern oder ausdrucken
• Rechtliche Grundlagen verständlich erklärt
• Schritt-für-Schritt-Anleitungen
• Maßnahmen-Übersichten für ADHS & Autismus

**📝 8 x WORD-VORLAGEN ZUM AUSDRUCKEN:**

**1️⃣ Musterantrag Schule** (.docx)
Vollständiger Antrag für Grundschule & weiterführende Schulen

**2️⃣ Musterantrag Studium** (.docx)
Antrag für Hochschulen & Universitäten

**3️⃣ Musterantrag Ausbildung** (.docx)
Antrag für Kammern (IHK/HWK) - mit Frist-Warnungen!

**4️⃣ Checkliste ADHS** (.docx)
15 typische Nachteilsausgleiche bei ADHS zum Ankreuzen

**5️⃣ Checkliste Autismus** (.docx)
16 typische Nachteilsausgleiche bei Autismus zum Ankreuzen

**6️⃣ Gesprächsprotokoll** (.docx)
Protokollvorlage für wichtige Gespräche (CYA!)

**7️⃣ Verlaufsdokumentation** (.docx)
Timeline von Antrag bis Umsetzung

**8️⃣ Checkliste Vor Einreichen** (.docx)
12 kritische Punkte vor der Einreichung

📚 **IM WORKBOOK LERNST DU:**
• Was ist ein Nachteilsausgleich? (rechtliche Definition)
• Rechtliche Grundlagen (Grundgesetz, UN-BRK, SGB IX, Schulgesetze)
• Welche Maßnahmen gibt es? (ADHS: 15 Punkte | Autismus: 16 Punkte)
• Wie stelle ich einen Antrag? (Schritt-für-Schritt mit Beispielen)
• Was tun bei Ablehnung? (Widerspruch, Beschwerde, rechtliche Schritte)
• Häufige Fehler vermeiden (5 typische Stolperfallen)
• Bundesland-Besonderheiten (NRW, Bayern, BW, Hessen & weitere)
• Gesprächsführung mit Schulen (Protokollführung, Eskalationsstufen)

💬 **10 ARGUMENTATIONSHILFEN ENTHALTEN:**
Fertige Antworten auf typische Einwände:

❌ ""Ihr Kind muss sich einfach mehr anstrengen"" → ✅ Deine Antwort
❌ ""Wir haben keine Ressourcen dafür"" → ✅ Deine Antwort
❌ ""Das wäre unfair gegenüber anderen"" → ✅ Deine Antwort
❌ ""Das steht nicht in unserem Schulgesetz"" → ✅ Deine Antwort
❌ ""Ein Schwerbehindertenausweis ist erforderlich"" → ✅ Deine Antwort
... und 5 weitere!

✨ **BEISPIEL-MANAHMEN:**

**ADHS (15 Punkte):**
• Zeitverlängerung bei Klassenarbeiten
• Unterbrechungen für Bewegung
• Separate Prüfungsräume
• Nutzung von Hilfsmitteln (Fidget, Timer)
• Reduzierte Hausaufgabenmenge
• Mündliche statt schriftliche Prüfungen
• u.v.m.

**AUTISMUS (16 Punkte):**
• Rückzugsmöglichkeiten
• Lärmschutz (Kopfhörer)
• Visuelle Stundenpläne
• Konkrete Aufgabenstellungen
• Notfall-Signalkarte
• Keine Gruppenzwang-Aktivitäten
• u.v.m.

🎯 **Perfekt für:**
• Eltern von Kindern mit ADHS (Grundschule bis Berufsausbildung)
• Eltern autistischer Kinder
• Studierende mit ADHS/Autismus (für eigene Anträge)
• Auszubildende mit ADHS/Autismus
• Therapeut:innen, die Familien unterstützen

🚀 **SO NUTZT DU DAS PAKET:**
1. ZIP-Datei herunterladen & entpacken
2. HTML-Workbook öffnen (im Browser: Chrome, Firefox, Edge)
3. Durchlesen & passende Checkliste nutzen (ADHS oder Autismus)
4. Word-Vorlage auswählen (Schule/Studium/Ausbildung)
5. Ausfüllen, ausdrucken, einreichen
6. Bei Ablehnung: Argumentationshilfen nutzen

📥 **Das bekommst du:**
• 1 HTML-Workbook (60+ Seiten, interaktiv)
• 8 Word-Vorlagen (.docx)
• Sofortiger Download als ZIP
• Lebenslanger Zugriff
• Keine Abo-Falle
• **Leseprobe verfügbar:** https://autismus-adhs-alltag.de/leseproben/nachteilsausgleich-eltern-preview.html

💶 **Preis:** €27,99 (einmalig)

🔒 **Nutzungsrechte:** Privat | Keine kommerzielle Weitergabe

**Dein Kind hat Rechte. Du hast Rechte. Jetzt hast du auch die Werkzeuge, um sie durchzusetzen.**

---

**Rechtliche Hinweise:**
Verkäufer: Paul Rawe (Kleinunternehmer gem. § 19 UStG)
• Impressum: https://autismus-adhs-alltag.de/rechtliches/etsy-impressum.html
• AGB: https://autismus-adhs-alltag.de/rechtliches/etsy-agb.html
• Datenschutz: https://autismus-adhs-alltag.de/rechtliches/etsy-datenschutz.html",23.51,EUR,999,"sonderpädagogik,nachteilsausgleich_paket,eltern_ratgeber,ausbildung_autismus,studium_nachteilsausgleich,inklusion_schule,schulbegleitung,adhs_rechte,autismus_rechte,nachteilsausgleich_antrag,schule_antrag,adhs_autismus,nachteilsausgleich",,https://i.etsystatic.com/64486107/r/il/ffe805/7744491411/il_fullxfull.7744491411_f4bf.jpg,https://i.etsystatic.com/64486107/r/il/460889/7744491759/il_fullxfull.7744491759_57xj.jpg,https://i.etsystatic.com/64486107/r/il/009401/7744491941/il_fullxfull.7744491941_t31d.jpg,https://i.etsystatic.com/64486107/r/il/bc2779/7744492111/il_fullxfull.7744492111_gu2x.jpg,https://i.etsystatic.com/64486107/r/il/0ba566/7744492269/il_fullxfull.7744492269_tgk9.jpg,https://i.etsystatic.com/64486107/r/il/884da8/7744492429/il_fullxfull.7744492429_brvm.jpg,https://i.etsystatic.com/64486107/r/il/6a91fd/7696545846/il_fullxfull.7696545846_gruu.jpg,,,,,,,,,,,,,
"Autism Strengths Teacher Guide - Strength-Based Special Interests - Special Education Elementary School Neurodiversity Resources PDF","Your student only talks about trains. Won't participate in group work. Seems ""obsessed"" with specific topics. Traditional assessments see deficits, delays, disorders.

**But what if you're looking at it wrong?**

Autistic students have unique strengths—pattern recognition, detail focus, deep specialized knowledge, systematic thinking, honesty, loyalty. The medical model sees only what's ""wrong."" The neurodiversity model asks: what's different? And how can we harness that?

**This guide shows you how to discover, develop, and leverage autistic strengths instead of only focusing on deficits.**

✅ **What you'll learn:**
• **Common Autistic Strengths** - And how to identify them in your students
• **Special Interests as Superpowers** - Using trains/dinosaurs/space to teach everything
• **Detail-Oriented Thinking** - Perfect for editing, quality control, pattern recognition
• **Systematic & Logical Reasoning** - Natural fit for coding, math, science
• **Visual-Spatial Skills** - Art, design, spatial reasoning, visual learning
• **Honesty & Directness** - A strength when understood (not a social deficit)
• **Deep Focus & Persistence** - When interested, autistic students can hyperfocus for hours
• **Memory for Details** - Especially in areas of interest

💡 **The paradigm shift:**

""Can't work in groups"" → ""Works deeply and independently""
""Only talks about trains"" → ""Has expert-level knowledge of railway systems""
""Doesn't understand social cues"" → ""Communicates with refreshing honesty""

**Same child. Different lens. Everything changes.**

🎯 **Practical tools you get:**
• Strength identification worksheet (complete with each student)
• Special interest integration planning guide (use dinosaurs to teach math!)
• Social skills teaching templates (make hidden rules explicit)
• Strength-based IEP goal examples
• Peer appreciation activities (help classmates see strengths too)
• Project-based learning frameworks utilizing autism strengths
• Career pathways worksheet (many autistic adults thrive in specific fields)

**Not inspiration porn. Not toxic positivity. Honest, balanced, strength-based perspective.**

📚 **Neurodiversity-informed** - based on autism advocacy, adult autistic perspectives, and strength-based education research

📥 **What you download:**
• PDF guide (instant download after purchase)
• Print-optimized for US Letter size
• Strength identification templates
• Special interest integration planners
• Social skills teaching cards
• Project-based learning frameworks
• **Free preview available:** https://autismfamilyguide.com/preview/preview_autism_strengths.html

💵 **Price:** $7.99 (one-time purchase)

🔒 **Usage Rights:** Personal + School Use Allowed | No Commercial Resale

**Every deficit-focused assessment tells you what's wrong. This guide shows you what's right—and how to build on it.**

Autistic students don't need to be fixed. They need to be understood, supported, and given opportunities to shine.

---

**Legal Information:**
Seller: Paul Rawe (Small Business)
• Imprint/About: https://autismus-adhs-alltag.de/rechtliches/etsy-impressum.html
• Terms & Conditions: https://autismus-adhs-alltag.de/rechtliches/etsy-agb.html
• Privacy Policy: https://autismus-adhs-alltag.de/rechtliches/etsy-datenschutz.html",5.49,EUR,999,"neurodivergent_students,special_needs_teaching,autism_positive,teacher_resources,inclusive_classroom,autism_gifts,elementary_teacher,special_education,autism_teacher_guide,neurodiversity,special_interests,strength-based_teaching,autism_strengths",,https://i.etsystatic.com/64486107/r/il/c91316/7696473010/il_fullxfull.7696473010_kwgc.jpg,https://i.etsystatic.com/64486107/r/il/2c9ab8/7744420599/il_fullxfull.7744420599_9mgq.jpg,https://i.etsystatic.com/64486107/r/il/71009b/7696473572/il_fullxfull.7696473572_75fa.jpg,https://i.etsystatic.com/64486107/r/il/d50243/7744421085/il_fullxfull.7744421085_g8al.jpg,https://i.etsystatic.com/64486107/r/il/56b806/7696474036/il_fullxfull.7696474036_4cj4.jpg,https://i.etsystatic.com/64486107/r/il/434994/7744421451/il_fullxfull.7744421451_ohd3.jpg,https://i.etsystatic.com/64486107/r/il/91a48f/7744421691/il_fullxfull.7744421691_4dug.jpg,https://i.etsystatic.com/64486107/r/il/1e7e0b/7744422081/il_fullxfull.7744422081_oduo.jpg,https://i.etsystatic.com/64486107/r/il/3f4a62/7696475104/il_fullxfull.7696475104_jd95.jpg,,,,,,,,,,,
"Autism Meltdown Management Guide - Crisis Response Teacher First Aid - Special Education Elementary School Classroom Strategies PDF","An autistic student is on the floor, screaming, hands over ears. The other kids are staring. You're trying to figure out what happened and what to do. Every second feels like an eternity.

**This is a meltdown. And it's one of the most misunderstood phenomena in autism.**

A meltdown isn't a tantrum. It's not manipulation. It's not a choice. It's a nervous system overwhelmed to the point of complete shutdown—like a computer crashing when too many programs run simultaneously.

**And how you respond matters. A lot.**

**This guide gives you the emergency protocols and prevention strategies that actually work.**

✅ **What you'll master:**
• **Meltdown vs. Tantrum** - Critical difference (your response depends on this!)
• **The 3-Phase Model:** Rumble (warning signs), Rage (active meltdown), Recovery (aftermath)
• **What to do in EACH phase** - Specific interventions for each stage
• **Emergency Response Protocol** - Print and keep at your desk for crisis moments
• **Prevention Strategies** - 90% of meltdowns are preventable if you know the triggers
• **Common Triggers** - Sensory overload, transitions, changes, demands
• **Warning Signs Tracking** - Recognize patterns before escalation
• **Parent Communication** - How to discuss incidents without blame

💡 **The paradigm shift:**

A child having a tantrum can stop if they get what they want.
A child having a meltdown CANNOT stop—their nervous system is in crisis.

**Understanding this difference changes your entire response.**

🎯 **Emergency tools you get:**
• Meltdown response protocol (laminated card for your desk)
• 3-phase intervention guide (what to do in Rumble, Rage, Recovery)
• Trigger tracking worksheet
• Warning signs checklist
• Safe space setup guide
• Post-meltdown recovery protocols
• Parent communication templates (discuss incidents professionally)

**Emergency response expertise meets classroom reality.**

📚 **Evidence-based** - grounded in autism neuroscience and crisis intervention research

📥 **What you download:**
• PDF guide (instant download after purchase)
• Print-optimized for US Letter size
• Emergency protocol cards (laminate!)
• Trigger tracking sheets
• Warning signs checklists
• Recovery support templates
• **Free preview available:** https://autismfamilyguide.com/preview/preview_autism_meltdown.html

💵 **Price:** $7.99 (one-time purchase)

🔒 **Usage Rights:** Personal + School Use Allowed | No Commercial Resale

**Meltdowns are terrifying for everyone—especially the child experiencing them. The right response can prevent trauma. The wrong response can cause it.**

When every second counts, this guide gives you exactly what to do.

---

**Legal Information:**
Seller: Paul Rawe (Small Business)
• Imprint/About: https://autismus-adhs-alltag.de/rechtliches/etsy-impressum.html
• Terms & Conditions: https://autismus-adhs-alltag.de/rechtliches/etsy-agb.html
• Privacy Policy: https://autismus-adhs-alltag.de/rechtliches/etsy-datenschutz.html",5.49,EUR,999,"autism_first_aid,special_needs_teaching,meltdown_prevention,autism_support,teacher_resources,classroom_emergency,autism_crisis,elementary_teacher,special_education,autism_teacher_guide,meltdown_response,crisis_management,autism_meltdown",,https://i.etsystatic.com/64486107/r/il/09cfef/7744411207/il_fullxfull.7744411207_lgcu.jpg,https://i.etsystatic.com/64486107/r/il/705936/7744411445/il_fullxfull.7744411445_1j0l.jpg,https://i.etsystatic.com/64486107/r/il/da2f82/7744411611/il_fullxfull.7744411611_8lq0.jpg,https://i.etsystatic.com/64486107/r/il/12506e/7744411849/il_fullxfull.7744411849_827m.jpg,https://i.etsystatic.com/64486107/r/il/ffb754/7744412115/il_fullxfull.7744412115_n871.jpg,https://i.etsystatic.com/64486107/r/il/5fcfa1/7696465028/il_fullxfull.7696465028_2mc1.jpg,https://i.etsystatic.com/64486107/r/il/0f18ed/7696465342/il_fullxfull.7696465342_oh1a.jpg,https://i.etsystatic.com/64486107/r/il/50f1d2/7696465510/il_fullxfull.7696465510_ey5e.jpg,https://i.etsystatic.com/64486107/r/il/f46c1d/7696465670/il_fullxfull.7696465670_6nxp.jpg,,,,,,,,,,,
"Autism Structure Routines Guide - Visual Schedule Predictability - Special Education Elementary School Teacher Resource Classroom PDF","Surprise assembly. Substitute teacher. Fire drill you forgot to announce.

**For neurotypical students:** minor inconvenience.
**For autistic students:** system crash.

Autistic brains thrive on predictability. Not because they're ""rigid"" or ""inflexible""—because predictability creates the cognitive safety needed to learn, engage, and function.

**Unpredictability triggers anxiety. Anxiety triggers shutdown. Shutdown looks like behavior problems.**

But it's not behavior. It's a nervous system trying to survive when the world becomes unpredictable and overwhelming.

**This guide shows you how to create the structure and predictability autistic students need to thrive.**

✅ **What you'll create:**
• **Visual Daily Schedules** - That reduce anxiety by 60-70% (research-backed!)
• **Transition Preparation Systems** - The 5-2-1 warning framework
• **Predictable Routines** - Morning arrival, task starts, breaks, dismissal
• **Change Communication Protocols** - For substitute teachers, assemblies, field trips
• **Emergency Procedure Preparation** - Fire drills without meltdowns
• **Visual Timers & Countdown Systems** - Making time visible and concrete
• **Routine Maintenance Strategies** - Keeping consistency without rigidity

💡 **Why routine = safety:**

**WITH predictability:** ""I know what's coming → my brain can relax → I have energy for learning""
**WITHOUT predictability:** ""Constant uncertainty → survival mode activated → no capacity for learning""

**The difference is neurological, not behavioral.**

🎯 **Systems you'll implement:**
• Daily visual schedule (template included)
• 5-2-1 transition warnings (""5 minutes until cleanup, 2 minutes, 1 minute"")
• Morning routine checklist (laminate and place at each desk)
• Change announcement protocols (for unexpected schedule shifts)
• Visual timer systems
• Predictable classroom rituals

📚 **Research-backed** - based on autism neuroscience and anxiety reduction studies

📥 **What you download:**
• PDF guide (instant download after purchase)
• Print-optimized for US Letter size
• Visual daily schedule templates
• Symbol library for schedules
• Transition warning cards
• Morning routine checklists
• Change announcement templates
• **Free preview available:** https://autismfamilyguide.com/preview/preview_autism_structure.html

💵 **Price:** $7.99 (one-time purchase)

🔒 **Usage Rights:** Personal + School Use Allowed | No Commercial Resale

**Predictability isn't rigidity. It's the foundation that makes learning possible.**

When autistic students know what to expect, their brains can stop surviving and start thriving.

---

**Legal Information:**
Seller: Paul Rawe (Small Business)
• Imprint/About: https://autismus-adhs-alltag.de/rechtliches/etsy-impressum.html
• Terms & Conditions: https://autismus-adhs-alltag.de/rechtliches/etsy-agb.html
• Privacy Policy: https://autismus-adhs-alltag.de/rechtliches/etsy-datenschutz.html",5.49,EUR,999,"special_needs_teaching,visual_supports,autism_routines,teacher_resources,inclusive_classroom,autism_transitions,elementary_teacher,predictability,special_education,autism_teacher_guide,classroom_routines,visual_schedule,autism_structure",,https://i.etsystatic.com/64486107/r/il/83aa36/7696454318/il_fullxfull.7696454318_l2p4.jpg,https://i.etsystatic.com/64486107/r/il/24b256/7744401679/il_fullxfull.7744401679_isot.jpg,https://i.etsystatic.com/64486107/r/il/bdd452/7744401871/il_fullxfull.7744401871_jkbi.jpg,https://i.etsystatic.com/64486107/r/il/3e5271/7744402055/il_fullxfull.7744402055_1bmo.jpg,https://i.etsystatic.com/64486107/r/il/528730/7696455202/il_fullxfull.7696455202_k05n.jpg,https://i.etsystatic.com/64486107/r/il/d339be/7696455420/il_fullxfull.7696455420_s8qg.jpg,https://i.etsystatic.com/64486107/r/il/78f8be/7696455546/il_fullxfull.7696455546_ipb9.jpg,https://i.etsystatic.com/64486107/r/il/364a4c/7696455860/il_fullxfull.7696455860_2m0n.jpg,,,,,,,,,,,,
"Autism Communication Teacher Guide - Clear Language Literal Thinking - Special Education Elementary School Resource Strategies PDF","""Clean up.""

**Neurotypical students infer:** Put away materials, organize your desk, prepare for the next activity.

**Autistic students hear:** ""Clean up"" ... what? how? when am I done?

Most communication is implicit. We expect people to read between the lines, interpret tone, infer meaning from context.

**For autistic students, this is like trying to learn physics in a foreign language with half the words missing.**

They're not being difficult. They're not trying to frustrate you. They literally process language differently—their brains are wired to take language at face value.

**This guide teaches you how to communicate in ways autistic brains can actually receive.**

✅ **What you'll learn:**
• **Why Autistic Communication Works Differently** - Neurology, not defiance
• **The Golden Rule:** Say exactly what you mean. Mean exactly what you say.
• **Concrete vs. Vague Language** - Before/after examples for every classroom situation
• **Why Idioms & Metaphors Fail Spectacularly** - ""Pull yourself together"" = ???
• **Visual Communication Strategies** - When words aren't enough
• **Asking Questions That Get Answers** - Closed vs. open-ended questioning
• **Supporting Expressive Communication** - When speaking is hard
• **Processing Time** - The 5-10 second rule that changes everything

💡 **This isn't ""dumbing down."" It's clear, respectful communication that benefits everyone.**

When you say ""Get ready for lunch"" to a neurotypical child, they infer the steps. When you say it to an autistic child, they need: ""Put away your work, wash your hands, line up at the door.""

**Same goal. Different communication need.**

🎯 **Inside this guide:**
• Before/after language examples for 30+ common classroom situations
• Idiom translation guide (what you say vs. what they hear)
• Visual communication tools and schedule templates
• Question frameworks that reduce anxiety and confusion
• Supporting non-speaking or minimally verbal students
• Processing time strategies (the 5-10 second rule)
• Communication breakdown troubleshooting

📚 **Evidence-based** - rooted in autism communication research and speech-language pathology

📥 **What you download:**
• PDF guide (instant download after purchase)
• Print-optimized for US Letter size
• Communication card templates (printable!)
• Visual schedule templates
• Idiom translation reference sheet
• Processing time reminder cards
• **Free preview available:** https://autismfamilyguide.com/preview/preview_autism_communication.html

💵 **Price:** $7.99 (one-time purchase)

🔒 **Usage Rights:** Personal + School Use Allowed | No Commercial Resale

**Stop assuming they understand. Start being clear.**

The moment you shift from ""Why don't they get it?"" to ""How can I say this more clearly?""—everything changes for both of you.

---

**Legal Information:**
Seller: Paul Rawe (Small Business)
• Imprint/About: https://autismus-adhs-alltag.de/rechtliches/etsy-impressum.html
• Terms & Conditions: https://autismus-adhs-alltag.de/rechtliches/etsy-agb.html
• Privacy Policy: https://autismus-adhs-alltag.de/rechtliches/etsy-datenschutz.html",5.49,EUR,999,"special_needs_teaching,classroom_communication,autism_literal_language,teacher_resources,inclusive_classroom,communication_strategies,autism_strategies,elementary_teacher,special_education,autism_teacher_guide,literal_thinking,clear_language,autism_communication",,https://i.etsystatic.com/64486107/r/il/325540/7696445474/il_fullxfull.7696445474_2rgc.jpg,https://i.etsystatic.com/64486107/r/il/f56a91/7696445704/il_fullxfull.7696445704_295y.jpg,https://i.etsystatic.com/64486107/r/il/bd3860/7696445836/il_fullxfull.7696445836_p5ls.jpg,https://i.etsystatic.com/64486107/r/il/70a3e4/7744393077/il_fullxfull.7744393077_ck3q.jpg,https://i.etsystatic.com/64486107/r/il/058052/7744393309/il_fullxfull.7744393309_ohv3.jpg,https://i.etsystatic.com/64486107/r/il/f6f12b/7696446388/il_fullxfull.7696446388_shgv.jpg,https://i.etsystatic.com/64486107/r/il/c03500/7744393705/il_fullxfull.7744393705_5k10.jpg,https://i.etsystatic.com/64486107/r/il/25fae1/7744393887/il_fullxfull.7744393887_nwk5.jpg,,,,,,,,,,,,
"Autism Sensory Classroom Guide - Sensory Overload Teacher Resource - Special Education Elementary School Accommodations PDF","The fluorescent lights hum at 55 Hz. Twenty-five pencils scratch on paper. Chairs squeak. The clock ticks.

**You filter it out automatically. Your autistic student can't.**

95% of autistic people have sensory processing differences. When your autistic student covers their ears, melts down over clothing tags, or seems to ""overreact"" to normal classroom sounds—this isn't behavioral. It's neurological.

**Their brain receives every stimulus unfiltered. Simultaneously. Constantly.**

And you're expected to teach them in an environment designed for neurotypical sensory systems. That's like expecting someone to study for finals at a heavy metal concert.

**This guide shows you how to transform your classroom into a space where autistic students can actually learn—not just survive.**

✅ **What you'll discover:**
• **Why Autistic Brains Process Sensory Input Differently** - The neuroscience that changes everything
• **The 7 Senses** - Most people only know 5. The other 2 (proprioception & vestibular) are critical for autism
• **Acoustic Adaptations** - Reduce overwhelm without expensive soundproofing
• **Visual Modifications** - Stop fluorescent light torture (simple LED swap = game-changer)
• **Movement & Regulation Tools** - That help instead of punish
• **Sensory-Friendly Spaces** - Create calm zones within your existing classroom
• **Emergency Overload Protocols** - What to do when a student hits sensory meltdown

💡 **Small adjustments. Massive impact.**

Tennis balls under chair legs cost $2 per child and reduce noise dramatically. LED lights instead of fluorescent eliminate painful flickering. A quiet corner with dim lighting gives students a place to regulate before meltdown.

**None of this is expensive. All of it is evidence-based.**

🎯 **What you get:**
• Sensory profile template for each student
• Low-cost/no-cost classroom modification checklist ($50-80 total budget!)
• The 7 senses explained with classroom examples
• Regulation break space setup guide
• Emergency sensory overload response protocols
• Visual schedule templates for sensory breaks

📚 **Evidence-based** - grounded in sensory processing research and occupational therapy science

📥 **What you download:**
• PDF guide (instant download after purchase)
• Print-optimized for US Letter size
• Printable sensory profile templates
• Classroom modification checklists
• Regulation tool cards
• **Free preview available:** https://autismfamilyguide.com/preview/preview_autism_sensory.html

💵 **Price:** $7.99 (one-time purchase)

🔒 **Usage Rights:** Personal + School Use Allowed | No Commercial Resale

**Stop punishing sensory differences. Start accommodating them.**

When you understand that the child covering their ears isn't being difficult—they're protecting their nervous system from pain—everything changes.

---

**Legal Information:**
Seller: Paul Rawe (Small Business)
• Imprint/About: https://autismus-adhs-alltag.de/rechtliches/etsy-impressum.html
• Terms & Conditions: https://autismus-adhs-alltag.de/rechtliches/etsy-agb.html
• Privacy Policy: https://autismus-adhs-alltag.de/rechtliches/etsy-datenschutz.html",5.49,EUR,999,"classroom_adaptations,special_needs_teaching,autism_sensory,teacher_resources,inclusive_classroom,autism_accommodations,sensory_processing,elementary_teacher,autism_resources,special_education,sensory_overload,sensory_classroom",,https://i.etsystatic.com/64486107/r/il/37ecf8/7744381123/il_fullxfull.7744381123_n4r3.jpg,https://i.etsystatic.com/64486107/r/il/3aeb3d/7696434170/il_fullxfull.7696434170_b5az.jpg,https://i.etsystatic.com/64486107/r/il/532b79/7696434436/il_fullxfull.7696434436_j6ek.jpg,https://i.etsystatic.com/64486107/r/il/42ecb1/7744381889/il_fullxfull.7744381889_bwbc.jpg,https://i.etsystatic.com/64486107/r/il/b25cee/7744382131/il_fullxfull.7744382131_k1ia.jpg,https://i.etsystatic.com/64486107/r/il/addfe6/7744382333/il_fullxfull.7744382333_1znm.jpg,https://i.etsystatic.com/64486107/r/il/270a00/7696435278/il_fullxfull.7696435278_bdgj.jpg,,,,,,,,,,,,,
"ADHD Classroom Setup Guide - Seating Arrangement Elementary School - Physical Environment Special Education Teacher Resource PDF","You can have perfect lesson plans, brilliant teaching strategies, and amazing behavior management—and still struggle with ADHD students if your physical classroom isn't set up right.

**The environment matters. A lot.**

ADHD brains are more sensitive to environmental distractions, sensory input, and spatial organization. Small changes in how you arrange your classroom can dramatically reduce ADHD challenges.

**This guide shows you exactly how to set up a classroom where ADHD students can actually focus.**

✅ **What you'll learn:**
• **Strategic Seating Placement** - Where ADHD students succeed (and where they struggle)
• **Minimizing Visual Distractions** - Without making your room boring
• **Acoustic Management** - Reducing noise that derails focus (simple, low-cost solutions)
• **Movement-Friendly Zones** - Designated areas where fidgeting is welcome
• **Flexible Seating Options** - Wobble stools, standing desks, floor cushions that work
• **Organization Systems** - That ADHD students can actually maintain
• **Transition Spaces** - How to manage high-distraction areas (doorways, supply shelves)

💡 **Small adjustments. Massive impact.**

Tennis balls under chair legs ($2 per student) reduce scraping noise that drives ADHD students crazy. Strategic seating near the front but not in the ""spotlight"" reduces anxiety. A standing desk option gives movement without disruption.

🎯 **Classroom zones you'll create:**
• Low-distraction learning zones
• Regulation corners for overwhelm
• Movement-friendly areas
• Organized, visually clear storage
• Transition pathways that minimize chaos

📚 **Evidence-based design** - rooted in environmental psychology and ADHD research

📥 **What you download:**
• PDF guide (instant download after purchase)
• Print-optimized for US Letter size
• Classroom layout diagrams
• Seating arrangement templates
• Supply organization checklists
• Environmental audit worksheet
• Low-cost modification list
• **Free preview available:** https://autismfamilyguide.com/preview/preview_adhd_classroom_setup.html

💵 **Price:** $7.99 (one-time purchase)

🔒 **Usage Rights:** Personal + School Use Allowed | No Commercial Resale

**Your classroom setup is either helping ADHD students focus—or making it impossible. This guide ensures it's helping.**

---

**Legal Information:**
Seller: Paul Rawe (Small Business)
• Imprint/About: https://autismus-adhs-alltag.de/rechtliches/etsy-impressum.html
• Terms & Conditions: https://autismus-adhs-alltag.de/rechtliches/etsy-agb.html
• Privacy Policy: https://autismus-adhs-alltag.de/rechtliches/etsy-datenschutz.html",5.49,EUR,999,"classroom_organization,learning_environment,sensory_classroom,adhd_accommodation,teacher_resources,classroom_layout,flexible_seating,adhd_environment,elementary_teacher,special_education,classroom_design,seating_arrangement,adhd_classroom_setup",,https://i.etsystatic.com/64486107/r/il/7806dd/7696400052/il_fullxfull.7696400052_jpo3.jpg,https://i.etsystatic.com/64486107/r/il/5b6422/7696400430/il_fullxfull.7696400430_d42u.jpg,https://i.etsystatic.com/64486107/r/il/aa8768/7744347509/il_fullxfull.7744347509_qhvn.jpg,https://i.etsystatic.com/64486107/r/il/99637b/7696400776/il_fullxfull.7696400776_9c0p.jpg,https://i.etsystatic.com/64486107/r/il/63f90c/7696400910/il_fullxfull.7696400910_bqf4.jpg,https://i.etsystatic.com/64486107/r/il/43604a/7744347985/il_fullxfull.7744347985_kqsl.jpg,https://i.etsystatic.com/64486107/r/il/6ba129/7744348217/il_fullxfull.7744348217_gie5.jpg,https://i.etsystatic.com/64486107/r/il/a218bf/7696401482/il_fullxfull.7696401482_a91a.jpg,,,,,,,,,,,,
"ADHD Classroom Management Toolkit - Behavior Support Elementary School - Token Economy Special Education Teacher Resources PDF","Managing an ADHD student isn't the same as managing behavior.

Traditional behavior management assumes students can control impulses, remember rules, and think before acting. ADHD students can't—at least not consistently. Their brains literally work differently.

**So you need a different toolkit.**

This comprehensive guide gives you research-backed, classroom-tested management strategies designed specifically for ADHD challenges—not generic behavior plans that don't account for executive function differences.

✅ **What makes ADHD management different:**
• **Why Consequences Don't Work** - And what does (immediate, dopamine-driven feedback)
• **Proactive Prevention Systems** - Stop meltdowns before they happen
• **Managing Impulsivity** - Without constant redirection that exhausts everyone
• **Sensory Regulation Strategies** - Movement breaks, fidgets, flexible seating
• **Token Economy Systems** - That actually motivate ADHD brains (setup guide included!)
• **Visual Management Tools** - Schedules, timers, visual cues that work

💡 **Stop managing behavior. Start supporting regulation.**

**The shift from reactive to proactive changes everything.**

🎯 **Your complete toolkit includes:**
• Preventive classroom structure templates
• Token economy setup guide with ready-to-use point systems
• Regulation tools and sensory break strategies (printable cards)
• De-escalation protocols for meltdowns
• Positive reinforcement frameworks designed for ADHD
• Visual management tools and daily schedules

📚 **Research-backed** - based on executive function science and behavioral neuroscience

📥 **What you download:**
• PDF guide (instant download after purchase)
• Print-optimized for US Letter size
• Token economy templates (ready to laminate!)
• Behavior tracking sheets
• Visual schedule templates
• Regulation break cards
• De-escalation protocol poster
• **Free preview available:** https://autismfamilyguide.com/preview/preview_adhd_management.html

💵 **Price:** $7.99 (one-time purchase)

🔒 **Usage Rights:** Personal + School Use Allowed | No Commercial Resale

**Transform your classroom from reactive to proactive.**

You can't control ADHD. But you can create a classroom environment where ADHD students can succeed—and everyone else benefits too.

---

**Legal Information:**
Seller: Paul Rawe (Small Business)
• Imprint/About: https://autismus-adhs-alltag.de/rechtliches/etsy-impressum.html
• Terms & Conditions: https://autismus-adhs-alltag.de/rechtliches/etsy-agb.html
• Privacy Policy: https://autismus-adhs-alltag.de/rechtliches/etsy-datenschutz.html",5.49,EUR,999,"adhd_classroom_management,behavior_management,token_economy,classroom_toolkit,special_education,elementary_teacher,adhd_behavior,positive_reinforcement,classroom_structure,teacher_resources,adhd_regulation,executive_function,behavior_support",,https://i.etsystatic.com/64486107/r/il/0d4799/7696390658/il_fullxfull.7696390658_i4kp.jpg,https://i.etsystatic.com/64486107/r/il/dec6a5/7696390904/il_fullxfull.7696390904_pd0b.jpg,https://i.etsystatic.com/64486107/r/il/b69b8e/7744337825/il_fullxfull.7744337825_l7oy.jpg,https://i.etsystatic.com/64486107/r/il/b2b0bc/7744338063/il_fullxfull.7744338063_seuc.jpg,https://i.etsystatic.com/64486107/r/il/2741b8/7744338275/il_fullxfull.7744338275_2bej.jpg,https://i.etsystatic.com/64486107/r/il/442a95/7744338543/il_fullxfull.7744338543_4gsj.jpg,https://i.etsystatic.com/64486107/r/il/a3123f/7744338807/il_fullxfull.7744338807_8uvh.jpg,https://i.etsystatic.com/64486107/r/il/96ac37/7696392208/il_fullxfull.7696392208_epgj.jpg,,,,,,,,,,,,
"ADHD Teaching Strategies Guide - Motivation Methods Elementary School - Classroom Engagement Special Education Teacher Resource PDF","You can't teach a student who isn't engaged. And ADHD brains don't engage the way neurotypical brains do.

Traditional teaching methods—sit still, listen, follow along—are designed for brains that ADHD students don't have. That's not their fault. And it's not yours either.

**But it does mean you need different strategies.**

This guide shows you exactly how to teach ADHD students in ways that actually work—methods that harness their strengths instead of fighting against their neurology.

✅ **What you'll master:**
• **Why Traditional Motivation Fails** - And what actually works for ADHD brains (dopamine-driven reward systems)
• **Instruction Delivery Methods** - That break through inattention (the 3-step framework)
• **Breaking Down Complex Tasks** - Without oversimplifying or talking down to students
• **Using Hyperfocus as a Tool** - Not fighting it, but channeling it for learning
• **Time Blindness Solutions** - What it means for your classroom and how to accommodate it
• **Interest-Based Learning** - Connecting curriculum to what actually motivates ADHD students

💡 **These aren't accommodations that make things ""easier."" These are teaching methods that make learning possible.**

**There's a huge difference.**

🎯 **Why this approach works:**
ADHD students aren't unmotivated. They're unmotivated by traditional methods. Give them methods that match their brain, and watch what happens.

📚 **Evidence-based frameworks** - rooted in neuroscience and executive function research

📥 **Inside this guide:**
• PDF guide (instant download after purchase)
• Print-optimized for US Letter size
• Motivation strategies specific to ADHD
• Instruction delivery templates
• Task breakdown frameworks
• Interest integration lesson planning guide
• Hyperfocus channeling strategies
• **Free preview available:** https://autismfamilyguide.com/preview/preview_adhd_teaching.html

💵 **Price:** $7.99 (one-time purchase)

🔒 **Usage Rights:** Personal + School Use Allowed | No Commercial Resale

**Stop fighting the ADHD brain. Start teaching to it.**

---

**Legal Information:**
Seller: Paul Rawe (Small Business)
• Imprint/About: https://autismus-adhs-alltag.de/rechtliches/etsy-impressum.html
• Terms & Conditions: https://autismus-adhs-alltag.de/rechtliches/etsy-agb.html
• Privacy Policy: https://autismus-adhs-alltag.de/rechtliches/etsy-datenschutz.html",5.49,EUR,999,"adhd_education,neurodivergent_learning,teacher_guide,executive_function,adhd_students,teaching_techniques,adhd_instruction,elementary_teacher,special_education,classroom_engagement,adhd_methods,teacher_motivation,adhd_teaching_strategies",,https://i.etsystatic.com/64486107/r/il/708469/7744324075/il_fullxfull.7744324075_lenf.jpg,https://i.etsystatic.com/64486107/r/il/3a9b9b/7744324485/il_fullxfull.7744324485_6r9r.jpg,https://i.etsystatic.com/64486107/r/il/4f98f6/7744324679/il_fullxfull.7744324679_1fti.jpg,https://i.etsystatic.com/64486107/r/il/770a5c/7696378330/il_fullxfull.7696378330_jmlq.jpg,https://i.etsystatic.com/64486107/r/il/33ead1/7696378536/il_fullxfull.7696378536_kpfg.jpg,https://i.etsystatic.com/64486107/r/il/755f48/7696378716/il_fullxfull.7696378716_qth9.jpg,https://i.etsystatic.com/64486107/r/il/f55b9b/7696378946/il_fullxfull.7696378946_8fu6.jpg,https://i.etsystatic.com/64486107/r/il/66d2d2/7696379100/il_fullxfull.7696379100_u7nu.jpg,,,,,,,,,,,,
"ADHD Teacher Guide - Common Problems Immediate Solutions - Classroom Management Elementary School Special Education Resource PDF","ADHD Teacher Guide - Common Problems Immediate Solutions - Classroom Management Elementary School Special Education Resource PDF",5.49,EUR,999,"adhd_teacher_guide,classroom_management,special_education,adhd_strategies,elementary_teacher,teacher_resources,adhd_classroom,behavior_management,teaching_adhd,adhd_solutions,teacher_toolkit,adhd_interventions,special_needs_teaching",,https://i.etsystatic.com/64486107/r/il/7c376f/7744311277/il_fullxfull.7744311277_7mb0.jpg,https://i.etsystatic.com/64486107/r/il/b0c172/7696365130/il_fullxfull.7696365130_q13w.jpg,https://i.etsystatic.com/64486107/r/il/bba0ae/7744311889/il_fullxfull.7744311889_5egz.jpg,https://i.etsystatic.com/64486107/r/il/5639c4/7696365734/il_fullxfull.7696365734_blhf.jpg,https://i.etsystatic.com/64486107/r/il/7b94cb/7744312389/il_fullxfull.7744312389_6k1m.jpg,https://i.etsystatic.com/64486107/r/il/6c6cd4/7696366138/il_fullxfull.7696366138_635i.jpg,https://i.etsystatic.com/64486107/r/il/88975a/7744312799/il_fullxfull.7744312799_740e.jpg,,,,,,,,,,,,,
"Autismus Kommunikation Lehrer Guide - Klare Sprache Grundschule - Missverständnisse vermeiden Inklusionsklasse Ressource PDF","Du sagst: ""Könntest du das Fenster öffnen?"" - Dein autistischer Schüler denkt: ""Könnte ich? Ja, körperlich bin ich dazu in der Lage."" - und macht... nichts. Du bist frustriert. Er ist verwirrt. Was ist passiert?

**Die meiste Kommunikation läuft implizit - wir erwarten ""zwischen den Zeilen lesen"". Für autistische Kinder ist das wie eine Fremdsprache.**

Sie nehmen Sprache wörtlich. ""Da liegt der Hund begraben"" → Ein autistisches Kind denkt: ""Wo? Welcher Hund? Warum ist er begraben?"" (Und warum erzählst du mir das überhaupt?)

**Dieser Leitfaden macht aus Kommunikations-Rätselraten klare Verständigung.**

✅ **Was du lernst:**
• **Konkret statt abstrakt:** ""Setz dich auf deinen Stuhl"" statt ""Benimm dich""
• **Das 5-10 Sekunden Prinzip:** Verarbeitungszeit geben (nicht nachfragen nach 2 Sekunden!)
• **Augenkontakt richtig verstehen** (und NICHT erzwingen! Das ist kontraproduktiv)
• **Redewendungen vermeiden:** Liste mit 50+ problematischen Formulierungen + Übersetzungen
• **Visuelle Kommunikationskarten** (6 Vorlagen zum Ausdrucken)
• **Problematische Formulierungen & bessere Alternativen** - Übersetzungstabelle

💡 **Häufige Missverständnisse aufgedeckt:**

❌ **""Könntest du das Fenster öffnen?""** 
→ Autistisches Kind: ""Könnte ich? Ja."" [macht nichts]
✅ **""Öffne bitte das Fenster.""** 
→ Klar, direkt, wird gemacht.

❌ **""Wir fangen gleich an.""** 
→ Autistisches Kind: Was bedeutet ""gleich""? 30 Sekunden? 10 Minuten?
✅ **""In 2 Minuten fangen wir an.""** 
→ Konkret, klar, keine Verwirrung.

❌ **""Kannst du nicht zuhören?""** 
→ Autistisches Kind: ""Doch, ich kann zuhören."" [verwirrt]
✅ **""Hör mir bitte zu.""** 
→ Direkte Anweisung, funktioniert.

🎯 **Bonus-Material:**
• **Kommunikations-Checkliste** für den Alltag (laminieren & ans Pult!)
• **Problematische Formulierungen - Übersetzungstabelle** (ausdrucken!)
• **Visuelle Kommunikationskarten** (6 Vorlagen, laminierbar)
• **""5-10 Sekunden"" Erinnerungskarte** (ans Pult kleben!)
• **Redewendungen & Metaphern - Übersetzungsliste** (50+ Beispiele)

📖 **Wissenschaftlich fundiert** - sofort umsetzbar

📥 **Das bekommst du:**
• PDF-Datei (sofort nach Kauf herunterladen)
• Druckoptimiert für A4
• Ausdruckbare Vorlagen: Kommunikationskarten, Übersetzungstabelle, Checklisten
• **Leseprobe verfügbar:** https://autismus-adhs-alltag.de/leseproben/autismus-leseprobe_kommunikation.html

💶 **Preis:** €6,99 (einmalig)

🔒 **Nutzungsrechte:** Privat + Schulische Nutzung erlaubt | Keine kommerzielle Weitergabe

---

**Rechtliche Hinweise:**
Verkäufer: Paul Rawe (Kleinunternehmer gem. § 19 UStG)
• Impressum: https://autismus-adhs-alltag.de/rechtliches/etsy-impressum.html
• AGB: https://autismus-adhs-alltag.de/rechtliches/etsy-agb.html
• Datenschutz: https://autismus-adhs-alltag.de/rechtliches/etsy-datenschutz.html",5.87,EUR,999,"lehrer_ratgeber,förderschule,classroom_language,autism_literal_thinking,special_education,inklusionslehrkraft,clear_instructions,autism_communication,grundschule_inklusion,wörtliches_verstehen,autismus_lehrer,klare_sprache,autismus_kommunikation",,https://i.etsystatic.com/64486107/r/il/bf52ec/7743300187/il_fullxfull.7743300187_oj9b.jpg,https://i.etsystatic.com/64486107/r/il/d4d63f/7743300405/il_fullxfull.7743300405_59x3.jpg,https://i.etsystatic.com/64486107/r/il/d3c019/7743300587/il_fullxfull.7743300587_i4gc.jpg,https://i.etsystatic.com/64486107/r/il/3f62e6/7695356656/il_fullxfull.7695356656_bogs.jpg,https://i.etsystatic.com/64486107/r/il/557856/7695356928/il_fullxfull.7695356928_j7wv.jpg,,,,,,,,,,,,,,,
"Autismus Struktur Routinen Lehrer - Visueller Tagesplan Grundschule - Übergänge Classroom Management Inklusionsklasse PDF","Der Feueralarm geht los - und ein autistisches Kind bricht zusammen. Die Vertretungslehrerin kommt - Panik. Der Ausflug ist abgesagt - totale Überforderung. Du denkst: ""Das ist doch keine große Sache?""

**Für autistische Kinder sind unerwartete Veränderungen neurologisch überwältigend - wie ein Stromstoß durchs System.**

Für neurotypische Kinder sind Veränderungen manchmal unangenehm. Für autistische Kinder bedeuten sie: **""Mein ganzes Nervensystem ist im Alarm-Modus. Ich kann nicht lernen. Ich kann nur überleben.""**

**Dieser Leitfaden zeigt dir, wie du Sicherheit durch Vorhersagbarkeit schaffst.**

✅ **Was du bekommst:**
• **Visueller Tagesplan** - druckfertige Vorlage + umfangreiche Symbol-Sammlung
• **Das 5-2-1 Transitions-Prinzip:** Übergänge richtig ankündigen (5 Minuten, 2 Minuten, 1 Minute Warnung)
• **Konsistente Routinen etablieren:** Morgenritual, Stundenbeginn, Pausenende, Schulschluss
• **Veränderungen kommunizieren:** Vertretung, Ausflug, Feueralarm, Stundenplanänderung
• **Morgenroutine-Checkliste** (laminieren & am Platz auslegen)
• **Änderungs-Ankündigung Template** (für Tafel/Elternbrief)

💡 **Warum Routine = Sicherheit:**
**MIT Routine:** ""Ich weiß was kommt → mein Gehirn kann entspannen → ich habe Energie fürs Lernen""
**OHNE Routine:** ""Ständige Alarmbereitschaft → keine Energie für Lernen übrig → Meltdown wahrscheinlich""

🎯 **Sofort umsetzbar - 5-Tage-Implementierung:**
• **Tag 1:** Visuellen Tagesplan aufhängen (30 Min Vorbereitung)
• **Tag 2:** 5-2-1 Warnungen vor Übergängen einführen
• **Tag 3:** Morgenroutine-Checkliste am Platz auslegen
• **Tag 4:** Konsistente akustische/visuelle Signale etablieren
• **Tag 5:** Änderungen 1 Tag vorher ankündigen (wenn möglich)

👨‍🏫 **Wissenschaftlich belegt:** Vorhersagbarkeit reduziert Problemverhalten um bis zu 70%

📥 **Das bekommst du:**
• PDF-Datei (sofort nach Kauf herunterladen)
• Druckoptimiert für A4
• Ausdruckbare Vorlagen: Tagesplan, Symbol-Sammlung, Checklisten, Ankündigungs-Templates
• **Leseprobe verfügbar:** https://autismus-adhs-alltag.de/leseproben/autismus-leseprobe_struktur.html

💶 **Preis:** €6,99 (einmalig)

🔒 **Nutzungsrechte:** Privat + Schulische Nutzung erlaubt | Keine kommerzielle Weitergabe

---

**Rechtliche Hinweise:**
Verkäufer: Paul Rawe (Kleinunternehmer gem. § 19 UStG)
• Impressum: https://autismus-adhs-alltag.de/rechtliches/etsy-impressum.html
• AGB: https://autismus-adhs-alltag.de/rechtliches/etsy-agb.html
• Datenschutz: https://autismus-adhs-alltag.de/rechtliches/etsy-datenschutz.html",5.87,EUR,999,"förderschule,grundschule_material,autism_transitions,special_education,inklusionslehrkraft,classroom_routines,autism_classroom,visual_schedule,autismus_lehrer,übergänge_autismus,routinen_grundschule,visueller_tagesplan,autismus_struktur",,https://i.etsystatic.com/64486107/r/il/24dbcd/7695350132/il_fullxfull.7695350132_ccdh.jpg,https://i.etsystatic.com/64486107/r/il/084c75/7743294721/il_fullxfull.7743294721_qtch.jpg,https://i.etsystatic.com/64486107/r/il/8bfff8/7695350496/il_fullxfull.7695350496_p1rb.jpg,https://i.etsystatic.com/64486107/r/il/a62f1e/7695350612/il_fullxfull.7695350612_ws92.jpg,,,,,,,,,,,,,,,,
"Autismus Stärken fördern Lehrer Guide - Spezialinteressen nutzen Soziales Lernen - Grundschule Inklusionsklasse Ressource PDF","Dein Schüler redet NUR über Dinosaurier. Will nicht in Gruppen arbeiten. Wirkt sozial ""isoliert"". Das medizinische Modell sieht nur Defizite - aber was, wenn das der falsche Blickwinkel ist?

**Autistische Kinder haben einzigartige Stärken - du musst nur wissen, wie du sie findest.**

Dieser Leitfaden zeigt dir, wie du **Spezialinteressen als Superkraft** nutzt und soziale Regeln explizit machst (statt sie vorauszusetzen).

✅ **Was du bekommst:**
• **Typische autistische Stärken identifizieren & nutzen**
• **Detail-Fokus produktiv einsetzen:** Korrekturlesen, Sortieren, Qualitätskontrolle, Mustererkennung
• **Spezialinteressen integrieren:** Dinos in Mathe? JA! (Rechenaufgaben mit T-Rex funktionieren!)
• **Logisches Denken fördern:** Programmieren, Rätsel, Codes knacken
• **Soziale Regeln EXPLIZIT erklären** - das ""Hidden Curriculum"" aufdecken
• **Social Story Template** (kopierfertig!)
• **Freundschaften unterstützen:** Buddy-System, strukturierte Aktivitäten, gemeinsame Spezialinteressen

💡 **Paradigmenwechsel:**
""Kann nicht gut in Gruppen arbeiten"" → ""Arbeitet konzentriert und produktiv alleine""
""Redet nur über Dinos"" → ""Hat tiefes Expertenwissen über Dinosaurier - nutze das!""
""Versteht soziale Signale nicht"" → ""Braucht explizite Erklärungen - die kann ich geben""

**Dieser Perspektivwechsel verändert alles.**

🎯 **Praktische Tools:**
• **Stärken-Profil** (mit Kind gemeinsam ausfüllen!)
• **Spezialinteresse-Integration Plan** (für 1 Woche testen)
• **Social Story Vorlage** (""Wie geht's?"" - die am meisten missverstandene Frage!)
• **Gruppenarbeit-Rollen Karten** (ausdrucken & laminieren)
• **Freundschafts-Unterstützung Checkliste**


📚 **Wissenschaftlich fundiert** - aus der Neurodiversitäts-Perspektive

📥 **Das bekommst du:**
• PDF-Datei (sofort nach Kauf herunterladen)
• Druckoptimiert für A4
• Ausdruckbare Vorlagen: Stärken-Profil, Social Stories, Rollen-Karten
• **Leseprobe verfügbar:** https://autismus-adhs-alltag.de/leseproben/autismus-leseprobe_staerken.html

💶 **Preis:** €6,99 (einmalig)

🔒 **Nutzungsrechte:** Privat + Schulische Nutzung erlaubt | Keine kommerzielle Weitergabe

---

**Rechtliche Hinweise:**
Verkäufer: Paul Rawe (Kleinunternehmer gem. § 19 UStG)
• Impressum: https://autismus-adhs-alltag.de/rechtliches/etsy-impressum.html
• AGB: https://autismus-adhs-alltag.de/rechtliches/etsy-agb.html
• Datenschutz: https://autismus-adhs-alltag.de/rechtliches/etsy-datenschutz.html",5.87,EUR,999,"förderschule,inklusionslehrkraft,autism_social_learning,special_education,lehrer_materialien,social_skills_autism,grundschule_inklusion,neurodiversität,autismus_lehrer,autism_strengths,soziales_lernen,spezialinteressen,autismus_stärken",,https://i.etsystatic.com/64486107/r/il/7283b3/7695340748/il_fullxfull.7695340748_rnwo.jpg,https://i.etsystatic.com/64486107/r/il/198029/7743285137/il_fullxfull.7743285137_8xpc.jpg,https://i.etsystatic.com/64486107/r/il/adb6d3/7695341562/il_fullxfull.7695341562_qoc0.jpg,https://i.etsystatic.com/64486107/r/il/d648a5/7743285383/il_fullxfull.7743285383_rxvt.jpg,https://i.etsystatic.com/64486107/r/il/534d87/7743285959/il_fullxfull.7743285959_1av1.jpg,,,,,,,,,,,,,,,
"Autismus Sensorik Klassenzimmer - Sensorische Überlastung Lehrer Guide - Grundschule Inklusionsklasse Ressource Material PDF","Dein Schüler hält sich ständig die Ohren zu. Weigert sich, bestimmte Materialien anzufassen. Reagiert völlig über auf die Pausenklingel. Du denkst: ""Das ist doch nicht so laut?"" - Aber für ein autistisches Kind ist es wie ein Stromstoß durchs Nervensystem.

**95% aller autistischen Kinder haben sensorische Verarbeitungsunterschiede.**

Wenn dein Schüler ""schwierig"" ist, liegt die Ursache oft in **sensorischer Überlastung** - nicht in mangelnder Motivation oder Respektlosigkeit. Dieser Leitfaden zeigt dir, wie du mit minimalen Anpassungen maximale Wirkung erzielst.

✅ **Was du lernst:**
• **Die 7 Sinne bei Autismus verstehen** (nicht nur 5! Propriozeption + Vestibulär = Game-Changer)
• **Sofort umsetzbare Klassenraum-Anpassungen** - oft kostenlos oder unter 10€
• **Akustik-Lösungen:** Tennisbälle unter Stuhlbeinen, Kopfhörer, leise Hintergrundmusik
• **Visuelle Optimierung:** LED statt Neonröhren, natürliches Licht bevorzugen, Reizreduzierung
• **Taktile & Bewegungs-Strategien:** Fidgets, Sitzkissen, strukturierte Bewegungspausen
• **Warnsignal-Checkliste:** Überlastung früh erkennen (bevor es zum Meltdown kommt!)
• **Sensorik-Notfall-Kit** - 50-80€ Budget für die GANZE Klasse!

🎯 **Bonus-Material:**
• Ausdruckbare Symbol-Sammlung für Tagesplan
• Morgenroutine-Checkliste (laminierbar)
• Sensorik-Tagebuch (1 Woche führen = Muster erkennen!)
• ""Schnellstart diese Woche"": 5 Schritte, die sofort helfen

💡 **Der Unterschied:**
Ein Kind, das ständig die Hände über die Ohren hält, ist nicht ""dramatisch"" - es erlebt neurologische Schmerzen. Dieser Leitfaden gibt dir die wissenschaftliche Basis UND die praktischen Werkzeuge.


📄 **Wissenschaftlich fundiert** - mit 15+ Quellenangaben

📥 **Das bekommst du:**
• PDF-Datei (sofort nach Kauf herunterladen)
• Druckoptimiert für A4
• Ausdruckbare Vorlagen, Checklisten & Symbol-Sammlung
• **Leseprobe verfügbar:** https://autismus-adhs-alltag.de/leseproben/autismus-leseprobe_sensorik.html

💶 **Preis:** €6,99 (einmalig)

🔒 **Nutzungsrechte:** Privat + Schulische Nutzung erlaubt | Keine kommerzielle Weitergabe

---

**Rechtliche Hinweise:**
Verkäufer: Paul Rawe (Kleinunternehmer gem. § 19 UStG)
• Impressum: https://autismus-adhs-alltag.de/rechtliches/etsy-impressum.html
• AGB: https://autismus-adhs-alltag.de/rechtliches/etsy-agb.html
• Datenschutz: https://autismus-adhs-alltag.de/rechtliches/etsy-datenschutz.html",5.87,EUR,999,"autismus_sensorik,sensorische_überlastung,klassenzimmer_anpassung,autismus_lehrer,grundschule_inklusion,sensory_overload,autism_classroom,inklusionslehrkraft,förderschule,lehrer_materialien,special_education,autism_sensory_guide,classroom_management",,https://i.etsystatic.com/64486107/r/il/978c63/7743270461/il_fullxfull.7743270461_7lmw.jpg,https://i.etsystatic.com/64486107/r/il/deeeee/7743271005/il_fullxfull.7743271005_c31k.jpg,https://i.etsystatic.com/64486107/r/il/3e53ee/7743271231/il_fullxfull.7743271231_qadv.jpg,https://i.etsystatic.com/64486107/r/il/ff7d11/7743271431/il_fullxfull.7743271431_pxul.jpg,https://i.etsystatic.com/64486107/r/il/a751ff/7695327442/il_fullxfull.7695327442_hhm0.jpg,,,,,,,,,,,,,,,
"ADHS Klassenraum Setup | Optimale Sitzordnung | Raumgestaltung | Lehrer Ratgeber | Grundschule | Sofort Download | Deutsch","**""Wo soll ich das ADHS-Kind hinsetzen? Wie gestalte ich den Raum?"" Die Antwort: Der physische Raum kann 50% deiner Arbeit erleichtern oder erschweren.**

Ein ADHS-optimierter Klassenraum ist für ALLE Kinder besser. Klare Struktur, weniger Reize, durchdachte Sitzordnung – das profitiert die gesamte Klasse. Du machst nicht ""Sonderbehandlung"", sondern guten Unterricht.

**✨ Was du bekommst:**

✅ **Optimale Sitzordnung** – Konkrete Platzierung mit Begründung (wo genau, warum, Alternativen)
✅ **Arbeitsplatz reduzieren** – Nur-3-Stifte-Regel, Ablenkungen minimieren
✅ **Raumzonen schaffen** – Arbeitszone, Ruheecke, Bewegungszone, Materialzone (mit Beispiel-Layouts)
✅ **Reizreduktion** – Poster, Lautstärke, Durchgangsverkehr kontrollieren
✅ **Visuelle Strukturen** – Tagesplan, Farbcodierung, Symbole

**🎁 Bonus:**
- Beispiel-Sitzplan zum Ausfüllen
- Sitzplatz-Optimierungs-Checkliste
- Arbeitsplatz-Check für ADHS-Kinder
- Raumzonen-Plan zum Ausdrucken

**🎯 Für wen?**
Lehrer, die ihren Klassenraum ADHS-freundlich gestalten wollen – einmal richtig, dann läuft's.

**💡 Der Unterschied:**
Nicht nur ""vorne hinsetzen"". Sondern: Wissenschaftlich fundierte Raumpsychologie + Praxis-Erfahrung aus 100+ Unterrichtsstunden.

**📖 Kostenlos reinlesen:**
https://autismus-adhs-alltag.de/leseproben/leseprobe-adhs-klassenraum.html

**📥 Sofort-Download nach Kauf:**
- PDF-Datei
- Sitzplan-Vorlage zum Ausfüllen
- Checklisten zum Ausdrucken
- Raumzonen-Plan

**💰 Preis: €6,99**

**🔒 Rechtliches:**
- Nutzung für private und schulische Zwecke
- Keine Weitergabe oder Verkauf
- Copyright: Paul Rawe


Verkäufer: Paul Rawe (Kleinunternehmer gem. § 19 UStG)
• Impressum: https://autismus-adhs-alltag.de/rechtliches/etsy-impressum.html
• AGB: https://autismus-adhs-alltag.de/rechtliches/etsy-agb.html
• Datenschutz: https://autismus-adhs-alltag.de/rechtliches/etsy-datenschutz.html",5.87,EUR,999,"lehrmaterial,classroom_design,reizreduktion,sitzplan,adhs_kinder,lernumgebung,grundschule,raumgestaltung,lehrer_ratgeber,adhs_unterricht,classroom_setup,sitzordnung_adhs,klassenraum_gestaltung",,https://i.etsystatic.com/64486107/r/il/c64a94/7743151041/il_fullxfull.7743151041_e8lc.jpg,https://i.etsystatic.com/64486107/r/il/82382d/7695205584/il_fullxfull.7695205584_99f1.jpg,https://i.etsystatic.com/64486107/r/il/39c232/7695205760/il_fullxfull.7695205760_5tlm.jpg,https://i.etsystatic.com/64486107/r/il/f5883b/7695205916/il_fullxfull.7695205916_kuuh.jpg,https://i.etsystatic.com/64486107/r/il/7d2a79/7743150559/il_fullxfull.7743150559_93if.jpg,https://i.etsystatic.com/64486107/r/il/117b02/7743150691/il_fullxfull.7743150691_he2g.jpg,,,,,,,,,,,,,,
"ADHS Classroom Management Toolkit | Token-Systeme | Verhaltenssteuerung | Lehrer Ratgeber | Grundschule | Sofort Download","**Max rennt rum, Lisa vergisst Hausaufgaben, Ben ruft rein. Du fühlst dich wie ein Feuerwehrmann. ADHS-Kinder brauchen externe Struktur – weil interne fehlt.**

Positive Verstärkung > Strafen. Klare Routinen > tägliche Neuerfindung. Token-Systeme > vage Erwartungen.

**✨ Was du bekommst:**

✅ **Das 5:1-Prinzip der positiven Verstärkung** – Wissenschaftlich belegt effektiver als Strafen
✅ **Token-Systeme (2 ausdruckbare Vorlagen)** – Mit häufigen Fehlern die du vermeiden solltest
✅ **Tagesroutinen & Übergangs-Management** – Beispiel-Morgenroutine, Übergangs-Rituale
✅ **Regelplakate** – Visuell, kindgerecht, zum Ausdrucken (4 Regeln mit Symbolen)
✅ **Logische Konsequenzen statt Strafen** – CRISP-Modell für konsistente Konsequenzen
✅ **Tagesplan-Vorlage** – Visuell strukturiert für die ganze Klasse
✅ **Übergangs-Checkliste** – Für ADHS-Kinder am Tisch anbringen

**💡 Wissenschaftlich fundiert:**
Basierend auf Dr. Russell Barkley (ADHS-Standardwerk) & DuPaul/Stoner (ADHD in Schools)

**🎯 Für wen?**
Lehrer, die systematisches Classroom Management für ADHS aufbauen wollen – nicht jeden Tag neu improvisieren.

**📖 Kostenlos reinlesen:**
https://autismus-adhs-alltag.de/leseproben/leseprobe-adhs-classroom-management.html

**📥 Sofort-Download nach Kauf:**
- PDF-Datei mit allen Vorlagen
- Token-Karten zum Ausdrucken
- Regelplakate fertig gestaltet
- Tagesplan-Template

**💰 Preis: €6,99**

**🔒 Rechtliches:**
- Nutzung für private und schulische Zwecke
- Keine Weitergabe oder Verkauf
- Copyright: Paul Rawe

Verkäufer: Paul Rawe (Kleinunternehmer gem. § 19 UStG)
• Impressum: https://autismus-adhs-alltag.de/rechtliches/etsy-impressum.html
• AGB: https://autismus-adhs-alltag.de/rechtliches/etsy-agb.html
• Datenschutz: https://autismus-adhs-alltag.de/rechtliches/etsy-datenschutz.html",5.87,EUR,999,"classroom_management,adhs_toolkit,token_system,verhaltensmanagement,lehrer_ratgeber,adhs_unterricht,verstärkung,belohnungssystem,grundschule,klassenführung,positive_verstärkung,lehrmaterial,classroom_rules",,https://i.etsystatic.com/64486107/r/il/bcac5a/7743141151/il_fullxfull.7743141151_fi86.jpg,https://i.etsystatic.com/64486107/r/il/65b5b2/7743141413/il_fullxfull.7743141413_ls57.jpg,https://i.etsystatic.com/64486107/r/il/e64af4/7743141579/il_fullxfull.7743141579_rr8d.jpg,https://i.etsystatic.com/64486107/r/il/752611/7695197082/il_fullxfull.7695197082_tiqm.jpg,https://i.etsystatic.com/64486107/r/il/14c0cd/7743141829/il_fullxfull.7743141829_mupu.jpg,https://i.etsystatic.com/64486107/r/il/e9d8a4/7743141947/il_fullxfull.7743141947_3svy.jpg,,,,,,,,,,,,,,
"ADHS SOS Sofortlösungen | Typische Probleme im Unterricht | Lehrer Ratgeber | Grundschule | Sofort Download | Deutsch","**9:15 Uhr. Max rennt durch die Klasse. Lisa starrt seit 10 Minuten auf ihr leeres Blatt. Ben ruft zum 5. Mal rein. Du brauchst JETZT eine Lösung – keine Theorie!**

Kein theoretisches Buch. Sondern: Die 5 häufigsten ADHS-Probleme im Klassenzimmer mit konkreten Lösungen, die HEUTE funktionieren.

**✨ Was du bekommst:**

**Die 5 Probleme + Sofortlösungen:**

1️⃣ **""Kann nicht still sitzen""**
→ Sitzball, Lauf-Pässe, Wackelkissen, Bewegungsalternativen

2️⃣ **""Startet Aufgaben nicht""**
→ Erster Schritt gemeinsam, 2-Min-Regel, Chunking-Methode

3️⃣ **""Vergisst alles""**
→ Foto-Strategie, Backup-Material, Buddy-System, Farbcodierung

4️⃣ **""Übergangs-Chaos""**
→ 5-Min-Warnung, Ritual entwickeln, Timer nutzen, Aufgaben geben

5️⃣ **""Hausaufgaben-Katastrophe""**
→ Start in Schule, Elternkommunikation, reduzierte Menge

**✅ Plus: Quick-Reference-Karten** – Für deinen Schreibtisch zum Ausdrucken

**🎯 Für wen?**
Lehrer, die konkrete Lösungen brauchen, die HEUTE funktionieren – nicht nächste Woche.

**💡 Der Unterschied:**
Keine Theorie-Wüste. Jedes Problem hat 3-5 konkrete Strategien. Entwickelt von Praktikern für Praktiker.

**📖 Kostenlos reinlesen:**
https://autismus-adhs-alltag.de/leseproben/leseprobe-adhs-sos.html

**📥 Sofort-Download nach Kauf:**
- PDF-Datei
- Quick-Reference-Karten zum Ausdrucken
- Notfall-Plan zum Aushängen

**💰 Preis: €6,99**

**🔒 Rechtliches:**
- Nutzung für private und schulische Zwecke
- Keine Weitergabe oder Verkauf
- Copyright: Paul Rawe


Verkäufer: Paul Rawe (Kleinunternehmer gem. § 19 UStG)
• Impressum: https://autismus-adhs-alltag.de/rechtliches/etsy-impressum.html
• AGB: https://autismus-adhs-alltag.de/rechtliches/etsy-agb.html
• Datenschutz: https://autismus-adhs-alltag.de/rechtliches/etsy-datenschutz.html",5.87,EUR,999,"pädagogik_praxis,schnelle_hilfe,unterrichtsstörungen,verhaltensmanagement,lehrmaterial,notfall_strategien,adhs_kinder,grundschule,problemlösung,lehrer_ratgeber,adhs_unterricht,classroom_management",,https://i.etsystatic.com/64486107/r/il/c02331/7743127479/il_fullxfull.7743127479_dk0v.jpg,https://i.etsystatic.com/64486107/r/il/d66479/7695183158/il_fullxfull.7695183158_rxqe.jpg,https://i.etsystatic.com/64486107/r/il/359c24/7695183296/il_fullxfull.7695183296_p1vi.jpg,https://i.etsystatic.com/64486107/r/il/4c31d4/7743127875/il_fullxfull.7743127875_deuu.jpg,https://i.etsystatic.com/64486107/r/il/471b83/7695183542/il_fullxfull.7695183542_2dwk.jpg,https://i.etsystatic.com/64486107/r/il/f18d89/7695183678/il_fullxfull.7695183678_wwbq.jpg,,,,,,,,,,,,,,
"ADHS Elterngespräche Leitfaden | Konstruktive Kommunikation | Lehrer Ratgeber | Vorlagen | Sofort Download | Deutsch","**Du bereitest ein Elterngespräch vor. Die Eltern hatten schon hunderte negative Gespräche. Ein falsches Wort – und sie gehen in Abwehrhaltung. Dieser Leitfaden zeigt dir, wie du Gespräche führst, nach denen Eltern denken: ""Endlich versteht uns jemand.""**

Eltern von ADHS-Kindern sind erschöpft und defensiv. Sie erwarten Kritik. Deine erste Aufgabe: Zeigen, dass du auf ihrer Seite bist. Erst dann könnt ihr gemeinsam Lösungen finden.

**✨ Was du bekommst:**

✅ **Die Sandwich-Methode** – 5 Phasen für konstruktive Gespräche
✅ **Formulierungshilfen** – Was sagen, was vermeiden (mit Beispielen)
✅ **2 fertige Gesprächs-Skripte** – Zum Anpassen an deine Situation
✅ **Vorbereitungs-Checkliste** – Was VOR dem Gespräch sammeln
✅ **Dokumentations-Vorlage** – Rechtssicher & elternfreundlich
✅ **Umgang mit schwierigen Situationen** – Defensiv, überfordert, Diagnose-Leugnung
✅ **Stärken-basierter Ansatz** – Wie du positive Eröffnungen findest

**🎯 Für wen?**
Lehrer, die professionelle, wertschätzende Elterngespräche führen wollen – ohne Drama, mit Ergebnissen.

**📖 Kostenlos reinlesen:**
https://autismus-adhs-alltag.de/leseproben/adhs-leseprobe-elterngespraeche.html

**📥 Sofort-Download nach Kauf:**
- PDF-Datei mit ausdruckbaren Vorlagen
- Gesprächs-Protokoll zum Ausfüllen
- Formulierungshilfen als Checkliste

**💰 Preis: €6,99**

**🔒 Rechtliches:**
- Nutzung für private und schulische Zwecke
- Keine Weitergabe oder Verkauf
- Copyright: Paul & Katharina Rawe


Verkäufer: Paul Rawe (Kleinunternehmer gem. § 19 UStG)
• Impressum: https://autismus-adhs-alltag.de/rechtliches/etsy-impressum.html
• AGB: https://autismus-adhs-alltag.de/rechtliches/etsy-agb.html
• Datenschutz: https://autismus-adhs-alltag.de/rechtliches/etsy-datenschutz.html",5.87,EUR,999,"classroom_management,pädagogik,elternberatung,lehrmaterial,grundschule,kommunikation,adhs_kinder,schule_eltern,gesprächsführung,lehrer_ratgeber,elternarbeit,adhs_lehrer,elterngespräche",,https://i.etsystatic.com/64486107/r/il/5cf3d7/7741628441/il_fullxfull.7741628441_tcns.jpg,https://i.etsystatic.com/64486107/r/il/aa689c/7693680308/il_fullxfull.7693680308_c7ux.jpg,https://i.etsystatic.com/64486107/r/il/a411de/7693680484/il_fullxfull.7693680484_snmx.jpg,https://i.etsystatic.com/64486107/r/il/3bdb44/7741629025/il_fullxfull.7741629025_pdvk.jpg,https://i.etsystatic.com/64486107/r/il/466886/7741629191/il_fullxfull.7741629191_i2pf.jpg,https://i.etsystatic.com/64486107/r/il/a5eab5/7693681046/il_fullxfull.7693681046_ocq7.jpg,https://i.etsystatic.com/64486107/r/il/52d359/7741629665/il_fullxfull.7741629665_dsvx.jpg,,,,,,,,,,,,,
"ADHS Lehrer-Ratgeber: ADHS-Unterricht gestalten - Motivation und Methoden","Produktbeschreibung

**Max zappelt, Lisa starrt ins Leere, Ben ruft rein – kennst du das? Dieser Ratgeber zeigt dir, wie du mit gezielten Methoden ALLE Kinder erreichst.**

Du fragst dich: ""Muss ich jetzt alles anders machen?"" Die Antwort: Nein! Ein paar gezielte Anpassungen machen deinen Unterricht für ALLE Kinder besser – nicht nur für Max.

**✨ Was du bekommst:**

✅ **Das 5:1-Prinzip der Motivation** – Wie du ADHS-Gehirne ""anschaltest""
✅ **Kommunikations-Techniken** – Anweisungen die wirklich ankommen
✅ **20+ Bewegungspausen** – Fertig zum Umsetzen (2-3 Min)
✅ **ADHS-optimierte 45-Min-Stundenstruktur** – Mit Zeitplan
✅ **Bewegtes Lernen** – Mathe, Deutsch & Sachkunde mit Bewegung kombiniert
✅ **7-Tage-Aktionsplan** – Für den Schnellstart
✅ **Ausdruckbare Vorlagen** – Stundenplan-Template, Aufgaben-Checklisten

**🎯 Für wen?**
Grundschullehrer mit ADHS-Kindern in der Klasse, die praktische Lösungen statt Theorie suchen.

**💡 Der Unterschied:**
Dieser Ratgeber wurde von einer Grundschullehrerin mit Autismus-Spezialisierung UND einem ehemaligen Stationsleiter aus der Intensivpflege entwickelt. Beide sind Eltern eines Kindes mit Autismus + ADHS. Das bedeutet: Praxiserprobt, wissenschaftlich fundiert, sofort umsetzbar.

**📖 Kostenlos reinlesen:**
https://autismus-adhs-alltag.de/leseproben/leseprobe-adhs-unterricht-gestalten.html

**📥 Sofort-Download nach Kauf:**
- PDF-Datei
- Optimiert für Ausdruck und digitale Nutzung
- Kein Versand, keine Wartezeit

**💰 Preis: €6,99**

**🔒 Rechtliches:**
- Nutzung für private und schulische Zwecke
- Keine Weitergabe oder Verkauf
- Copyright: Paul Rawe


Verkäufer: Paul Rawe (Kleinunternehmer gem. § 19 UStG)
• Impressum: https://autismus-adhs-alltag.de/rechtliches/etsy-impressum.html
• AGB: https://autismus-adhs-alltag.de/rechtliches/etsy-agb.html
• Datenschutz: https://autismus-adhs-alltag.de/rechtliches/etsy-datenschutz.html",5.87,EUR,999,"adhs_unterricht,lehrer_ratgeber,grundschule_adhs,unterrichtsmethoden,klassenmanagement,adhs_kinder,lehrmaterial,motivation_schüler,bewegungspausen,unterrichtsplanung,inklusiver_unterricht,adhd_teaching,pädagogik_ratgeber",,https://i.etsystatic.com/64486107/r/il/e95cd0/7693625496/il_fullxfull.7693625496_pmwy.jpg,https://i.etsystatic.com/64486107/r/il/617dc3/7741526403/il_fullxfull.7741526403_mkr6.jpg,https://i.etsystatic.com/64486107/r/il/5e68e2/7741526397/il_fullxfull.7741526397_79pl.jpg,https://i.etsystatic.com/64486107/r/il/b716fe/7741526405/il_fullxfull.7741526405_5rm7.jpg,https://i.etsystatic.com/64486107/r/il/c288b0/7693579132/il_fullxfull.7693579132_c700.jpg,https://i.etsystatic.com/64486107/r/il/03c6a1/7741526413/il_fullxfull.7741526413_csun.jpg,,,,,,,,,,,,,,
"Verliebt sein Kinder – Vorlesegeschichte + Ratgeber PDF | Neurodivers Gefühle begleiten | Lernolotl Spezial","„Du musst keine perfekte Antwort haben. Du musst nur da sein — und zuhören.""

Dein Kind schläft nicht mehr. Dreht sich im Bett. Denkt an jemanden aus der Klasse, den ganzen Tag.

Du merkst: Das ist kein normales Kribbeln. Das ist intensiv, überwältigend, manchmal erschöpfend — typisch für neurodiverse Kinder.

Dieser Ratgeber gibt dir die Worte — und das Verständnis, dieses Gespräch zu führen.

——————————————————————
WAS IST IM RATGEBER ENTHALTEN?
——————————————————————
✦ Vorlesegeschichte (3 Seiten) — „Als Lena nicht mehr schlafen konnte"": Lena, 8 Jahre, und eine Mutter, die zuhört. ~1000 Wörter, zum gemeinsamen Lesen
✦ Warum Verliebtheit bei neurodiversen Kindern anders ist — empathischer Fachinput, kein Psychologiebuch
✦ Was neurodiverse Kinder wirklich erleben — Intensität, Fixierung, soziale Verwirrung
✦ Altersgerechte Begleitung: 6–7 Jahre · 8–9 Jahre · 10+ — je mit Musterformulierung
✦ Sätze zum Vorlesen — 8 Situationen, wörtlich übernehmen: „Ich kann nicht schlafen"", „Was wenn sie mich nicht mag?"", „Warum denke ich die ganze Zeit daran?""
✦ Kinderfragen & Antworten — die 6 Fragen, die Kinder wirklich stellen
✦ Was du vermeiden solltest — 4 häufige Fehler (ohne Vorwurf) mit besseren Alternativen
✦ Gesprächsleitfaden nach dem Vorlesen — 8 Gesprächsstarter, die das Kind einladen ohne zu drängen
✦ Wenn es wehtut: Zurückweisung & Einsamkeit — was normal ist, wann mehr Hilfe sinnvoll ist
✦ Soziale Kompetenz aufbauen — langfristige Begleitung für neurodiverse Kinder

——————————————————————
FÜR WEN IST DIESER RATGEBER?
——————————————————————
✔ Eltern neurodiverser Kinder (ADHS, Autismus), die merken: Verliebtheit ist bei meinem Kind anders
✔ Fachkräfte (Lehrkräfte, Erzieherinnen), die Kinder mit intensiven Gefühlen begleiten
✔ Alle Erwachsenen, die einem Kind helfen wollen — ohne das Gefühl kleiner zu machen

——————————————————————
FORMAT
——————————————————————
↓ Sofort-Download · PDF · 13 Seiten · A4
↓ Zuhause auf normalem Drucker ausdrucken
↓ Einzelseiten können laminiert werden (z.B. die Sätze-Seite)

Entwickelt von einer Grundschullehrerin mit Inklusionserfahrung und einem ICU-Krankenpfleger, der täglich mit intensiven Emotionen arbeitet.

© NeuroTeacherTools · lernolotl.de · Nur für privaten und pädagogischen Gebrauch",4.2,EUR,999,"Lernolotl,Vorlesegeschichte_PDF,Kinder_Ratgeber,Neurodiversität_Kind,Grundschule_Inklusion,Verliebt_sein_Kind,Gefühle_ADHS_Kinder,Erstes_Verlieben,Begleitgeschichte_deutsch,Neurodivers_Gefühle,Autismus_Gefühle,Erzieherinnen_Material,Emotionen_Kinder",,https://i.etsystatic.com/64486107/r/il/2fb2bd/8160617853/il_fullxfull.8160617853_okct.jpg,https://i.etsystatic.com/64486107/r/il/d1b7ae/8112707794/il_fullxfull.8112707794_fsme.jpg,https://i.etsystatic.com/64486107/r/il/baf013/8112707800/il_fullxfull.8112707800_orbn.jpg,https://i.etsystatic.com/64486107/r/il/b4a181/8160617845/il_fullxfull.8160617845_2jsx.jpg,,,,,,,,,,,,,,,,
"Familienspiele Geburtstag PDF – Lernolotl Spielezeit | 20 kooperative Festspiele für alle Generationen ab 1 Jahr Weihnachten Spieleabend","🎉 Lernolotl macht das Familienfest unvergesslich — 20 kooperative Spiele für alle Generationen, von 1 bis 99

Was fehlt auf jedem Fest, wenn die erste Aufregung vorbei ist?

Eine Idee. Dieser Moment, in dem alle zusammen etwas tun — nicht nebeneinander, sondern miteinander.

Dieses Heft hat 20 davon. Einfach aufschlagen und losspielen.

---

FÜR WEN IST DIESES HEFT?

✔ Für Familien, die ihren Geburtstagen, Weihnachtsfesten und Spieleabenden etwas Besonderes geben wollen
✔ Für alle Generationen — von Kleinkind (ab 1 Jahr) bis Oma und Opa (bis 99!)
✔ Für Familien mit neurodivergenten Kindern, die auf Festen klare Strukturen und vorhersehbare Spiele brauchen
✔ Für alle, die nach einem Spiel suchen, das kein Verlierer kennt und keine Vorbereitung braucht

---

20 SPIELE — FÜR GEBURTSTAGE, WEIHNACHTEN, OSTERN UND JEDEN SPIELEABEND

Wertschätzung & Verbundenheit:
💜 Komplimente-Kette · Geburtstagsstuhl · Dankesrunde · Zeitkapsel-Spiel

Lachen & Bewegung:
🎭 Pantomime-Staffel · Menschliche Maschine · Menschliches Knäuel · Ballonrennen · Stiller Jubel-Wettbewerb · Familien-Festtanz

Kennenlernen & Staunen:
🌟 Generationen-Quiz · Zwei Wahrheiten, eine Lüge · Familien-Talentshow · Unsere Familiengeschichte

Gemeinsam spielen & fantasieren:
🎪 Wer bin ich? — Festvariante · Wunschkonzert · Familienorchester · Ich packe meinen Festkoffer · Das Traumfest planen · Kooperative Skulptur

---

DAS EINZIGE SPIELEHEFT VON 1 BIS 99

Alle 20 Spiele sind generationsübergreifend konzipiert — das Kleinkind und die Großeltern spielen wirklich zusammen, nicht nur nebeneinander. Beim Generationen-Quiz ist das Wissen der Oma genauso wertvoll wie das Minecraft-Know-how des Enkels. Beim Familienorchester dirigiert das Kind die ganze Familie. Beim Geburtstagsstuhl bekommt jeder Ehrengast seinen Moment.

Das ist kein Kinderspiel mit Erwachsenen als Begleiter. Es ist ein Familienspiel, das jede Generation wirklich braucht.

---

BESONDERS FÜR BESONDERE MOMENTE

Drei Spiele in diesem Heft sind explizit für emotionale Tiefe konzipiert:

→ Komplimente-Kette: Jeder geht mit einem echten, persönlichen Kompliment nach Hause
→ Dankesrunde: Ein würdiger Abschluss für jedes Fest — auch das allerkleinste
→ Zeitkapsel-Spiel: Wünsche aussprechen, gemeinsam bezeugen, beim nächsten Fest nachfragen

Diese Spiele brauchen keine Vorbereitung — aber sie hinterlassen Erinnerungen.

---

AUCH GEEIGNET FÜR NEURODIVERGENTE KINDER AUF FESTEN

Familienfeste sind für viele Kinder mit Autismus oder ADHS eine besondere Herausforderung: viele Menschen, Geräusche, unklare Abläufe. Dieses Heft gibt dem Fest eine Struktur mitten in der Feier: Wir spielen jetzt das, hier sind die 4 Schritte, alle machen mit. Besonders ruhigere Spiele wie Komplimente-Kette oder Dankesrunde bieten einen Rückzugspunkt ohne das Fest zu verlassen. Das Heft kann auch in inklusiven Gruppenaktivitäten oder Fördersettings eingesetzt werden.

---

WAS DU BEKOMMST:
- 1 druckfertige PDF-Datei (A4, 22 Seiten)
- Deckblatt · Einleitungsseite mit Nutzungshinweis
- 20 vollständig illustrierte Spielkarten
- Sofort nach dem Kauf als Download verfügbar
- Ohne Wasserzeichen
- Für den persönlichen oder pädagogischen Gebrauch

NUTZUNGSHINWEIS: Ausschließlich für persönlichen und pädagogischen Gebrauch. Keine Weitergabe oder Weiterverkauf.

Über Lernolotl: Lernolotl ist ein kindgerechter Lernbegleiter, entwickelt von einer Grundschullehrerin mit inklusiver Praxis und einem Intensivpflegekraft-Vater — aus echter Familienerfahrung und pädagogischer Expertise. Alle Materialien entstehen mit Herzblut und dem Ziel, Kinder wirklich zu stärken — nicht zu belasten.

Auch erhältlich: Heft 1 (Badewanne), Heft 2 (Drinnen), Heft 3 (Draußen), Heft 4 (Reise & Warten).
Als Komplettpaket alle 5 Hefte zusammen — ideal als Geschenk für Familien!
Weitere Materialien, Begleitgeschichten und kostenlose Downloads findest du auf lernolotl.de",3.35,EUR,999,"Familienspiele_Geburtstag_PDF,Weihnachtsspiele_Familie,Kooperative_Festspiele_Kind,Spieleabend_Familie_PDF,Mehrgenerationen_Spiele,Geburtstag_Spielideen_Kind,Autismus_Festspiele,Geschenkidee_Familie_Spiel,Lernolotl,Spielkarten_Fest_Familie,ADHS_Kind_Familienspiel,Oma_Opa_Enkel_Spiele,Familienspiele_alle",,https://i.etsystatic.com/64486107/r/il/b621b1/8096776290/il_fullxfull.8096776290_6mon.jpg,https://i.etsystatic.com/64486107/r/il/408e90/8096776894/il_fullxfull.8096776894_hekh.jpg,https://i.etsystatic.com/64486107/r/il/baf7eb/8096776956/il_fullxfull.8096776956_jy1x.jpg,https://i.etsystatic.com/64486107/r/il/9bf4df/8096777008/il_fullxfull.8096777008_dzts.jpg,https://i.etsystatic.com/64486107/r/il/a5de5c/8096776998/il_fullxfull.8096776998_9rh8.jpg,,,,,,,,,,,,,,,
"Reisespiele Kleinkind PDF – Lernolotl Spielezeit | 20 kooperative Spiele für Auto Zug Flugzeug ab 1 Jahr Urlaub Warten Familie","🚗 Lernolotl macht das Warten zum Abenteuer — 20 kooperative Spiele für Auto, Zug, Flugzeug und Wartezimmer

„Sind wir bald da?""

Kein Elternteil kennt diese Frage nicht. Dieses Heft ändert das. Ab heute.

20 kooperative Spielkarten für unterwegs — kein Gewinner, kein Verlierer, alle spielen zusammen. Für Kinder ab 1 Jahr. Nur Hände, Köpfe und Fantasie — nichts einpacken nötig.

---

FÜR WEN IST DIESES HEFT?

✔ Für Familien mit Kindern ab 1 Jahr, die lange Autofahrten, Zugfahrten oder Flüge entspannt überstehen möchten
✔ Für Kleinkinder und Vorschulkinder im Wartezimmer, Café oder Restaurant
✔ Für Kinder mit Autismus oder ADHS, die in Wartemomenten klare Spielstrukturen brauchen
✔ Für alle, die ein einziges Heft im Rucksack wollen, das überall funktioniert — ohne Material, ohne Vorbereitung

---

20 SPIELE — NICHTS EINPACKEN NÖTIG

Beobachten & Raten:
👁 Ich sehe was, was du nicht siehst · 20 Fragen · Fenster-Bingo · Gleich oder anders?

Erzählen & Fantasieren:
💬 Fingergeschichten · Kettengeschichte · Wir bauen eine Stadt · Wenn ich König wäre… · Superheld:in erfinden · Drei Wünsche

Sprache & Denken:
🔤 Alphabet-Reise · Wortturm

Hände & Körper:
✋ Hand-Schere-Stein Variationen · Handspiegel 🔇 · Rücken-Malen 🔇

Rhythmus & Stille:
🎵 Ohrwurm erraten 🔇 · Zahlen klopfen 🔇 · Zählen ohne Zahlen 🔇 · Stimmen raten 🔇

Ankommen & Innehalten:
🌬 Atemreise 🔇

---

🔇 LEISE-SPIELE — SPEZIELL FÜR STILLE UMGEBUNGEN

Dieses Heft hat als einziges der Spielezeit-Serie ein Leise-Symbol (🔇): Sechs Spiele (Rücken-Malen, Handspiegel, Zahlen klopfen, Ohrwurm erraten, Zählen ohne Zahlen, Stimmen raten, Atemreise) funktionieren völlig lautlos — ideal für Flugzeug, Wartezimmer, Schlafabteil oder leise Restaurants. Das Symbol auf jeder Spielseite zeigt sofort: dieses Spiel geht hier.

---

WAS MACHT DIESES HEFT BESONDERS?

Jede Spielseite enthält:
→ Ein professionell illustriertes Bild mit Lernolotl, dem kawaii Axolotl mit der runden Brille
→ Eine klare Schritt-für-Schritt-Anleitung — sofort spielbereit
→ Icons auf einen Blick: Ab welchem Alter · Mitspieler-Anzahl · Material · Dauer
→ Einen „Warum dieses Spiel?""-Hinweis — die pädagogische Erklärung für Neugierige

Alle Spiele sind kooperativ — kein Kind verliert, alle gewinnen zusammen.
Kein einziges Spiel braucht externes Material. Nur Hände, Stimmen und Köpfe.

---

BESONDERS GEEIGNET FÜR NEURODIVERGENTE KINDER

Warten ist für viele Kinder mit Autismus oder ADHS eine der schwierigsten Situationen überhaupt — zu viele unkontrollierbare Reize, keine klare Aufgabe, keine vorhersehbare Dauer. Dieses Heft gibt dem Warten eine Struktur: Wir spielen jetzt „Rücken-Malen"", das geht in 5 Minuten, hier sind die 4 Schritte. Die Leise-Spiele sind dabei besonders wertvoll: Sie funktionieren in reizarmen Settings und geben gleichzeitig Fokus und Gemeinschaft. Das Heft eignet sich auch für Frühförderung und begleitetes Warten in Therapiesettings.

---

WAS DU BEKOMMST:
- 1 druckfertige PDF-Datei (A4, 22 Seiten)
- Deckblatt · Einleitungsseite mit Leise-Symbol-Erklärung
- 20 vollständig illustrierte Spielkarten
- Sofort nach dem Kauf als Download verfügbar
- Ohne Wasserzeichen
- Für den persönlichen oder pädagogischen Gebrauch

NUTZUNGSHINWEIS: Ausschließlich für persönlichen und pädagogischen Gebrauch. Keine Weitergabe oder Weiterverkauf.

Über Lernolotl: Lernolotl ist ein kindgerechter Lernbegleiter, entwickelt von einer Grundschullehrerin mit inklusiver Praxis und einem Intensivpflegekraft-Vater — aus echter Familienerfahrung und pädagogischer Expertise. Alle Materialien entstehen mit Herzblut und dem Ziel, Kinder wirklich zu stärken — nicht zu belasten.

Auch erhältlich: Heft 1 (Badewanne), Heft 2 (Drinnen), Heft 3 (Draußen).
Weitere Materialien, Begleitgeschichten und kostenlose Downloads findest du auf lernolotl.de",3.35,EUR,999,"Reisespiele_Kinder_PDF,Autospiele_Kleinkind,Spiele_Unterwegs_Familie,Kooperative_Spiele_Reise,Wartezimmer_Spiele_Kind,Leise_Spiele_Kleinkind,Urlaub_Aktivitäten_Kinder,Autismus_Reisespiele,Flugzeug_Spiele_Familie,Lernolotl,Spielkarten_Familie_Reise,ADHS_Warten_Spiele,Familienspiele_ohne_Material",,https://i.etsystatic.com/64486107/r/il/dbd1e8/8096782798/il_fullxfull.8096782798_sect.jpg,https://i.etsystatic.com/64486107/r/il/d52112/8139355323/il_fullxfull.8139355323_jh66.jpg,https://i.etsystatic.com/64486107/r/il/b705ac/8091448230/il_fullxfull.8091448230_fway.jpg,https://i.etsystatic.com/64486107/r/il/d4bdc3/8091448244/il_fullxfull.8091448244_2vu2.jpg,https://i.etsystatic.com/64486107/r/il/521d7a/8139355435/il_fullxfull.8139355435_du10.jpg,,,,,,,,,,,,,,,
"Draußen Spiele Kleinkind PDF – Lernolotl Spielezeit | 20 kooperative Naturspiele ab 1 Jahr Garten Park Frühling Sommer Familie","🌿 Lernolotl macht die Natur zum Spielfeld — 20 kooperative Draußen-Spiele für Garten, Park, Spielplatz und Wiese

Die Natur ist der beste Spielplatz. Aber manchmal braucht man eine Idee, um loszulegen.

Dieses Heft ändert das. Ab heute.

20 kooperative Spielkarten für draußen — kein Gewinner, kein Verlierer, alle spielen zusammen. Für Kinder ab 1 Jahr. Stöcke, Steine, Kreide, Grashalme — mehr braucht ihr nicht.

---

FÜR WEN IST DIESES HEFT?

✔ Für Familien mit Kindern ab 1 Jahr, die die Zeit draußen sinnvoll gestalten möchten
✔ Für Kleinkinder und Vorschulkinder, die Natur mit allen Sinnen erleben sollen
✔ Für Kinder mit Autismus, ADHS oder sensorischer Empfindlichkeit, die strukturierte Naturerlebnisse brauchen
✔ Für alle, die nach Ideen suchen, die ohne Vorbereitung und ohne Spielzeugkauf sofort funktionieren

---

20 SPIELE — ALLES WAS IHR BRAUCHT IST NATUR

Entdecken & Forschen:
Naturschatz-Rallye · Blätterorchester · Geräusche-Landkarte · Windmesser · Sonnenuhrzeiger

Bewegen & Balancieren:
Schattenwettlauf · Kreide-Parcours · Balancierbalken-Zug · Kooperatives Weitspringen · Kriechparcours

Spielen & Kooperieren:
Riesen-Schnecke · Wer bin ich? Tier-Pantomime · Versteckter Stein · Riesenblume · Tiergeräusche-Chor

Bauen & Gestalten:
Insektenhotel bauen · Steinturm · Naturland-Kunst

Staunen & Innehalten:
Wolken-Geschichten · Barfuß-Pfad

---

WAS MACHT DIESES HEFT BESONDERS?

Jede Spielseite enthält:
→ Ein professionell illustriertes Bild mit Lernolotl, dem kawaii Axolotl mit der runden Brille
→ Eine klare Schritt-für-Schritt-Anleitung — sofort spielbereit
→ Icons auf einen Blick: Ab welchem Alter · Mitspieler-Anzahl · Was ihr braucht · Wie lange
→ Einen „Warum dieses Spiel?""-Hinweis — die pädagogische Erklärung für Neugierige

Alle Spiele sind kooperativ — kein Kind verliert, alle gewinnen zusammen.
Fast alle Spiele brauchen nichts außer dem, was die Natur gerade anbietet: Stöcke, Steine, Blätter, Kreide.

---

FÜR ALLE JAHRESZEITEN — NICHT NUR SOMMER

Frühling: Insektenhotel bauen, Naturschatz-Rallye, Blätterorchester
Sommer: Schattenwettlauf, Barfuß-Pfad, Kreide-Parcours, Kooperatives Weitspringen
Herbst: Steinturm, Naturland-Kunst, Geräusche-Landkarte
Das Heft passt in Rucksack, Wickeltasche oder Fahrradkorb — immer dabei!

---

BESONDERS GEEIGNET FÜR NEURODIVERGENTE KINDER

Die Natur bietet unzählige sensorische Reize — aber ohne Struktur kann das für Kinder mit Autismus oder sensorischer Empfindlichkeit überwältigend sein. Dieses Heft gibt jedem Ausflug eine klare Form: Wir machen jetzt dieses Spiel, in diesen 4 Schritten. Das macht den Unterschied. Spiele wie „Barfuß-Pfad"", „Geräusche-Landkarte"" oder „Blätterorchester"" sind gezielt für sensorische Förderung in der Natur geeignet. Das Heft kann auch in der Frühförderung, Ergotherapie oder in inklusiven Kita-Gruppen eingesetzt werden.

---

WAS DU BEKOMMST:
- 1 druckfertige PDF-Datei (A4, 22 Seiten)
- Deckblatt · Einleitungsseite mit Nutzungshinweis
- 20 vollständig illustrierte Spielkarten
- Sofort nach dem Kauf als Download verfügbar
- Ohne Wasserzeichen
- Für den persönlichen oder pädagogischen Gebrauch

NUTZUNGSHINWEIS: Ausschließlich für persönlichen und pädagogischen Gebrauch. Keine Weitergabe oder Weiterverkauf.

Über Lernolotl: Lernolotl ist ein kindgerechter Lernbegleiter, entwickelt von einer Grundschullehrerin mit inklusiver Praxis und einem Intensivpflegekraft-Vater — aus echter Familienerfahrung und pädagogischer Expertise. Alle Materialien entstehen mit Herzblut und dem Ziel, Kinder wirklich zu stärken — nicht zu belasten.

Auch erhältlich: Heft 1 (Badewanne & Planschbecken) und Heft 2 (Drinnen-Spiele).
Weitere Materialien, Begleitgeschichten und kostenlose Downloads findest du auf lernolotl.de",3.35,EUR,999,"Draußen_Spiele_Kleinkind,Naturspiele_Kinder_PDF,Outdoor_Spielideen_Familie,Kooperative_Spiele_Natur,Spielkarten_Garten_Kind,Naturpädagogik_Kleinkind,Sommer_Aktivitäten_Kinder,Autismus_Naturspiele,Sensorik_Natur_Förderung,Lernolotl,Spielkarten_Familie_draußen,ADHS_Kind_Outdoor,Familienspiele_Natur_ab_1J",,https://i.etsystatic.com/64486107/r/il/6d06fc/8089585616/il_fullxfull.8089585616_sm5a.jpg,https://i.etsystatic.com/64486107/r/il/7227be/8089583362/il_fullxfull.8089583362_2680.jpg,https://i.etsystatic.com/64486107/r/il/172859/8137491505/il_fullxfull.8137491505_4uz5.jpg,https://i.etsystatic.com/64486107/r/il/7b5a4f/8137491527/il_fullxfull.8137491527_b63e.jpg,https://i.etsystatic.com/64486107/r/il/21c292/8137491537/il_fullxfull.8137491537_pgtc.jpg,,,,,,,,,,,,,,,
"Drinnen Spiele Kleinkind PDF – Lernolotl Spielezeit | 20 kooperative Spielideen für Zuhause ab 1 Jahr Regentag Kind Familie","Lernolotl macht den Regentag zum Abenteuer — 20 kooperative Drinnen-Spiele für Wohnzimmer, Flur und Küche

Draußen regnet es. Drinnen ist Langeweile.

Dieses Heft ändert das. Ab heute.

20 kooperative Spielkarten für Kissen, Decken, Becher und Stimme — kein Gewinner, kein Verlierer, alle spielen zusammen. Für Kinder ab 1 Jahr. Ohne Vorbereitung, ohne Spielzeugkauf.

---

FÜR WEN IST DIESES HEFT?

✔ Für Familien mit Kindern ab 1 Jahr, die den nächsten Regentag entspannt angehen möchten
✔ Für Kleinkinder und Vorschulkinder, die kooperatives Spiel erleben sollen
✔ Für Kinder mit Autismus, ADHS oder sensorischer Empfindlichkeit, die klare Spielanleitungen brauchen
✔ Für alle, die nach Ideen suchen, die sofort funktionieren — nur mit dem, was zu Hause ist

---

20 SPIELE — ALLES WAS IHR BRAUCHT SIND KISSEN, DECKEN UND IDEEN

Bewegen & Bauen:
 Kissenlandschaft · Kissenturm für alle · Höhle bauen · Schatzinsel Sofa

Kooperieren & Reagieren:
Deckenparachute · Riesenblase · Zeitungsinsel · Körperpuzzle

Sinne & Wahrnehmung:
Tastbox · Geräuscheraten · Stiller Moment · Flüstertelefon

Bewegen & Spielen:
Tierparade · Stille Post mit Bewegung · Roboter und Steuerer · Geburtstagszug

Rollenspiel & Fantasie:
Lernolotls Expedition · Heiße Schokolade liefern · Spiegel · Wer fehlt?

---

WAS MACHT DIESES HEFT BESONDERS?

Jede Spielseite enthält:
→ Ein professionell illustriertes Bild mit Lernolotl, dem kawaii Axolotl mit der runden Brille
→ Eine klare Schritt-für-Schritt-Anleitung — sofort spielbereit
→ Icons auf einen Blick: Ab welchem Alter · Mitspieler-Anzahl · Was ihr braucht · Wie lange
→ Einen „Warum dieses Spiel?""-Hinweis — die pädagogische Erklärung für Neugierige

Alle Spiele sind kooperativ — kein Kind verliert, alle gewinnen zusammen.
Kein einziges Spiel braucht extra Spielzeug: Kissen, Decken, Becher, Papier, Stimme — mehr nicht.

---

BESONDERS GEEIGNET FÜR NEURODIVERGENTE KINDER

Klare Schrittanleitungen, vorhersehbare Abläufe, keine Wettkampfsituation — dieses Format ist bewusst so gestaltet, dass Kinder mit Autismus oder ADHS sich sicher und wohl fühlen können. Viele Spiele (Tastbox, Geräuscheraten, Stiller Moment) sind außerdem ideal für sensorische Förderung. Das Heft kann auch in der Frühförderung, Ergotherapie oder im inklusiven Unterricht eingesetzt werden.

---

WAS DU BEKOMMST:
- 1 druckfertige PDF-Datei (A4, 22 Seiten)
- Deckblatt · Einleitungsseite mit Nutzungshinweis
- 20 vollständig illustrierte Spielkarten
- Sofort nach dem Kauf als Download verfügbar
- Ohne Wasserzeichen
- Für den persönlichen oder pädagogischen Gebrauch

NUTZUNGSHINWEIS: Ausschließlich für persönlichen und pädagogischen Gebrauch. Keine Weitergabe oder Weiterverkauf.

Über Lernolotl: Lernolotl ist ein kindgerechter Lernbegleiter, entwickelt von einer Grundschullehrerin mit inklusiver Praxis und einem Intensivpflegekraft-Vater — aus echter Familienerfahrung und pädagogischer Expertise. Alle Materialien entstehen mit Herzblut und dem Ziel, Kinder wirklich zu stärken — nicht zu belasten.

Auch erhältlich: Heft 1 (Badewanne & Planschbecken) und weitere Spielezeit-Hefte.
Weitere Materialien, Begleitgeschichten und kostenlose Downloads findest du auf lernolotl.de",3.34,EUR,999,"Drinnen_Spiele_Kleinkind,Spielideen_Regentag_Kind,Kooperative_Spiele_Kind_PDF,Spielkarten_Kinder_Zuhause,Kissen_Spiele_Familie,Kleinkind_Spielideen_drinnen,Aktivitäten_Kinder_Zuhause,Autismus_Spielideen,Sensorik_Förderung_Kind,Lernolotl,Spielkarten_Familie,ADHS_Kind_Spiel,Familienspiele_ab_1_Jahr",,https://i.etsystatic.com/64486107/r/il/8264f6/8133470623/il_fullxfull.8133470623_phaj.jpg,https://i.etsystatic.com/64486107/r/il/43df83/8085553036/il_fullxfull.8085553036_hjy3.jpg,https://i.etsystatic.com/64486107/r/il/3da52a/8133463841/il_fullxfull.8133463841_4u1v.jpg,https://i.etsystatic.com/64486107/r/il/7ddab0/8085553054/il_fullxfull.8085553054_eozu.jpg,https://i.etsystatic.com/64486107/r/il/12ae9f/8085553064/il_fullxfull.8085553064_pg3o.jpg,,,,,,,,,,,,,,,
"Badewanne Spiele Kleinkind PDF – Lernolotl Spielezeit | 20 kooperative Wasserspiele ab 1 Jahr Planschbecken Sommer Kind Familie","Lernolotl macht die Badewanne zum Spielfeld — 20 kooperative Wasserspiele für drinnen und draußen

Wie oft endet die Badezeit in Langeweile — oder im Streit, wer gewinnt?

Dieses Heft ändert das. Ab heute.

20 kooperative Spielkarten für Badewanne und Planschbecken — kein Gewinner, kein Verlierer, alle spielen zusammen. Für Kinder ab 1 Jahr. Einfach aufschlagen und loslegen.

---

FÜR WEN IST DIESES HEFT?

✔ Für Familien mit Kindern ab 1 Jahr, die die Badezeit sinnvoll gestalten möchten
✔ Für Kleinkinder und Vorschulkinder, die kooperatives Spiel erleben sollen
✔ Für Kinder mit Autismus, ADHS oder sensorischer Empfindlichkeit, die klare Spielanleitungen brauchen
✔ Für alle, die nach Ideen suchen, die ohne Vorbereitung und ohne Spielzeugkauf funktionieren

---

20 SPIELE — ALLES WAS IHR BRAUCHT IST WASSER

Entdecken & Forschen:
Wer sinkt? Wer schwimmt? · Wasserturm · Regen für die Blumen · Wasserrad-Rennen

Suchen & Fühlen:
 Lernolotls Schatzsuche · Rettungsaktion · Wer bin ich? (Wasserversion)

Bauen & Bewegen:
 Becher-Kette · Tauchwettbewerb · Wellenmaschine

Singen & Spielen:
Regentanz · Das singende Wasser · Spritzbild-Wettbewerb

Zählen & Denken:
Blasenrennen · Wassermalerei · Schneckentempo

Entspannen & Innehalten:
Stiller See · Wellenmassage · Wasser-Memory · Gute-Nacht-Runde

---

WAS MACHT DIESES HEFT BESONDERS?

Jede Spielseite enthält:
→ Ein professionell illustriertes Bild mit Lernolotl, dem kawaii Axolotl mit der runden Brille
→ Eine klare Schritt-für-Schritt-Anleitung — sofort spielbereit
→ Icons auf einen Blick: Ab welchem Alter · Mitspieler-Anzahl · Was ihr braucht · Wie lange
→ Einen „Warum dieses Spiel?""-Hinweis — die pädagogische Erklärung für Neugierige

Alle Spiele sind kooperativ — kein Kind verliert, alle gewinnen zusammen.
Die meisten Spiele brauchen nichts außer dem, was ihr schon habt: Becher, Spielzeuge, Wasser.

---

BESONDERS GEEIGNET FÜR NEURODIVERGENTE KINDER

Klare Schrittanleitungen, vorhersehbare Abläufe, keine Wettkampfsituation — dieses Format ist bewusst so gestaltet, dass Kinder mit Autismus oder ADHS sich sicher und wohl fühlen können. Das Wasser als sensorisches Element macht viele Spiele besonders reizvoll für Kinder mit sensorischem Förderbedarf.

---

WAS DU BEKOMMST:
- 1 druckfertige PDF-Datei (A4, 22 Seiten)
- Deckblatt · Einleitungsseite mit Nutzungshinweis
- 20 vollständig illustrierte Spielkarten
- Sofort nach dem Kauf als Download verfügbar
- Ohne Wasserzeichen
- Für den persönlichen oder pädagogischen Gebrauch

NUTZUNGSHINWEIS: Ausschließlich für persönlichen und pädagogischen Gebrauch. Keine Weitergabe oder Weiterverkauf.

Über Lernolotl: Lernolotl ist ein kindgerechter Lernbegleiter, entwickelt von einer Grundschullehrerin mit inklusiver Praxis und einem Intensivpflegekraft-Vater — aus echter Familienerfahrung mit 2 Kindern, wovon eines selber ADHS und Autismus hat und pädagogischer Expertise. Alle Materialien entstehen mit Herzblut und dem Ziel, Kinder wirklich zu stärken — nicht zu belasten.

Weitere Materialien, Begleitgeschichten und kostenlose Downloads findest du auf lernolotl.de",3.34,EUR,999,"Badewanne_Spiele_Kind,Wasserspiele_Kleinkind,Planschbecken_Spiele_PDF,Kooperative_Spiele_Kind,Spielideen_Badewanne,Kleinkind_Spielkarten,Sommer_Aktivitäten_Kind,Autismus_Spielideen,Sensorik_Förderung,Lernolotl,Spielkarten_Familie,ADHS_Kind_Spiel,Badespiele_ab_1_Jahr",,https://i.etsystatic.com/64486107/r/il/1bb462/8128974359/il_fullxfull.8128974359_gxbj.jpg,https://i.etsystatic.com/64486107/r/il/30b47f/8081057116/il_fullxfull.8081057116_qq1x.jpg,https://i.etsystatic.com/64486107/r/il/5b0201/8081057118/il_fullxfull.8081057118_h72n.jpg,https://i.etsystatic.com/64486107/r/il/3cd779/8081057128/il_fullxfull.8081057128_thx4.jpg,https://i.etsystatic.com/64486107/r/il/b2cf07/8128974713/il_fullxfull.8128974713_tbyg.jpg,,,,,,,,,,,,,,,
"Schulstart Bundle PDF – Schulstarter-Heft + Begleitgeschichte | Lernolotl Einschulung Vorschule Autismus ADHS Grundschullehrerin Sparpaket","🌿 Alles, was dein Kind für den Schulstart braucht — in einem Download.

Motorisch vorbereitet. Emotional vorbereitet. Schulbereit.

Dieses Bundle vereint zwei aufeinander abgestimmte Lernolotl-Materialien, die gemeinsam mehr leisten als jedes für sich:

📘 Das Schulstarter-Heft — 61 Seiten, 7 Lernbereiche, 50 Aufgaben
📖 Die Begleitgeschichte: Lernolotl geht in die Schule

Entwickelt von einer Grundschullehrerin mit inklusiver Erfahrung — zusammen mit einer Intensivpflegekraft und Vater zweier Kinder.

---

WAS IST DRIN?

📘 SCHULSTARTER-HEFT (61 Seiten · 50 Aufgabenblätter)

Das Heft bereitet Kinder in 7 Bereichen spielerisch auf den Schulalltag vor:

Kapitel 1 · Grobmotorik — Ball fangen, Balancieren, Hüpfen, Seilspringen
Kapitel 2 · Feinmotorik — Linien nachfahren, Muster, Ausmalen, Buchstaben-Spuren
Kapitel 3 · Visuelle Wahrnehmung — Labyrinthe, Fehler suchen, Wimmelbild
Kapitel 4 · Zahlen & Mengen — Zählen bis 10, Würfelbilder, Zahlen nachspuren
Kapitel 5 · Sprache & Laute — Reime, Silben, Anlaute, Buchstaben erkennen
Kapitel 6 · Gefühle — Emotionen erkennen, Wut-Plan, Stärken-Stern, Ruhiger Ort
Kapitel 7 · Schulalltag — Schulranzen packen, Uhr lesen, Um Hilfe bitten, Erster Schultag

Jedes Blatt enthält: eine Lernolotl-Illustration · eine kindgerechte Aufgabe · einen pädagogischen Hinweis für Erwachsene mit Differenzierungstipps

📖 BEGLEITGESCHICHTE: LERNOLOTL GEHT IN DIE SCHULE

Eine strukturierte Bildgeschichte, die Kindern zeigt, was sie am ersten Schultag erwartet — bevor es so weit ist. Situationen, Gefühle und Strategien werden sichtbar gemacht. Besonders wertvoll für Kinder, die neue Situationen schwerer verarbeiten.

---

FÜR WEN IST DIESES BUNDLE?

✔ Kinder ab 4 Jahren im letzten Kita-Jahr oder kurz vor der Einschulung
✔ Erstklässler zur Festigung in den ersten Wochen
✔ Kinder mit Autismus, ADHS oder sensorischer Empfindlichkeit (★ Seiten)
✔ Eltern, die gezielt und spielerisch begleiten möchten
✔ Lehrkräfte, Erzieher:innen, Therapeut:innen und Frühförderstellen

---

BESONDERS FÜR NEURODIVERGENTE KINDER

Blätter mit ★ sind speziell optimiert für Kinder mit Autismus, ADHS oder sensorischer Empfindlichkeit — mit expliziten Strategien, klarer Struktur und konkreten Differenzierungshinweisen auf jeder Seite.

Die Begleitgeschichte hilft, den ersten Schultag kognitiv vorwegzunehmen — ein besonders wirksames Mittel zur Angstreduktion bei Kindern mit Autismus.

---

WAS DU BEKOMMST:

- 2 druckfertige PDF-Dateien (sofort nach Kauf verfügbar)
- Schulstarter-Heft: A4, 61 Seiten, 50 Aufgabenblätter + Diplom
- Begleitgeschichte: A4, strukturierte Bildgeschichte mit Situationen & Strategien
- Ohne Wasserzeichen
- Für den persönlichen und pädagogischen Gebrauch

NUTZUNGSHINWEIS: Ausschließlich für persönlichen und pädagogischen Gebrauch. Keine Weitergabe oder Weiterverkauf.

---

Über Lernolotl: Lernolotl ist ein kindgerechter Lernbegleiter, entwickelt von einer Grundschullehrerin mit inklusiver Praxis und einem Intensivpflegekraft-Vater — aus echter Familienerfahrung und pädagogischer Expertise.

Weitere Materialien, Begleitgeschichten und kostenlose Downloads findest du auf lernolotl.de",8.39,EUR,999,"Schulstart_Bundle_PDF,Einschulung_Vorbereitung,Schulvorbereitung_Sparpaket,Autismus_Schule,ADHS_Vorschule,Begleitgeschichte_Schule,Schulstarter_Heft,Neurodivergenz_Kind,Grundschullehrerin,Lernolotl,Vorschule_Arbeitsblätter,Feinmotorik_Übungen,Schulanfang_Kind",,https://i.etsystatic.com/64486107/r/il/b5d9b8/8114582543/il_fullxfull.8114582543_a6s1.jpg,https://i.etsystatic.com/64486107/r/il/da5a6d/8114582901/il_fullxfull.8114582901_ghk2.jpg,https://i.etsystatic.com/64486107/r/il/b30901/8066661914/il_fullxfull.8066661914_r2fv.jpg,https://i.etsystatic.com/64486107/r/il/fa12b0/8066663384/il_fullxfull.8066663384_ehc8.jpg,https://i.etsystatic.com/64486107/r/il/6a7e53/8066663396/il_fullxfull.8066663396_6qf8.jpg,https://i.etsystatic.com/64486107/r/il/f1a389/8114584401/il_fullxfull.8114584401_cxes.jpg,https://i.etsystatic.com/64486107/r/il/435733/8066663400/il_fullxfull.8066663400_crti.jpg,https://i.etsystatic.com/64486107/r/il/9d39d5/8066667518/il_fullxfull.8066667518_5l40.jpg,https://i.etsystatic.com/64486107/r/il/00a622/8114595937/il_fullxfull.8114595937_lmna.jpg,https://i.etsystatic.com/64486107/r/il/755ed5/8066675108/il_fullxfull.8066675108_qdvf.jpg,,,,,,,,,,
"Schulvorbereitung Heft PDF – Lernolotl Schulstarter | 50 Aufgaben Vorschule Autismus ADHS Feinmotorik Zahlen Sprache Gefühle Inklusiv","Lernolotl macht sich bereit — Das Schulstarter-Heft für alle Kinder

Dein Kind soll im Herbst in die Schule — und du fragst dich: Ist es wirklich bereit? Nicht nur beim ABC und Zählen, sondern auch beim Sitzen, Zuhören, Warten, Gefühle regulieren, um Hilfe bitten?

Dieses Heft löst genau dieses Problem.

Entwickelt von einer Grundschullehrerin mit inklusiver Erfahrung — zusammen mit einer Intensivpflegekraft und Vater zweier Kinder. Kein Theorieheft. Kein Druck. Sondern 50 spielerisch aufgebaute Aufgabenblätter, die Kinder wirklich auf den Schulalltag vorbereiten — motorisch, kognitiv, emotional und praktisch.

---

FÜR WEN IST DIESES HEFT?

✔ Für Kinder ab 4 Jahren im letzten Kita-Jahr, kurz vor der Einschulung oder in Klasse 1
✔ Für Kinder mit Autismus, ADHS oder sensorischer Empfindlichkeit (★ markierte Seiten)
✔ Für Kinder mit Entwicklungsunterschieden, die mehr Struktur und Wiederholung brauchen
✔ Für alle Eltern, die gezielt und spielerisch begleiten möchten — ohne Pädagogikstudium

---

7 LERNBEREICHE — 50 AUFGABEN — EIN HEFT

Kapitel 1 · Mein Körper bewegt sich (Grobmotorik)
Ball fangen · Einbeinstand · Linien laufen · Hüpfen · Rückwärts gehen · Krabbeln · Werfen · Balancieren · Hampelmann · Seilspringen

Kapitel 2 · Meine Hände können viel (Feinmotorik)
Linien nachfahren · Muster fortführen · Lernolotl ausmalen · Punkte verbinden · Details ausmalen · Schnittlinien · Buchstaben-Spuren

Kapitel 3 · Ich sehe genau hin (Visuelle Wahrnehmung)
Gleich oder anders · Schatten finden · Labyrinth leicht · Fehler suchen · Wimmelbild · Labyrinth mittel · Muster zuordnen

Kapitel 4 · Zahlen und Mengen (Mathe-Grundlagen)
Zählen bis 5 · Mengen anmalen · Mehr oder weniger · Zählen bis 10 · Würfelbild erkennen · Zahlen nachspuren · Reihen fortführen

Kapitel 5 · Sprache und Laute (Phonologische Bewusstheit)
Reime erkennen · Silben klatschen · Anlaut hören · Bilder sortieren · Buchstaben erkennen · Erstes Wort abschreiben

Kapitel 6 · Ich kenne meine Gefühle (Sozio-emotional)
Gefühle erkennen · Körpersignale · Was hilft mir · Mein Wut-Plan · Stärken-Stern · Mein ruhiger Ort

Kapitel 7 · So bin ich bereit für die Schule (Alltagskompetenzen)
Schulranzen packen · Anziehen in Reihenfolge · Wetter & Kleidung · Mein Schultag · Uhr lesen · Um Hilfe fragen · Erster Schultag

---

WAS MACHT DIESES HEFT BESONDERS?

Jedes einzelne Aufgabenblatt enthält:
→ Ein professionell illustriertes Bild mit Lernolotl, dem freundlichen Axolotl mit der runden Brille
→ Eine klare Aufgabe in kindgerechter Sprache
→ Einen pädagogischen Hinweis ""Für Eltern & Fachkräfte"" — Was wird gefördert? Wie differenziere ich?
→ Konkrete Differenzierungshinweise: leichter / schwerer / bei Autismus / bei ADHS

Außerdem enthalten: ein vollständiges Diplom zum Ausdrucken und Ausfüllen — als krönender Abschluss.

---

WARUM DIESE 7 BEREICHE?

Schulfähigkeit entsteht nicht durch frühes Lesen- oder Schreibenlernen. Sie entsteht durch ein starkes Fundament: Bewegung, Feinmotorik, Wahrnehmung, Zahlen, Sprache, Gefühle und Alltagsroutinen — alle sieben Bereiche zusammen machen Kinder wirklich bereit. Die Auswahl basiert auf aktuellen entwicklungspsychologischen Erkenntnissen und dem Alltag einer inklusiven Grundschulklasse.

---

BESONDERS FÜR NEURODIVERGENTE KINDER

Blätter mit ★ sind speziell optimiert für Kinder mit Autismus, ADHS oder sensorischer Empfindlichkeit — mit expliziten Strategien, klarer Struktur und konkreten Differenzierungshinweisen. Alle anderen Blätter sind selbstverständlich ebenso für alle Kinder wertvoll.

---

WAS DU BEKOMMST:
- 1 druckfertige PDF-Datei (A4, 61 Seiten)
- Deckblatt · Vorwort für Erwachsene · Inhaltsverzeichnis
- 7 Kapiteltrennseiten · 50 Aufgabenblätter · 1 Diplom
- Sofort nach dem Kauf als Download verfügbar
- Ohne Wasserzeichen
- Für den persönlichen oder pädagogischen Gebrauch

NUTZUNGSHINWEIS: Ausschließlich für persönlichen und pädagogischen Gebrauch. Keine Weitergabe oder Weiterverkauf.

Über Lernolotl: Lernolotl ist ein kindgerechter Lernbegleiter, entwickelt von einer Grundschullehrerin mit inklusiver Praxis und einem Intensivpflegekraft-Vater — aus echter Familienerfahrung und pädagogischer Expertise. Alle Materialien entstehen mit Herzblut und dem Ziel, Kinder wirklich zu stärken — nicht zu belasten.

Weitere Materialien, Begleitgeschichten und kostenlose Downloads findest du auf lernolotl.de",6.69,EUR,999,"Schulvorbereitung_PDF,Vorschule_Arbeitsblätter,Schulstart_Kind,Autismus_Schule,ADHS_Vorschule,Einschulung_Vorbereitung,Feinmotorik_Übungen,Neurodivergenz_Kind,Inklusion_Grundschule,Lernolotl,Phonologische_Bewusstheit,Gefühle_Kinder,Fördermaterial_Vorschule",,https://i.etsystatic.com/64486107/r/il/2c9775/8066406630/il_fullxfull.8066406630_tpd3.jpg,https://i.etsystatic.com/64486107/r/il/2fe421/8066406512/il_fullxfull.8066406512_pxhj.jpg,https://i.etsystatic.com/64486107/r/il/1640fa/8114326131/il_fullxfull.8114326131_ofcn.jpg,https://i.etsystatic.com/64486107/r/il/e3f2a6/8066406414/il_fullxfull.8066406414_2oh4.jpg,https://i.etsystatic.com/64486107/r/il/b20b0f/8114326045/il_fullxfull.8114326045_k4w2.jpg,https://i.etsystatic.com/64486107/r/il/4756b3/8066406412/il_fullxfull.8066406412_85ck.jpg,https://i.etsystatic.com/64486107/r/il/1dcfcd/8066406408/il_fullxfull.8066406408_lolr.jpg,https://i.etsystatic.com/64486107/r/il/500995/8066406402/il_fullxfull.8066406402_39u8.jpg,https://i.etsystatic.com/64486107/r/il/c9ce3a/8066406424/il_fullxfull.8066406424_n7yv.jpg,https://i.etsystatic.com/64486107/r/il/9cac29/8114326027/il_fullxfull.8114326027_1s9z.jpg,,,,,,,,,,
